timestamp,status,direction,grade,trend,pullback,rejection,volume,open_interest,poc,vah,val,long_blocked,short_blocked,bar_start,current_price,open,high,low,bar_volume,sma20_volume,elapsed_seconds,ema_10,vwap,ema_slope,engine_version
2026-08-06T10:00:12.121875+05:30,WAIT,Neutral,Ignore,Unknown,None,None,Low,Falling,Above,Below,Above,,,2026-08-06T09:55:00+05:30,,58054.8,58054.8,58002,6510,8467.5,300.0,57981.86133870158,57982.17636859536,,9ab0b543
2026-08-06T10:00:13.063911+05:30,WAIT,Neutral,Ignore,Unknown,None,None,Unknown,Flat,Above,Below,Above,,,2026-08-06T10:00:00+05:30,58000.0,58000.0,58000.0,58000.0,0.0,8467.5,13.063911,57985.15927711948,57982.17636859536,,9ab0b543
2026-08-06T10:00:30.192577+05:30,WAIT,Neutral,Ignore,Unknown,None,Bullish,Low,Flat,Above,Below,Above,,,2026-08-06T10:00:00+05:30,57996,57990.4,57996,57990,90,8512.5,30.192577,57982.55762422691,57981.93779064158,,9ab0b543
2026-08-06T10:00:32.170645+05:30,WAIT,Neutral,Ignore,Unknown,None,None,Low,Flat,Above,Below,Above,,,2026-08-06T10:00:00+05:30,57990.2,57990.4,57996,57990,240,8512.5,32.170645,57981.503078772366,57981.95140655106,,9ab0b543
2026-08-06T10:00:37.170578+05:30,WAIT,Neutral,Ignore,Unknown,None,Bullish,Low,Flat,Above,Below,Above,,,2026-08-06T10:00:00+05:30,57990.8,57990.4,57996,57990,300,8512.5,37.170578,57981.61216968146,57981.95651839014,,9ab0b543
2026-08-06T10:00:39.172939+05:30,WAIT,Neutral,Ignore,Unknown,None,None,Low,Flat,Above,Below,Above,,,2026-08-06T10:00:00+05:30,57990.4,57990.4,57996,57990,330,8512.5,39.172939,57981.53944240873,57981.9589565887,,9ab0b543
2026-08-06T10:00:45.191575+05:30,WAIT,Neutral,Ignore,Unknown,None,Bullish,Low,Flat,Above,Below,Above,,,2026-08-06T10:00:00+05:30,57990.6,57990.4,57996,57990,330,8512.5,45.191575,57981.5758060451,57981.9589565887,,9ab0b543
2026-08-06T10:00:47.185255+05:30,WAIT,Neutral,Ignore,Unknown,Bullish,Bullish,Low,Flat,Above,Below,Above,,,2026-08-06T10:00:00+05:30,57990.6,57990.4,57996,57980.2,810,8512.5,47.184401,57981.5758060451,57981.99886940692,,9ab0b543
2026-08-06T10:00:53.167313+05:30,WAIT,Neutral,Ignore,Unknown,Bearish,Bearish,Low,Flat,Above,Below,Above,,,2026-08-06T10:00:00+05:30,57961.0,57990.4,57996,57961.0,810,8512.5,53.167313,57976.19398786328,57981.99886940692,,9ab0b543
2026-08-06T10:01:14.121313+05:30,WAIT,Neutral,Ignore,Unknown,Bullish,None,Low,Flat,Above,Below,Above,,,2026-08-06T10:00:00+05:30,57985.0,57990.4,57996,57961.0,1320,8512.5,74.121313,57980.55762422691,57981.95179252479,,9ab0b543
2026-08-06T10:01:18.135894+05:30,WAIT,Neutral,Ignore,Unknown,Bearish,Bearish,Low,Flat,Above,Below,Above,,,2026-08-06T10:00:00+05:30,57976.2,57990.4,57996,57961.0,1320,8512.5,78.134892,57978.95762422691,57981.95179252479,,9ab0b543
2026-08-06T10:01:24.142730+05:30,WAIT,Neutral,Ignore,Unknown,Bullish,None,Low,Flat,Above,Below,Above,,,2026-08-06T10:00:00+05:30,57985.0,57990.4,57996,57961.0,1410,8512.5,84.14273,57980.55762422691,57981.94674668953,,9ab0b543
2026-08-06T10:01:26.165735+05:30,WAIT,Neutral,Ignore,Unknown,Bearish,Bearish,Low,Flat,Above,Below,Above,,,2026-08-06T10:00:00+05:30,57976.0,57990.4,57996,57961.0,1680,8512.5,86.165735,57978.92126059055,57981.93405549221,,9ab0b543
2026-08-06T10:01:30.216570+05:30,WAIT,Neutral,Ignore,Neutral,Bearish,Bearish,Low,Flat,Above,Below,Above,,,2026-08-06T10:00:00+05:30,57976.0,57990.4,57996,57961.0,1680,8512.5,90.215574,57978.92126059055,57981.93405549221,-3.636363636360329,9ab0b543
2026-08-06T10:01:44.180400+05:30,WAIT,Neutral,Ignore,Bearish,Bearish,Bearish,Low,Falling,Above,Below,Above,,,2026-08-06T10:00:00+05:30,57964.4,57990.4,57996,57961.0,1740,8512.5,104.1804,57976.812169681456,57981.928850902186,-4.727272727272066,9ab0b543
2026-08-06T10:02:07.238011+05:30,WAIT,Neutral,Ignore,Bearish,Bullish,None,Low,Falling,Above,Below,Above,,,2026-08-06T10:00:00+05:30,57980.2,57990.4,57996,57961.0,1950,8512.5,127.23701,57979.68489695418,57981.90857738603,0.8363636363646947,9ab0b543
2026-08-06T10:02:12.246678+05:30,WAIT,Neutral,Ignore,Neutral,Bullish,None,Low,Falling,Above,Below,Above,,,2026-08-06T10:00:00+05:30,57990.0,57990.4,57996,57961.0,2130,8512.5,132.246678,57981.466715136004,57981.922357838965,2.618181818186713,9ab0b543
2026-08-06T10:02:23.335927+05:30,WAIT,Neutral,Ignore,Neutral,Bullish,Bullish,Low,Falling,Above,Below,Above,,,2026-08-06T10:00:00+05:30,57996.0,57990.4,57996,57961.0,2190,8512.5,143.335927,57982.55762422691,57981.926940898345,3.636363636360329,9ab0b543
2026-08-06T10:02:34.394815+05:30,WAIT,Neutral,Ignore,Bullish,Bullish,Bullish,Low,Falling,Above,Below,Above,,,2026-08-06T10:00:00+05:30,57998.0,57990.4,57998.0,57961.0,2370,8512.5,154.393991,57982.92126059055,57981.95142074955,5.090909090911737,9ab0b543
2026-08-06T10:02:55.461646+05:30,WAIT,Neutral,Ignore,Bullish,Bullish,None,Low,Falling,Above,Below,Above,,,2026-08-06T10:00:00+05:30,57990.0,57990.4,57998.0,57961.0,2790,8512.5,175.461646,57981.466715136004,57981.99663375646,2.145454545454413,9ab0b543
2026-08-06T10:03:04.525162+05:30,WAIT,Neutral,Ignore,Neutral,Bullish,None,Low,Falling,Above,Below,Above,,,2026-08-06T10:00:00+05:30,57981.0,57990.4,57998.0,57961.0,2790,8512.5,184.524369,57979.83035149964,57981.99663375646,0.5090909090868081,9ab0b543
2026-08-06T10:03:11.552415+05:30,WAIT,Neutral,Ignore,Neutral,Bearish,Bearish,Low,Falling,Above,Below,Above,,,2026-08-06T10:00:00+05:30,57977.2,57990.4,57998.0,57961.0,2940,8512.5,191.551407,57979.13944240873,57981.99545539906,-0.5454545454558684,9ab0b543
2026-08-06T10:03:39.684735+05:30,WAIT,Neutral,Ignore,Neutral,Bullish,None,Low,Falling,Above,Below,Above,,,2026-08-06T10:00:00+05:30,57985.0,57990.4,57998.0,57961.0,3150,8512.5,219.684735,57980.55762422691,57981.98511854559,-1.8181818181838025,9ab0b543
2026-08-06T10:03:53.765684+05:30,WAIT,Neutral,Ignore,Neutral,Bearish,Bearish,Low,Falling,Above,Below,Above,,,2026-08-06T10:00:00+05:30,57975.2,57990.4,57998.0,57961.0,3150,8512.5,233.764669,57978.775806045094,57981.98511854559,-3.0545454545426765,9ab0b543
2026-08-06T10:04:02.828170+05:30,WAIT,Neutral,Ignore,Bearish,Bearish,Bearish,Low,Falling,Above,Below,Above,,,2026-08-06T10:00:00+05:30,57965.2,57990.4,57998.0,57961.0,3540,8512.5,242.82817,57976.95762422691,57981.956937441646,-4.509090909094084,9ab0b543
2026-08-06T10:04:19.880882+05:30,WAIT,Neutral,Ignore,Bearish,Bearish,Bearish,Low,Falling,At,Below,Above,,,2026-08-06T10:00:00+05:30,57954.0,57990.4,57998.0,57954.0,3960,8512.5,259.880882,57974.92126059055,57981.86324404762,-3.8181818181838025,9ab0b543
2026-08-06T10:05:01.013576+05:30,WAIT,Neutral,Ignore,Bearish,None,None,Unknown,Flat,At,Below,Above,,,2026-08-06T10:05:00+05:30,57950.2,57950.2,57950.2,57950.2,60.0,8439.0,1.013576,57969.86119668152,57981.73612962963,-8.878245727210015,9ab0b543
2026-08-06T10:05:29.104647+05:30,WAIT,Neutral,Ignore,Bearish,None,None,Unknown,Flat,Above,Below,Above,,,2026-08-06T10:05:00+05:30,57970.0,57950.2,57970.0,57950.2,180.0,8439.0,29.103758,57973.46119668152,57981.70290418054,-1.4600639090276673,9ab0b543
2026-08-06T10:05:30.106700+05:30,WAIT,Neutral,Ignore,Bearish,None,None,Low,Flat,Above,Below,Above,,,2026-08-06T10:05:00+05:30,57970.0,57950.2,57970.0,57950.2,210.0,8439.0,30.102408,57973.46119668152,57981.69965788257,-1.4964275453894516,9ab0b543
2026-08-06T10:05:37.117437+05:30,WAIT,Neutral,Ignore,Bearish,None,None,Low,Flat,At,Below,Above,,,2026-08-06T10:05:00+05:30,57952.6,57950.2,57970.0,57950.2,240.0,8439.0,37.117437,57970.297560317886,57981.69158809392,-4.696427545393817,9ab0b543
2026-08-06T10:06:36.400262+05:30,WAIT,Neutral,Ignore,Bearish,Bearish,Bearish,Low,Flat,At,Below,Above,,volume,2026-08-06T10:05:00+05:30,57950.0,57950.2,57970.0,57950.0,1980.0,8439.0,96.400262,57969.82483304516,57981.19619723435,-3.636363636360329,9ab0b543
2026-08-06T10:06:40.423879+05:30,ENTRY,Short,B,Bearish,Bearish,Bearish,Normal,Flat,At,Below,Above,,,2026-08-06T10:05:00+05:30,57950.0,57950.2,57970.0,57950.0,2880.0,8439.0,100.414986,57969.82483304516,57980.94284425194,-0.4727272727250238,9ab0b543
2026-08-06T10:06:42.409800+05:30,WAIT,Neutral,Ignore,Bearish,None,None,Normal,Flat,At,Below,Above,,,2026-08-06T10:05:00+05:30,57952.4,57950.2,57970.0,57950.0,2880.0,8439.0,102.4098,57970.261196681524,57980.94284425194,0.21818181818525773,9ab0b543
2026-08-06T10:06:43.422307+05:30,WAIT,Neutral,Ignore,Bearish,Bearish,None,Normal,Flat,At,Below,Above,,rejection,2026-08-06T10:05:00+05:30,57950.2,57950.2,57970.0,57950.0,2880.0,8439.0,103.422307,57969.86119668152,57980.94284425194,-0.18181818181619747,9ab0b543
2026-08-06T10:06:56.487279+05:30,WAIT,Neutral,Ignore,Bearish,None,None,Normal,Flat,At,Below,Above,,,2026-08-06T10:05:00+05:30,57955.0,57950.2,57970.0,57950.0,3270.0,8439.0,116.486437,57970.73392395425,57980.836327668374,0.6909090909102815,9ab0b543
2026-08-06T10:07:06.459721+05:30,WAIT,Neutral,Ignore,Bearish,None,None,Normal,Flat,Above,Below,Above,,,2026-08-06T10:05:00+05:30,57963.8,57950.2,57970.0,57950.0,3270.0,8439.0,126.459721,57972.33392395425,57980.836327668374,2.2909090909088263,9ab0b543
2026-08-06T10:07:38.815156+05:30,WAIT,Neutral,Ignore,Unknown,Bullish,Bullish,Low,Flat,Above,Below,Above,,,2026-08-06T10:05:00+05:30,57980.0,57951.6,57980,57950,3330,8446.5,158.810683,57975.487642962515,57980.84805241429,,9ab0b543
2026-08-06T10:07:39.819995+05:30,WAIT,Neutral,Ignore,Unknown,Bullish,Bullish,Low,Rising,Above,Below,Above,,,2026-08-06T10:05:00+05:30,57983.0,57951.6,57983.0,57950,3360,8446.5,159.819995,57976.03309750797,57980.8486316734,,9ab0b543
2026-08-06T10:08:02.970858+05:30,WAIT,Neutral,Ignore,Unknown,Bearish,None,Low,Rising,Above,Below,Above,,,2026-08-06T10:05:00+05:30,57973.0,57951.6,57989.0,57950,3540,8446.5,182.969967,57974.21491568979,57980.84925199319,,9ab0b543
2026-08-06T10:08:06.984763+05:30,WAIT,Neutral,Ignore,Unknown,Bullish,Bullish,Low,Rising,Above,Below,Above,,,2026-08-06T10:05:00+05:30,57975.0,57951.6,57989.0,57950,3540,8446.5,186.984763,57974.57855205343,57980.84925199319,,9ab0b543
2026-08-06T10:08:39.268494+05:30,WAIT,Neutral,Ignore,Neutral,Bullish,Bullish,Low,Rising,Above,Below,Above,,,2026-08-06T10:05:00+05:30,57992.0,57951.6,57992.0,57950,3840,8446.5,219.264595,57977.66946114433,57980.84381309747,2.1818181818161975,9ab0b543
2026-08-06T10:09:14.434028+05:30,WAIT,Neutral,Ignore,Neutral,Bearish,None,Low,Rising,Above,Below,Above,,,2026-08-06T10:05:00+05:30,57973.2,57951.6,57992.0,57950,4380,8446.5,254.432969,57974.25127932615,57980.88830799324,-0.3272727272778866,9ab0b543
2026-08-06T10:09:16.438848+05:30,WAIT,Neutral,Ignore,Neutral,Bullish,Bullish,Low,Rising,Above,Below,Above,,,2026-08-06T10:05:00+05:30,57990.8,57951.6,57992.0,57950,4530,8446.5,256.437992,57977.45127932615,57980.87806783875,2.8000000000029104,9ab0b543
2026-08-06T10:09:27.480820+05:30,WAIT,Neutral,Ignore,Neutral,Bearish,None,Low,Rising,Above,Below,Above,,,2026-08-06T10:05:00+05:30,57973.0,57951.6,57992.0,57950,4620,8446.5,267.48082,57974.21491568979,57980.88103983675,-1.2727272727279342,9ab0b543
2026-08-06T10:09:57.649762+05:30,WAIT,Neutral,Ignore,Neutral,Bullish,Bullish,Low,Rising,Above,Below,Above,,,2026-08-06T10:05:00+05:30,57975.0,57951.6,57992.0,57950,4650,8446.5,297.648916,57974.57855205343,57980.87947489799,-3.0909090909044608,9ab0b543
2026-08-06T10:10:02.646295+05:30,WAIT,Neutral,Ignore,Neutral,None,None,Unknown,Flat,Above,Below,Above,,,2026-08-06T10:10:00+05:30,57975.0,57975.0,57975.0,57975.0,0.0,8502.0,2.646295,57974.6551789528,57980.87947489799,-2.650645827896369,9ab0b543
2026-08-06T10:10:14.680152+05:30,WAIT,Neutral,Ignore,Neutral,Bullish,None,Unknown,Flat,Above,Below,Above,,,2026-08-06T10:10:00+05:30,57985.0,57975.0,57985.0,57975.0,30.0,8502.0,14.680152,57976.473360770986,57980.88057107387,2.222081444837386,9ab0b543
2026-08-06T10:10:30.747550+05:30,WAIT,Neutral,Ignore,Neutral,Bullish,None,Low,Flat,Above,Below,Above,,,2026-08-06T10:10:00+05:30,57990.0,57975.0,57990.0,57975.0,90.0,8502.0,30.742597,57977.382451680074,57980.88488877071,3.1675359902874334,9ab0b543
2026-08-06T10:10:37.776643+05:30,WAIT,Neutral,Ignore,Bullish,Bullish,None,Low,Flat,Above,Below,Above,,,2026-08-06T10:10:00+05:30,57998.0,57975.0,57998.0,57975.0,210.0,8502.0,37.776643,57978.83699713462,57980.89669765383,4.622081444831565,9ab0b543
2026-08-06T10:17:07.295153+05:30,WAIT,Neutral,Ignore,Unknown,None,None,Low,Flat,Above,Below,Above,,,2026-08-06T10:15:00+05:30,58000.2,58027.2,58027.2,57998,450,8371.5,127.289151,57988.282111104134,57982.090284929625,,9ab0b543
2026-08-06T10:18:07.475933+05:30,WAIT,Neutral,Ignore,Neutral,None,None,Low,Flat,Above,Below,Above,,,2026-08-06T10:15:00+05:30,58014.0,58027.2,58027.2,57995.2,1170,8371.5,187.470991,57990.79120201322,57982.24899351757,2.509090909086808,9ab0b543
2026-08-06T10:19:48.082175+05:30,WAIT,Neutral,Ignore,Bullish,None,None,Low,Flat,Above,Below,Above,,,2026-08-06T10:15:00+05:30,58019.0,58027.2,58027.2,57992.0,2490,8371.5,288.081282,57991.700292922316,57982.57314439946,4.909090909095539,9ab0b543
2026-08-06T10:20:01.127001+05:30,WAIT,Neutral,Ignore,Bullish,None,None,Unknown,Flat,Above,Below,Above,,,2026-08-06T10:20:00+05:30,58008.2,58008.2,58008.2,58008.2,0.0,8248.5,1.125949,57993.09362809346,57982.586562131175,6.3024260802412755,9ab0b543
2026-08-06T10:20:26.014641+05:30,WAIT,Neutral,Ignore,Unknown,None,None,Unknown,Flat,Above,Below,Above,,,2026-08-06T10:20:00+05:30,57999.0,57999,57999,57999,30,8257.5,26.012286,57988.8919752009,57982.47964318775,,9ab0b543
2026-08-06T10:20:30.038434+05:30,WAIT,Neutral,Ignore,Unknown,None,None,Low,Flat,Above,Below,Above,,,2026-08-06T10:20:00+05:30,57999.0,57999,57999,57999,30,8257.5,30.038434,57988.8919752009,57982.47964318775,,9ab0b543
2026-08-06T10:21:26.403073+05:30,WAIT,Neutral,Ignore,Neutral,None,None,Low,Flat,Above,Below,Above,,,2026-08-06T10:20:00+05:30,58010.0,57999,58010.0,57999,420,8257.5,86.402079,57990.8919752009,57982.539473242745,2.0,9ab0b543
2026-08-06T10:24:20.966679+05:30,WAIT,Neutral,Ignore,Neutral,None,None,Low,Flat,Above,Rejected,Above,,,2026-08-06T10:20:00+05:30,58037.4,57999,58037.4,57999,2040,8257.5,260.966679,57995.87379338272,57983.102449520025,3.1636363636425813,9ab0b543
2026-08-06T10:24:31.978088+05:30,WAIT,Neutral,Ignore,Bullish,None,None,Low,Flat,Above,Rejected,Above,,,2026-08-06T10:20:00+05:30,58040.0,57999,58040.0,57999,2310,8257.5,271.978088,57996.34652065545,57983.227858971186,4.909090909095539,9ab0b543
2026-08-06T10:24:32.986540+05:30,WAIT,Neutral,Ignore,Bullish,None,None,Low,Flat,Above,Above,Above,,,2026-08-06T10:20:00+05:30,58050.0,57999,58050.0,57999,2520,8257.5,272.98654,57998.16470247363,57983.34343883943,4.545454545455868,9ab0b543
2026-08-06T10:24:36.013678+05:30,WAIT,Neutral,Ignore,Bullish,None,None,Low,Flat,Above,Rejected,Above,,,2026-08-06T10:20:00+05:30,58037.4,57999,58050.0,57999,2670,8257.5,276.013678,57995.87379338272,57983.422639334814,3.1636363636425813,9ab0b543
2026-08-06T10:24:37.024879+05:30,WAIT,Neutral,Ignore,Bullish,None,None,Low,Flat,Above,Above,Above,,,2026-08-06T10:20:00+05:30,58050.0,57999,58050.0,57999,2670,8257.5,277.024879,57998.16470247363,57983.422639334814,5.454545454551408,9ab0b543
2026-08-06T10:24:40.035865+05:30,WAIT,Neutral,Ignore,Bullish,None,None,Low,Flat,Above,Rejected,Above,,,2026-08-06T10:20:00+05:30,58037.6,57999,58050.0,57999,2700,8257.5,280.035865,57995.91015701908,57983.4390781893,3.2000000000043656,9ab0b543
2026-08-06T10:24:43.061361+05:30,WAIT,Neutral,Ignore,Bullish,None,None,Low,Flat,Above,Above,Above,,,2026-08-06T10:20:00+05:30,58049.2,57999,58050.0,57999,2730,8257.5,283.061361,57998.01924792817,57983.452447955235,5.3090909090897185,9ab0b543
2026-08-06T10:24:49.062232+05:30,WAIT,Neutral,Ignore,Bullish,None,None,Low,Falling,Above,Above,Above,,,2026-08-06T10:20:00+05:30,58049.6,57999,58050.0,57999,2790,8257.5,289.062232,57998.0919752009,57983.48499054198,5.381818181820563,9ab0b543
2026-08-06T10:25:02.029139+05:30,WAIT,Neutral,Ignore,Bullish,None,None,Unknown,Flat,Above,Above,Above,,,2026-08-06T10:25:00+05:30,58049.6,58049.6,58049.6,58049.6,0.0,8190.0,2.029139,58007.45707061892,57983.48499054198,14.492368145292858,9ab0b543
2026-08-06T10:25:39.102514+05:30,WAIT,Neutral,Ignore,Bullish,None,None,Unknown,Flat,Above,Below,Above,,,2026-08-06T10:25:00+05:30,58024.8,58049.6,58050.0,58024.8,960.0,8190.0,39.102514,58002.947979709825,57984.00603835169,4.783277236194408,9ab0b543
2026-08-06T10:25:42.076170+05:30,WAIT,Neutral,Ignore,Bullish,None,None,Unknown,Flat,Above,Rejected,Above,,,2026-08-06T10:25:00+05:30,58041.2,58049.6,58050.0,58024.8,1590.0,8190.0,42.075283,58005.929797891644,57984.21867186231,10.019640872560558,9ab0b543
2026-08-06T10:25:52.105896+05:30,WAIT,Neutral,Ignore,Bullish,None,None,Unknown,Flat,Above,Below,Above,,,2026-08-06T10:25:00+05:30,58031.8,58049.6,58050.0,58024.8,1650.0,8190.0,52.105896,58004.22070698255,57984.24305420318,6.128731781653187,9ab0b543
2026-08-06T10:26:18.306231+05:30,WAIT,Neutral,Ignore,Bullish,None,None,Low,Flat,Above,Below,Above,,,2026-08-06T10:25:00+05:30,58031.0,58049.6,58050.0,58024.8,1710.0,8190.0,78.306231,58004.0752524371,57984.26580697486,-3.381818181820563,9ab0b543
2026-08-06T10:26:38.409010+05:30,WAIT,Neutral,Ignore,Neutral,None,None,Low,Flat,Above,Below,Above,,,2026-08-06T10:25:00+05:30,58020.2,58049.6,58050.0,58020.2,1740.0,8190.0,98.40901,58002.11161607346,57984.27693180897,-5.418181818182347,9ab0b543
2026-08-06T10:27:21.627060+05:30,WAIT,Neutral,Ignore,Neutral,None,None,Low,Flat,Above,Rejected,Above,,,2026-08-06T10:25:00+05:30,58041.0,58049.6,58050.0,58020.2,1920.0,8190.0,141.62706,58005.89343425528,57984.34210995061,1.8181818181838025,9ab0b543
2026-08-06T10:27:38.737059+05:30,WAIT,Neutral,Ignore,Bullish,None,None,Low,Flat,Above,Rejected,Above,,,2026-08-06T10:25:00+05:30,58045.0,58049.6,58050.0,58020.2,2100.0,8190.0,158.737059,58006.620706982554,57984.42819953109,4.509090909094084,9ab0b543
2026-08-06T10:27:50.748743+05:30,WAIT,Neutral,Ignore,Bullish,None,None,Low,Flat,Above,Above,Above,,,2026-08-06T10:25:00+05:30,58045.8,58049.6,58050.0,58020.2,2220.0,8190.0,170.748743,58006.76616152801,57984.481721993376,2.5454545454558684,9ab0b543
2026-08-06T10:27:59.691769+05:30,WAIT,Neutral,Ignore,Bullish,None,Bullish,Low,Flat,Above,Above,Above,,,2026-08-06T10:25:00+05:30,58050.0,58049.6,58050.0,58020.2,2490.0,8190.0,179.691769,58007.52979789164,57984.616698903934,3.3090909090897185,9ab0b543
2026-08-06T10:28:03.729274+05:30,WAIT,Neutral,Ignore,Bullish,None,None,Low,Flat,Above,Rejected,Above,,,2026-08-06T10:25:00+05:30,58041.4,58049.6,58050.0,58020.2,2610.0,8190.0,183.729274,58005.966161528006,57984.67571658615,1.745454545452958,9ab0b543
2026-08-06T10:28:05.753095+05:30,WAIT,Neutral,Ignore,Bullish,None,Bullish,Low,Flat,Above,Above,Above,,,2026-08-06T10:25:00+05:30,58051.0,58049.6,58051.0,58020.2,2610.0,8190.0,185.753095,58007.711616073466,57984.67571658615,3.490909090913192,9ab0b543
2026-08-06T10:28:16.699728+05:30,WAIT,Neutral,Ignore,Bullish,None,None,Low,Flat,Above,Rejected,Above,,,2026-08-06T10:25:00+05:30,58044.2,58049.6,58052.0,58020.2,2730.0,8190.0,196.698948,58006.4752524371,57984.73973616474,2.254545454547042,9ab0b543
2026-08-06T10:28:19.715433+05:30,WAIT,Neutral,Ignore,Bullish,None,Bullish,Low,Flat,Above,Above,Above,,,2026-08-06T10:25:00+05:30,58055.0,58049.6,58055.0,58020.2,3000.0,8190.0,199.715433,58008.43888880074,57984.87119351473,4.218181818185258,9ab0b543
2026-08-06T10:28:20.727717+05:30,WAIT,Neutral,Ignore,Bullish,None,None,Low,Flat,Above,Rejected,Above,,,2026-08-06T10:25:00+05:30,58044.6,58049.6,58055.0,58020.2,3000.0,8190.0,200.726609,58006.54797970982,57984.87119351473,2.3272727272706106,9ab0b543
2026-08-06T10:28:21.737503+05:30,WAIT,Neutral,Ignore,Bullish,None,None,Low,Flat,Above,Above,Above,,,2026-08-06T10:25:00+05:30,58047.8,58049.6,58055.0,58020.2,3090.0,8190.0,201.736661,58007.12979789165,57984.91430863009,1.2363636363661499,9ab0b543
2026-08-06T10:28:33.737770+05:30,WAIT,Neutral,Ignore,Bullish,None,Bullish,Low,Flat,Above,Above,Above,,,2026-08-06T10:25:00+05:30,58050.2,58049.6,58055.0,58020.2,3270.0,8190.0,213.73777,58007.56616152801,57985.006407176035,0.9454545454573235,9ab0b543
2026-08-06T10:28:35.771201+05:30,WAIT,Neutral,Ignore,Bullish,None,None,Low,Flat,Above,Rejected,Above,,,2026-08-06T10:25:00+05:30,58045.0,58049.6,58055.0,58020.2,3330.0,8190.0,215.771201,58006.620706982554,57985.03522254243,0.0,9ab0b543
2026-08-06T10:28:36.753038+05:30,WAIT,Neutral,Ignore,Bullish,None,None,Low,Flat,Above,Above,Above,,,2026-08-06T10:25:00+05:30,58049.6,58049.6,58055.0,58020.2,3330.0,8190.0,216.753038,58007.45707061892,57985.03522254243,0.8363636363646947,9ab0b543
2026-08-06T10:28:38.763786+05:30,WAIT,Neutral,Ignore,Bullish,None,Bullish,Low,Flat,Above,Above,Above,,,2026-08-06T10:25:00+05:30,58050.0,58049.6,58055.0,58020.2,3360.0,8190.0,218.763786,58007.52979789164,57985.050724289715,0.9090909090882633,9ab0b543
2026-08-06T10:28:39.773649+05:30,WAIT,Neutral,Ignore,Bullish,None,None,Low,Flat,Above,Rejected,Above,,,2026-08-06T10:25:00+05:30,58045.0,58049.6,58055.0,58020.2,3420.0,8190.0,219.773649,58006.620706982554,57985.07949764019,0.0,9ab0b543
2026-08-06T10:28:42.776572+05:30,WAIT,Neutral,Ignore,Bullish,None,Bullish,Low,Flat,Above,Above,Above,,,2026-08-06T10:25:00+05:30,58050.0,58049.6,58055.0,58020.2,3420.0,8190.0,222.776572,58007.52979789164,57985.07949764019,0.9090909090882633,9ab0b543
2026-08-06T10:28:48.811531+05:30,WAIT,Neutral,Ignore,Bullish,None,None,Low,Flat,Above,Above,Above,,,2026-08-06T10:25:00+05:30,58049.0,58049.6,58055.0,58020.2,3480.0,8190.0,228.811531,58007.347979709826,57985.110642040454,1.9272727272691554,9ab0b543
2026-08-06T10:28:50.817226+05:30,WAIT,Neutral,Ignore,Bullish,None,Bullish,Low,Flat,Above,Above,Above,,,2026-08-06T10:25:00+05:30,58050.0,58049.6,58055.0,58020.2,3540.0,8190.0,230.817226,58007.52979789164,57985.14151682251,0.7636363636338501,9ab0b543
2026-08-06T10:28:54.841569+05:30,WAIT,Neutral,Ignore,Bullish,None,None,Low,Flat,Above,Rejected,Above,,,2026-08-06T10:25:00+05:30,58045.0,58049.6,58055.0,58020.2,3630.0,8190.0,234.841569,58006.620706982554,57985.1857371027,-0.14545454545441316,9ab0b543
2026-08-06T10:28:55.854885+05:30,WAIT,Neutral,Ignore,Bullish,None,None,Low,Flat,Above,Above,Above,,,2026-08-06T10:25:00+05:30,58049.0,58049.6,58055.0,58020.2,3690.0,8190.0,235.854885,58007.347979709826,57985.21629948915,0.0,9ab0b543
2026-08-06T10:28:57.858996+05:30,WAIT,Neutral,Ignore,Bullish,None,Bullish,Low,Flat,Above,Above,Above,,,2026-08-06T10:25:00+05:30,58050.0,58049.6,58055.0,58020.2,3870.0,8190.0,237.858996,58007.52979789164,57985.309245974815,0.18181818181619747,9ab0b543
2026-08-06T10:29:45.918135+05:30,WAIT,Neutral,Ignore,Bullish,None,Bullish,Low,Falling,Above,Above,Above,,,2026-08-06T10:25:00+05:30,58054.4,58049.6,58055.0,58020.2,4590.0,8190.0,285.918135,58008.329797891645,57985.6957362498,0.8000000000029104,9ab0b543
2026-08-06T10:29:49.940461+05:30,WAIT,Neutral,Ignore,Bullish,None,None,Low,Falling,Above,Above,Above,,,2026-08-06T10:25:00+05:30,58045.2,58049.6,58055.0,58020.2,4650.0,8190.0,289.940461,58006.657070618916,57985.72858048162,-0.6909090909102815,9ab0b543
2026-08-06T10:29:53.961960+05:30,WAIT,Neutral,Ignore,Bullish,None,Bullish,Low,Falling,Above,Above,Above,,,2026-08-06T10:25:00+05:30,58055.0,58049.6,58055.0,58020.2,4710.0,8190.0,293.96196,58008.43888880074,57985.75916072843,0.9090909090955392,9ab0b543
2026-08-06T10:30:01.019852+05:30,WAIT,Neutral,Ignore,Bullish,None,None,Unknown,Flat,Above,Above,Above,,,2026-08-06T10:30:00+05:30,58053.6,58055.2,58055.2,58053.6,0.0,8002.5,1.019852,58016.679751993994,57985.792086103196,8.422681375079264,9ab0b543
2026-08-06T10:30:03.038892+05:30,WAIT,Neutral,Ignore,Bullish,None,None,Unknown,Flat,Above,Rejected,Above,,,2026-08-06T10:30:00+05:30,58040.6,58055.2,58055.2,58040.6,30.0,8002.5,3.037756,58014.316115630354,57985.80818102698,6.0590450114395935,9ab0b543
2026-08-06T10:30:07.056212+05:30,WAIT,Neutral,Ignore,Bullish,None,None,Unknown,Flat,Above,Above,Above,,,2026-08-06T10:30:00+05:30,58053.6,58055.2,58055.2,58040.6,90.0,8002.5,7.056212,58016.679751993994,57985.83726374061,8.422681375079264,9ab0b543
2026-08-06T10:30:08.060755+05:30,WAIT,Neutral,Ignore,Bullish,None,Bullish,Unknown,Flat,Above,Above,Above,,,2026-08-06T10:30:00+05:30,58055.4,58055.2,58055.4,58040.6,120.0,8002.5,8.060755,58017.007024721264,57985.85376344086,9.222681375074899,9ab0b543
2026-08-06T10:30:22.196703+05:30,WAIT,Neutral,Ignore,Bullish,None,None,Unknown,Flat,Above,Above,Above,,,2026-08-06T10:30:00+05:30,58045.6,58055.2,58056.4,58040.6,240.0,8002.5,22.196703,58015.22520653944,57985.9205371248,7.295408647798467,9ab0b543
2026-08-06T10:30:25.212114+05:30,WAIT,Neutral,Ignore,Bullish,None,Bullish,Unknown,Flat,Above,Above,Above,,,2026-08-06T10:30:00+05:30,58056.0,58055.2,58056.4,58040.6,360.0,8002.5,25.212114,58017.11611563036,57985.98396464647,9.222681375074899,9ab0b543
2026-08-06T10:30:29.261404+05:30,WAIT,Neutral,Ignore,Bullish,None,None,Unknown,Flat,Above,Above,Above,,,2026-08-06T10:30:00+05:30,58055.0,58055.2,58056.4,58040.6,390.0,8002.5,29.2609,58016.93429744853,57986.00029980276,8.968135920527857,9ab0b543
2026-08-06T10:30:30.274546+05:30,WAIT,Neutral,Ignore,Bullish,None,None,Low,Flat,Above,Above,Above,,,2026-08-06T10:30:00+05:30,58055.0,58055.2,58056.4,58040.6,390.0,8002.5,30.272428,58016.93429744853,57986.00029980276,9.040863193251425,9ab0b543
2026-08-06T10:30:35.280157+05:30,WAIT,Neutral,Ignore,Bullish,None,Bullish,Low,Flat,Above,Above,Above,,,2026-08-06T10:30:00+05:30,58055.8,58055.2,58056.4,58040.6,450.0,8002.5,35.280157,58017.07975199399,57986.033136187994,9.186317738705839,9ab0b543
2026-08-06T10:31:00.294312+05:30,WAIT,Neutral,Ignore,Bullish,None,None,Low,Flat,Above,Above,Above,,,2026-08-06T10:30:00+05:30,58050.4,58055.2,58058.0,58040.6,570.0,8002.5,60.292106,58016.097933812176,57986.10093752462,7.622681375076354,9ab0b543
2026-08-06T10:31:23.464856+05:30,WAIT,Neutral,Ignore,Bullish,None,Bullish,Low,Flat,Above,Above,Above,,,2026-08-06T10:30:00+05:30,58057.8,58055.2,58058.0,58040.6,690.0,8002.5,83.464856,58017.44338835763,57986.16270759544,2.2181818181852577,9ab0b543
2026-08-06T10:32:14.506815+05:30,WAIT,Neutral,Ignore,Bullish,None,None,Low,Flat,Above,Above,Above,,,2026-08-06T10:30:00+05:30,58051.6,58055.2,58058.0,58040.6,1650.0,8002.5,134.506815,58016.316115630354,57986.69699242247,-0.618181818179437,9ab0b543
2026-08-06T10:32:21.589241+05:30,WAIT,Neutral,Ignore,Bullish,None,Bullish,Low,Flat,Above,Above,Above,,,2026-08-06T10:30:00+05:30,58056.8,58055.2,58058.0,58040.6,1710.0,8002.5,141.589241,58017.26157017581,57986.72861716249,0.3272727272778866,9ab0b543
2026-08-06T10:32:47.710272+05:30,WAIT,Neutral,Ignore,Bullish,None,Bullish,Low,Falling,Above,Above,Above,,,2026-08-06T10:30:00+05:30,58065.0,58055.2,58065.0,58040.6,2430.0,8002.5,167.710272,58018.75247926672,57987.1480239149,1.3090909090897185,9ab0b543
2026-08-06T10:33:18.687872+05:30,WAIT,Neutral,Ignore,Bullish,None,Bullish,Normal,Falling,Above,Above,Above,,,2026-08-06T10:30:00+05:30,58074.8,58055.2,58075.0,58040.6,4710.0,8002.5,198.687872,58020.53429744854,57988.56293583581,4.218181818185258,9ab0b543
2026-08-06T10:33:43.742805+05:30,WAIT,Neutral,Ignore,Bullish,None,Bullish,High,Falling,Above,Above,Above,,,2026-08-06T10:30:00+05:30,58085.0,58055.2,58085.0,58040.6,7770.0,8002.5,223.742805,58022.388842903085,57990.65481249534,3.636363636367605,9ab0b543
2026-08-06T10:33:46.743043+05:30,WAIT,Neutral,Ignore,Bullish,None,Bullish,High,Flat,Above,Above,Above,pullback,,2026-08-06T10:30:00+05:30,58084.0,58055.2,58085.0,58040.6,8160.0,8002.5,226.743043,58022.20702472126,57990.92561700862,3.4545454545441316,9ab0b543
2026-08-06T10:34:46.875297+05:30,WAIT,Neutral,Ignore,Bullish,None,Bullish,High,Rising,Above,Above,Above,pullback,,2026-08-06T10:30:00+05:30,58067.8,58055.2,58085.0,58040.6,11640.0,8002.5,286.875297,58019.26157017581,57993.050927536235,-2.9454545454500476,9ab0b543
2026-08-06T10:35:00.897552+05:30,WAIT,Neutral,Ignore,Bullish,None,Bullish,High,Rising,Above,Rejected,Above,,,2026-08-06T10:30:00+05:30,58060.0,58055.2,58085.0,58040.6,12000.0,8262.0,300.0,58017.84338835763,57993.24363978028,-3.8181818181765266,9ab0b543
2026-08-06T10:35:01.885476+05:30,WAIT,Neutral,Ignore,Bullish,None,None,Unknown,Flat,Above,Rejected,Above,,,2026-08-06T10:35:00+05:30,58059.2,58059.2,58059.2,58059.2,90.0,8262.0,1.885476,58025.3627722926,57993.28651498736,3.7012021167975035,9ab0b543
2026-08-06T10:35:09.882369+05:30,WAIT,Neutral,Ignore,Bullish,None,None,Unknown,Flat,At,Below,Above,,,2026-08-06T10:35:00+05:30,58040.2,58059.2,58059.2,58040.2,150.0,8262.0,9.882369,58021.90822683806,57993.313681322645,0.3557475713387248,9ab0b543
2026-08-06T10:35:30.006781+05:30,WAIT,Neutral,Ignore,Bullish,None,None,Low,Flat,At,Below,Above,,,2026-08-06T10:35:00+05:30,58040.2,58059.2,58059.2,58040.2,480.0,8262.0,30.006781,58021.90822683806,57993.43609910688,4.246656662253372,9ab0b543
2026-08-06T10:35:46.922813+05:30,WAIT,Neutral,Ignore,Bullish,None,None,Low,Flat,Below,Below,Above,,,2026-08-06T10:35:00+05:30,58025.4,58059.2,58059.2,58025.4,1020.0,8262.0,46.922813,58019.21731774715,57993.61456449993,-0.04425242866273038,9ab0b543
2026-08-06T10:35:48.945539+05:30,WAIT,Neutral,Ignore,Bullish,None,None,Low,Flat,At,Below,Above,,,2026-08-06T10:35:00+05:30,58035.0,58059.2,58059.2,58025.4,1140.0,8262.0,48.945539,58020.96277229261,57993.643971326164,1.5557475713430904,9ab0b543
2026-08-06T10:35:50.967871+05:30,WAIT,Neutral,Ignore,Bullish,None,None,Low,Flat,Below,Below,Above,,,2026-08-06T10:35:00+05:30,58025.4,58059.2,58059.2,58025.4,1140.0,8262.0,50.96756,58019.21731774715,57993.643971326164,-0.18970697411714355,9ab0b543
2026-08-06T10:35:55.991909+05:30,WAIT,Neutral,Ignore,Bullish,None,None,Low,Flat,At,Below,Above,,,2026-08-06T10:35:00+05:30,58039.0,58059.2,58059.2,58025.2,1230.0,8262.0,55.991909,58021.69004501988,57993.66732573967,2.7921112077092403,9ab0b543
2026-08-06T10:35:58.944507+05:30,WAIT,Neutral,Ignore,Bullish,None,None,Low,Flat,Below,Below,Above,,,2026-08-06T10:35:00+05:30,58025.8,58059.2,58059.2,58025.2,1260.0,8262.0,58.944507,58019.29004501988,57993.674230053,0.5012021168004139,9ab0b543
2026-08-06T10:36:01.953647+05:30,WAIT,Neutral,Ignore,Neutral,None,None,Low,Flat,Below,Below,Above,,,2026-08-06T10:35:00+05:30,58025.8,58059.2,58059.2,58025.2,1260.0,8262.0,61.950229,58019.29004501988,57993.674230053,-6.072727272723569,9ab0b543
2026-08-06T10:36:02.960886+05:30,WAIT,Neutral,Ignore,Neutral,None,None,Low,Flat,At,Below,Above,,,2026-08-06T10:35:00+05:30,58040.0,58059.2,58059.2,58025.2,1380.0,8262.0,62.960886,58021.8718632017,57993.71401173608,-3.490909090905916,9ab0b543
2026-08-06T10:36:08.010239+05:30,WAIT,Neutral,Ignore,Neutral,None,None,Unknown,Flat,At,Below,Above,,,2026-08-06T10:35:00+05:30,58046.4,58059.2,58059.2,58025.2,1620.0,8262.0,68.010239,58023.03549956533,57993.80434347764,-1.745454545452958,9ab0b543
2026-08-06T10:36:11.058376+05:30,WAIT,Neutral,Ignore,Neutral,Bearish,None,Normal,Flat,Below,Below,Above,,,2026-08-06T10:35:00+05:30,58006.8,58059.2,58059.2,58006.8,2220.0,8262.0,71.058376,58015.835499565335,57993.859809361216,-6.072727272723569,9ab0b543
2026-08-06T10:36:13.063882+05:30,WAIT,Neutral,Ignore,Neutral,Bullish,None,Normal,Flat,Below,Below,Above,,,2026-08-06T10:35:00+05:30,58025.4,58059.2,58059.2,58006.8,2220.0,8262.0,73.063882,58019.21731774715,57993.859809361216,-2.6909090909102815,9ab0b543
2026-08-06T10:36:24.087700+05:30,WAIT,Neutral,Ignore,Neutral,Bullish,None,Normal,Flat,At,Below,Above,,,2026-08-06T10:35:00+05:30,58044.0,58059.2,58059.2,58006.8,2310.0,8262.0,84.0877,58022.59913592897,57993.883571479346,0.6909090909102815,9ab0b543
2026-08-06T10:36:48.158410+05:30,WAIT,Neutral,Ignore,Bullish,Bullish,None,Normal,Rising,At,Below,Above,rejection,,2026-08-06T10:35:00+05:30,58050.0,58059.2,58059.2,58006.8,2460.0,8262.0,108.15841,58023.69004501988,57993.938190597924,4.4727272727323,9ab0b543
2026-08-06T10:36:53.198928+05:30,WAIT,Neutral,Ignore,Bullish,Bullish,None,Low,Rising,At,Below,Above,,,2026-08-06T10:35:00+05:30,58050.0,58059.2,58059.2,58006.8,2490.0,8262.0,113.198283,58023.69004501988,57993.9501313454,4.509090909094084,9ab0b543
2026-08-06T10:37:10.209726+05:30,WAIT,Neutral,Ignore,Bullish,Bullish,None,Low,Rising,Above,Rejected,Above,,,2026-08-06T10:35:00+05:30,58058.2,58059.2,58059.2,58006.8,2670.0,8262.0,130.209726,58025.18095411079,57994.02311564915,2.145454545454413,9ab0b543
2026-08-06T10:37:23.316729+05:30,WAIT,Neutral,Ignore,Bullish,Bullish,None,Low,Rising,Above,Below,Above,,,2026-08-06T10:35:00+05:30,58054.4,58059.2,58059.2,58006.8,2670.0,8262.0,143.316729,58024.49004501988,57994.02311564915,5.599999999998545,9ab0b543
2026-08-06T10:37:31.349206+05:30,WAIT,Neutral,Ignore,Bullish,Bullish,None,Low,Rising,Above,Rejected,Above,,,2026-08-06T10:35:00+05:30,58056.0,58059.2,58059.2,58006.8,2760.0,8262.0,151.349206,58024.780954110785,57994.061621315195,2.145454545454413,9ab0b543
2026-08-06T10:37:35.328629+05:30,WAIT,Neutral,Ignore,Bullish,Bullish,None,Low,Rising,At,Below,Above,,,2026-08-06T10:35:00+05:30,58052.2,58059.2,58059.2,58006.8,2760.0,8262.0,155.328629,58024.090045019875,57994.061621315195,1.4545454545441316,9ab0b543
2026-08-06T10:38:45.526118+05:30,WAIT,Neutral,Ignore,Neutral,Bullish,None,Low,Rising,Below,Below,Above,,,2026-08-06T10:35:00+05:30,58025.2,58059.2,58059.2,58006.8,4230.0,8262.0,225.526118,58019.18095411079,57994.63203590715,-4.509090909094084,9ab0b543
2026-08-06T10:38:59.561651+05:30,WAIT,Neutral,Ignore,Neutral,Bullish,None,Low,Rising,At,Below,Above,,,2026-08-06T10:35:00+05:30,58050.2,58059.2,58059.2,58006.8,4290.0,8262.0,239.560949,58023.72640865624,57994.64598668068,-0.0363636363617843,9ab0b543
2026-08-06T10:39:32.682891+05:30,WAIT,Neutral,Ignore,Neutral,Bullish,None,Low,Rising,Above,Rejected,Above,,,2026-08-06T10:35:00+05:30,58056.0,58059.2,58059.2,58006.8,4560.0,8262.0,272.681161,58024.780954110785,57994.741029946825,2.145454545454413,9ab0b543
2026-08-06T10:39:35.675085+05:30,WAIT,Neutral,Ignore,Neutral,Bullish,Bullish,Low,Rising,Above,Rejected,Above,,,2026-08-06T10:35:00+05:30,58060.0,58059.2,58060.0,58006.8,4650.0,8262.0,275.675085,58025.50822683806,57994.7805048598,2.872727272726479,9ab0b543
2026-08-06T10:39:45.706014+05:30,WAIT,Neutral,Ignore,Bullish,Bullish,Bullish,Low,Rising,Above,Rejected,Above,,,2026-08-06T10:35:00+05:30,58065.0,58059.2,58065.0,58006.8,4770.0,8262.0,285.706014,58026.41731774715,57994.83728079368,7.23636363636615,9ab0b543
2026-08-06T10:40:01.719371+05:30,WAIT,Neutral,Ignore,Bullish,None,None,Unknown,Flat,Above,Rejected,Above,,,2026-08-06T10:40:00+05:30,58065.0,58065.0,58065.0,58065.0,0.0,8202.0,1.719371,58033.43235088403,57994.86668063412,10.796851318700647,9ab0b543
2026-08-06T10:40:30.993485+05:30,WAIT,Neutral,Ignore,Bullish,None,None,Low,Flat,Above,Rejected,Above,,,2026-08-06T10:40:00+05:30,58060.2,58065.0,58065.0,58060.2,90.0,8202.0,30.991484,58032.559623611305,57994.908849804575,10.83321495506243,9ab0b543
2026-08-06T10:40:56.755067+05:30,WAIT,Neutral,Ignore,Unknown,None,None,Low,Flat,Above,Rejected,Above,,,2026-08-06T10:40:00+05:30,58060.0,58060.2,58060.2,58056,450,8205.0,56.753065,58028.443292759584,57993.80069589422,,9ab0b543
2026-08-06T10:41:28.805211+05:30,WAIT,Neutral,Ignore,Unknown,None,None,Low,Flat,At,Below,Above,,,2026-08-06T10:40:00+05:30,58039.2,58060.2,58060.2,58039.2,510,8205.0,88.804371,58024.66147457777,57993.81964385086,,9ab0b543
2026-08-06T10:41:57.966271+05:30,WAIT,Neutral,Ignore,Neutral,None,None,Low,Flat,At,Below,Above,,,2026-08-06T10:40:00+05:30,58040.0,58060.2,58060.2,58039.2,630,8205.0,117.966271,58024.806929123224,57993.857659160414,-3.636363636360329,9ab0b543
2026-08-06T10:43:18.338494+05:30,WAIT,Neutral,Ignore,Neutral,None,None,Low,Flat,Above,Rejected,Above,,,2026-08-06T10:40:00+05:30,58058.0,58060.2,58060.2,58039.0,2010,8205.0,198.338494,58028.07965639595,57994.34748726422,3.272727272727934,9ab0b543
2026-08-06T10:43:33.345497+05:30,WAIT,Neutral,Ignore,Neutral,None,None,Low,Flat,At,Below,Above,,,2026-08-06T10:40:00+05:30,58050.0,58060.2,58060.2,58039.0,2040,8205.0,213.345497,58026.62511094141,57994.36063046321,-0.14545454545441316,9ab0b543
2026-08-06T10:43:36.366084+05:30,WAIT,Neutral,Ignore,Neutral,None,None,Low,Flat,Above,Rejected,Above,,,2026-08-06T10:40:00+05:30,58055.0,58060.2,58060.2,58039.0,2250,8205.0,216.365011,58027.534201850496,57994.44608934708,0.7636363636338501,9ab0b543
2026-08-06T10:43:40.344036+05:30,WAIT,Neutral,Ignore,Neutral,None,None,Low,Flat,At,Below,Above,,,2026-08-06T10:40:00+05:30,58043.8,58060.2,58060.2,58039.0,2400,8205.0,220.344036,58025.497838214134,57994.50276690697,-1.2727272727279342,9ab0b543
2026-08-06T10:44:05.376218+05:30,WAIT,Neutral,Ignore,Neutral,None,None,Low,Flat,Above,Rejected,Above,,,2026-08-06T10:40:00+05:30,58058.0,58060.2,58060.2,58039.0,2700,8205.0,245.376218,58028.07965639595,57994.62403562864,2.6909090909102815,9ab0b543
2026-08-06T10:44:26.541575+05:30,WAIT,Neutral,Ignore,Neutral,None,None,Low,Flat,At,Below,Above,,,2026-08-06T10:40:00+05:30,58050.0,58060.2,58060.2,58039.0,2700,8205.0,266.541575,58026.62511094141,57994.62403562864,-1.4545454545441316,9ab0b543
2026-08-06T10:45:01.637324+05:30,WAIT,Neutral,Ignore,Bullish,None,None,Unknown,Flat,At,Below,Above,,,2026-08-06T10:45:00+05:30,58050.0,58050.0,58050.0,58050.0,30.0,7726.5,1.637324,58030.78583457189,57994.68056125941,4.3425418123079,9ab0b543
2026-08-06T10:45:30.774288+05:30,WAIT,Neutral,Ignore,Bullish,None,None,Low,Flat,At,Below,Above,,,2026-08-06T10:45:00+05:30,58049.8,58050.0,58050.0,58049.8,90.0,7726.5,30.772407,58030.74947093553,57994.70322933771,4.3061781759461155,9ab0b543
2026-08-06T11:06:15.226784+05:30,WAIT,Neutral,Ignore,Unknown,None,None,High,Flat,Above,Above,Above,,,2026-08-06T11:05:00+05:30,58090.0,58080,58099,58080,3540,6127.5,75.2258,58057.05340653569,58003.698801132596,,9ab0b543
2026-08-06T11:07:15.337189+05:30,WAIT,Neutral,Ignore,Neutral,None,None,High,Flat,Above,Above,Above,,,2026-08-06T11:05:00+05:30,58080.0,58080,58099,58070.4,4290,6127.5,135.333945,58055.23522471751,58004.0338011275,-1.8181818181838025,9ab0b543
2026-08-06T11:07:34.469580+05:30,WAIT,Neutral,Ignore,Neutral,None,None,High,Flat,Above,Rejected,Above,,,2026-08-06T11:05:00+05:30,58070.0,58080,58099,58070.0,4860,6127.5,154.46958,58053.417042899324,58004.258538043156,-1.9272727272764314,9ab0b543
2026-08-06T11:07:42.523817+05:30,WAIT,Neutral,Ignore,Neutral,None,None,High,Flat,Above,Above,Above,,,2026-08-06T11:05:00+05:30,58079.8,58080,58099,58070.0,4860,6127.5,162.523817,58055.198861081146,58004.258538043156,-0.0363636363617843,9ab0b543
2026-08-06T11:07:57.621321+05:30,WAIT,Neutral,Ignore,Neutral,None,None,High,Falling,Above,Above,Above,,,2026-08-06T11:05:00+05:30,58074.6,58080,58099,58070.0,4890,6127.5,177.621321,58054.25340653569,58004.27208079359,0.4000000000014552,9ab0b543
2026-08-06T11:08:13.610312+05:30,WAIT,Neutral,Ignore,Neutral,None,None,Normal,Falling,Above,Above,Above,,,2026-08-06T11:05:00+05:30,58074.6,58080,58099,58070.0,4920,6127.5,193.610312,58054.25340653569,58004.28468662245,-0.9818181818191078,9ab0b543
2026-08-06T11:09:42.818890+05:30,WAIT,Neutral,Ignore,Neutral,None,Bullish,Normal,Falling,Above,Above,Above,,,2026-08-06T11:05:00+05:30,58085.0,58080,58099,58070.0,5490,6127.5,282.818014,58056.144315626596,58004.52777182327,1.8909090909073711,9ab0b543
2026-08-06T11:09:43.832228+05:30,WAIT,Neutral,Ignore,Neutral,None,None,Normal,Falling,Above,Above,Above,,,2026-08-06T11:05:00+05:30,58080.0,58080,58099,58070.0,5580,6127.5,283.832228,58055.23522471751,58004.56819615545,0.9818181818191078,9ab0b543
2026-08-06T11:09:44.856747+05:30,WAIT,Neutral,Ignore,Neutral,None,Bullish,Normal,Falling,Above,Above,Above,,,2026-08-06T11:05:00+05:30,58085.0,58080,58099,58070.0,5610,6127.5,284.856747,58056.144315626596,58004.58255384982,1.8909090909073711,9ab0b543
2026-08-06T11:09:50.877749+05:30,WAIT,Neutral,Ignore,Bullish,None,Bullish,Normal,Falling,Above,Above,Above,,,2026-08-06T11:05:00+05:30,58095.0,58080,58099,58070.0,5760,6127.5,290.877749,58057.96249744478,58004.65872421378,4.327272727270611,9ab0b543
2026-08-06T11:10:01.946599+05:30,WAIT,Neutral,Ignore,Bullish,None,None,Unknown,Flat,Above,Above,Above,,,2026-08-06T11:10:00+05:30,58095.0,58095.0,58095.0,58095.0,0.0,5601.0,1.946599,58064.69658881846,58004.67483357109,10.879545919131488,9ab0b543
2026-08-06T11:10:07.003567+05:30,WAIT,Neutral,Ignore,Bullish,None,None,Unknown,Flat,Above,Rejected,Above,,,2026-08-06T11:10:00+05:30,58082.4,58095.0,58095.0,58082.4,0.0,5601.0,7.003567,58062.40567972755,58004.67483357109,8.588636828222661,9ab0b543
2026-08-06T11:10:28.079734+05:30,WAIT,Neutral,Ignore,Bullish,None,None,Unknown,Flat,Above,Below,Above,,,2026-08-06T11:10:00+05:30,58072.8,58095.0,58095.0,58072.8,90.0,5601.0,28.079734,58060.660225182095,58004.712968573636,6.843182282769703,9ab0b543
2026-08-06T11:10:30.097974+05:30,WAIT,Neutral,Ignore,Bullish,None,None,Low,Flat,Above,Below,Above,,,2026-08-06T11:10:00+05:30,58072.8,58095.0,58095.0,58072.8,270.0,5601.0,30.097974,58060.660225182095,58004.78569817815,6.843182282769703,9ab0b543
2026-08-06T11:10:59.166725+05:30,WAIT,Neutral,Ignore,Bullish,None,None,Low,Flat,Above,Rejected,Above,,,2026-08-06T11:10:00+05:30,58090.0,58095.0,58095.0,58072.8,420.0,5601.0,59.166725,58063.78749790937,58004.84618759635,5.825000464588811,9ab0b543
2026-08-06T11:11:04.174956+05:30,WAIT,Neutral,Ignore,Bullish,None,None,Low,Flat,Above,Above,Above,,,2026-08-06T11:10:00+05:30,58095.0,58095.0,58095.0,58072.8,450.0,5601.0,64.174956,58064.69658881846,58004.86133143636,0.0,9ab0b543
2026-08-06T11:12:10.372474+05:30,WAIT,Neutral,Ignore,Bullish,None,None,Low,Flat,Above,Rejected,Above,,,2026-08-06T11:10:00+05:30,58080.0,58095.0,58095.0,58072.8,570.0,5601.0,130.37149,58061.969316091185,58004.925407262606,-2.727272727272066,9ab0b543
2026-08-06T11:12:11.381077+05:30,WAIT,Neutral,Ignore,Bullish,None,None,Low,Flat,Above,Below,Above,,,2026-08-06T11:10:00+05:30,58076.6,58095.0,58095.0,58072.8,660.0,5601.0,131.381077,58061.351134273,58004.96541148609,-3.3454545454587787,9ab0b543
2026-08-06T11:12:41.524522+05:30,WAIT,Neutral,Ignore,Bullish,None,None,Low,Flat,Above,Rejected,Above,,,2026-08-06T11:10:00+05:30,58090.0,58095.0,58095.0,58072.8,750.0,5601.0,161.523537,58063.78749790937,58005.003562340964,-0.9090909090882633,9ab0b543
2026-08-06T11:12:44.534237+05:30,WAIT,Neutral,Ignore,Bullish,None,None,Low,Flat,Above,Below,Above,,,2026-08-06T11:10:00+05:30,58076.2,58095.0,58095.0,58072.8,810.0,5601.0,164.534237,58061.278407000274,58005.031280686184,-3.4181818181823473,9ab0b543
2026-08-06T11:13:23.657232+05:30,WAIT,Neutral,Ignore,Bullish,None,None,Low,Flat,Above,Rejected,Above,,,2026-08-06T11:10:00+05:30,58090.0,58095.0,58095.0,58072.8,840.0,5601.0,203.657232,58063.78749790937,58005.04397918145,2.4363636363705155,9ab0b543
2026-08-06T11:15:01.204506+05:30,WAIT,Neutral,Ignore,Bullish,None,None,Unknown,Flat,Above,Rejected,Above,,,2026-08-06T11:15:00+05:30,58090.0,58090.0,58090.0,58090.0,0.0,5316.0,1.204506,58068.553407380394,58005.17673457337,4.765909471025225,9ab0b543
2026-08-06T11:15:23.268033+05:30,WAIT,Neutral,Ignore,Bullish,None,Bullish,Unknown,Flat,Above,Above,Above,,,2026-08-06T11:15:00+05:30,58095.0,58090.0,58095.0,58084.8,60.0,5316.0,23.268033,58069.46249828948,58005.20585561655,5.675000380113488,9ab0b543
2026-08-06T11:15:25.283559+05:30,WAIT,Neutral,Ignore,Bullish,None,None,Unknown,Flat,Above,Rejected,Above,,,2026-08-06T11:15:00+05:30,58090.0,58090.0,58095.0,58084.8,180.0,5316.0,25.283559,58068.553407380394,58005.26676104524,4.765909471025225,9ab0b543
2026-08-06T11:15:26.288315+05:30,WAIT,Neutral,Ignore,Bullish,None,Bullish,Unknown,Flat,Above,Above,Above,,,2026-08-06T11:15:00+05:30,58095.0,58090.0,58095.0,58084.8,180.0,5316.0,26.288315,58069.46249828948,58005.26676104524,5.675000380113488,9ab0b543
2026-08-06T11:15:55.352909+05:30,WAIT,Neutral,Ignore,Bullish,None,Bullish,Low,Flat,Above,Above,Above,,,2026-08-06T11:15:00+05:30,58099.0,58090.0,58099.0,58084.8,780.0,5316.0,55.352909,58070.189771016754,58005.58819726092,7.347727652842877,9ab0b543
2026-08-06T11:16:12.357733+05:30,WAIT,Neutral,Ignore,Bullish,None,None,Low,Flat,Above,Rejected,Above,,,2026-08-06T11:15:00+05:30,58090.0,58090.0,58099.0,58084.8,840.0,5316.0,72.357733,58068.553407380394,58005.61809742053,0.9454545454573235,9ab0b543
2026-08-06T11:16:41.486638+05:30,WAIT,Neutral,Ignore,Bullish,None,Bullish,Low,Flat,Above,Above,Above,,,2026-08-06T11:15:00+05:30,58090.8,58090.0,58099.0,58083.4,1200.0,5316.0,101.486638,58068.69886192585,58005.79371445324,-1.490909090905916,9ab0b543
2026-08-06T11:16:49.535757+05:30,WAIT,Neutral,Ignore,Bullish,None,None,Low,Flat,Above,Rejected,Above,,,2026-08-06T11:15:00+05:30,58088.0,58090.0,58099.0,58083.4,1350.0,5316.0,109.534753,58068.189771016754,58005.86837727007,-2.0,9ab0b543
2026-08-06T11:16:50.517840+05:30,WAIT,Neutral,Ignore,Bullish,None,Bullish,Low,Flat,Above,Above,Above,,,2026-08-06T11:15:00+05:30,58091.0,58090.0,58099.0,58083.4,1410.0,5316.0,110.51784,58068.73522556221,58005.898289997655,-1.4545454545441316,9ab0b543
2026-08-06T11:17:01.557384+05:30,WAIT,Neutral,Ignore,Bullish,None,None,Low,Flat,Above,Below,Above,,,2026-08-06T11:15:00+05:30,58079.0,58090.0,58099.0,58079.0,1560.0,5316.0,121.557384,58066.553407380394,58005.972874612366,-2.0727272727235686,9ab0b543
2026-08-06T11:17:03.571743+05:30,WAIT,Neutral,Ignore,Bullish,None,None,Low,Flat,Above,Rejected,Above,,,2026-08-06T11:15:00+05:30,58085.2,58090.0,58099.0,58079.0,1650.0,5316.0,123.571743,58067.68068010767,58006.012397660816,-0.9454545454500476,9ab0b543
2026-08-06T11:17:04.577297+05:30,WAIT,Neutral,Ignore,Bullish,None,None,Low,Flat,Above,Below,Above,,,2026-08-06T11:15:00+05:30,58079.0,58090.0,58099.0,58079.0,1710.0,5316.0,124.577297,58066.553407380394,58006.03799836315,-2.0727272727235686,9ab0b543
2026-08-06T11:17:05.586369+05:30,WAIT,Neutral,Ignore,Bullish,None,None,Low,Flat,Above,Rejected,Above,,,2026-08-06T11:15:00+05:30,58083.6,58090.0,58099.0,58079.0,1710.0,5316.0,125.586369,58067.38977101676,58006.03799836315,-1.236363636358874,9ab0b543
2026-08-06T11:17:24.633538+05:30,WAIT,Neutral,Ignore,Bullish,None,None,Low,Flat,Above,Below,Above,,,2026-08-06T11:15:00+05:30,58077.2,58090.0,58099.0,58077.2,1980.0,5316.0,144.633538,58066.226134653116,58006.159913617,-2.3272727272778866,9ab0b543
2026-08-06T11:17:28.614875+05:30,WAIT,Neutral,Ignore,Bullish,None,None,Low,Flat,Above,Rejected,Above,,,2026-08-06T11:15:00+05:30,58080.0,58090.0,58099.0,58077.0,2070.0,5316.0,148.614875,58066.73522556221,58006.199906662,-0.618181818179437,9ab0b543
2026-08-06T11:17:46.687850+05:30,WAIT,Neutral,Ignore,Bullish,None,Bullish,Low,Flat,Above,Above,Above,,,2026-08-06T11:15:00+05:30,58090.2,58090.0,58099.0,58077.0,2340.0,5316.0,166.68785,58068.589771016756,58006.3258896849,-0.10909090909262886,9ab0b543
2026-08-06T11:17:48.662193+05:30,WAIT,Neutral,Ignore,Bullish,None,None,Low,Flat,Above,Below,Above,,,2026-08-06T11:15:00+05:30,58079.2,58090.0,58099.0,58077.0,2490.0,5316.0,168.662193,58066.589771016756,58006.3895018622,-2.0727272727308446,9ab0b543
2026-08-06T11:17:51.707635+05:30,WAIT,Neutral,Ignore,Bullish,None,None,Low,Flat,Above,Rejected,Above,,,2026-08-06T11:15:00+05:30,58087.0,58090.0,58099.0,58077.0,2520.0,5316.0,171.706362,58068.00795283494,58006.40357246756,-0.7636363636338501,9ab0b543
2026-08-06T11:17:54.734850+05:30,WAIT,Neutral,Ignore,Bullish,None,Bullish,Low,Flat,Above,Above,Above,,,2026-08-06T11:15:00+05:30,58090.8,58090.0,58099.0,58077.0,2520.0,5316.0,174.73485,58068.69886192585,58006.40357246756,0.07272727273084456,9ab0b543
2026-08-06T11:17:58.739132+05:30,WAIT,Neutral,Ignore,Bullish,None,None,Low,Flat,Above,Rejected,Above,,,2026-08-06T11:15:00+05:30,58085.8,58090.0,58099.0,58077.0,2550.0,5316.0,178.739132,58067.78977101676,58006.41830133799,-0.9090909090882633,9ab0b543
2026-08-06T11:18:06.797383+05:30,WAIT,Neutral,Ignore,Bullish,None,Bullish,Low,Flat,Above,Above,Above,,,2026-08-06T11:15:00+05:30,58091.0,58090.0,58099.0,58077.0,2640.0,5316.0,186.797383,58068.73522556221,58006.46060817489,1.3454545454515028,9ab0b543
2026-08-06T11:18:14.814579+05:30,WAIT,Neutral,Ignore,Bullish,None,None,Low,Flat,Above,Rejected,Above,,,2026-08-06T11:15:00+05:30,58085.0,58090.0,58099.0,58077.0,2910.0,5316.0,194.814579,58067.6443164713,58006.58677580402,-0.4000000000014552,9ab0b543
2026-08-06T11:18:21.819155+05:30,WAIT,Neutral,Ignore,Bullish,None,None,Normal,Flat,Above,Below,Above,,,2026-08-06T11:15:00+05:30,58074.6,58090.0,58099.0,58074.6,3090.0,5316.0,201.819155,58065.75340738039,58006.662363720716,-1.7818181818220182,9ab0b543
2026-08-06T11:18:22.816229+05:30,WAIT,Neutral,Ignore,Neutral,Bearish,Bearish,Normal,Flat,Above,Below,Above,,trend,2026-08-06T11:15:00+05:30,58055.6,58090.0,58099.0,58055.6,3150.0,5316.0,202.816229,58062.29886192585,58006.67938550725,-5.23636363636615,9ab0b543
2026-08-06T11:18:23.828703+05:30,WAIT,Neutral,Ignore,Neutral,Bullish,None,Normal,Flat,Above,Below,Above,,,2026-08-06T11:15:00+05:30,58072.2,58090.0,58099.0,58055.6,3210.0,5316.0,203.828703,58065.31704374403,58006.70216736208,-2.3272727272706106,9ab0b543
2026-08-06T11:18:24.841266+05:30,WAIT,Neutral,Ignore,Neutral,Bearish,Bearish,Normal,Flat,Above,Below,Above,,trend,2026-08-06T11:15:00+05:30,58063.4,58090.0,58099.0,58055.6,3210.0,5316.0,204.841266,58063.71704374403,58006.70216736208,-2.509090909086808,9ab0b543
2026-08-06T11:18:28.831254+05:30,WAIT,Neutral,Ignore,Neutral,Bullish,None,Normal,Flat,Above,Below,Above,,,2026-08-06T11:15:00+05:30,58079.0,58090.0,58099.0,58055.6,3390.0,5316.0,208.831254,58066.553407380394,58006.76124811856,-0.18181818181619747,9ab0b543
2026-08-06T11:18:45.011661+05:30,WAIT,Neutral,Ignore,Neutral,Bullish,None,Normal,Flat,Above,Rejected,Above,,,2026-08-06T11:15:00+05:30,58082.8,58090.0,58099.0,58055.6,3480.0,5316.0,225.011661,58067.244316471304,58006.79956026153,-1.1999999999970896,9ab0b543
2026-08-06T11:18:54.046216+05:30,WAIT,Neutral,Ignore,Neutral,Bullish,None,Normal,Flat,Above,Below,Above,,,2026-08-06T11:15:00+05:30,58071.4,58090.0,58099.0,58055.6,3600.0,5316.0,234.046216,58065.17158919857,58006.849309048856,-2.8363636363646947,9ab0b543
2026-08-06T11:18:55.058464+05:30,WAIT,Neutral,Ignore,Neutral,Bullish,None,Normal,Flat,Above,Rejected,Above,,,2026-08-06T11:15:00+05:30,58085.0,58090.0,58099.0,58055.6,3630.0,5316.0,235.058464,58067.6443164713,58006.8628627587,-1.0545454545499524,9ab0b543
2026-08-06T11:18:56.073997+05:30,WAIT,Neutral,Ignore,Neutral,Bullish,None,Normal,Flat,Above,Below,Above,,,2026-08-06T11:15:00+05:30,58071.4,58090.0,58099.0,58055.6,3630.0,5316.0,236.073997,58065.17158919857,58006.8628627587,-3.527272727274976,9ab0b543
2026-08-06T11:18:59.068101+05:30,WAIT,Neutral,Ignore,Neutral,Bullish,None,Normal,Flat,Above,Rejected,Above,,,2026-08-06T11:15:00+05:30,58086.6,58090.0,58099.0,58055.6,3690.0,5316.0,239.068101,58067.93522556221,58006.88787563569,0.1454545454471372,9ab0b543
2026-08-06T11:19:01.092386+05:30,WAIT,Neutral,Ignore,Neutral,Bullish,None,Normal,Flat,Above,Below,Above,,,2026-08-06T11:15:00+05:30,58071.6,58090.0,58099.0,58055.6,3720.0,5316.0,241.090671,58065.207952834935,58006.899092852604,-2.5818181818249286,9ab0b543
2026-08-06T11:19:05.120019+05:30,WAIT,Neutral,Ignore,Neutral,Bullish,None,Normal,Flat,Above,Rejected,Above,,,2026-08-06T11:15:00+05:30,58085.4,58090.0,58099.0,58055.6,3750.0,5316.0,245.120019,58067.71704374403,58006.912697862506,-0.4727272727250238,9ab0b543
2026-08-06T11:19:11.179464+05:30,WAIT,Neutral,Ignore,Neutral,Bullish,None,Normal,Flat,Above,Below,Above,,,2026-08-06T11:15:00+05:30,58072.2,58090.0,58099.0,58055.6,4260.0,5316.0,251.178465,58065.31704374403,58007.13749207995,-3.490909090913192,9ab0b543
2026-08-06T11:19:21.225238+05:30,WAIT,Neutral,Ignore,Neutral,Bullish,None,Normal,Flat,Above,Rejected,Above,,,2026-08-06T11:15:00+05:30,58089.0,58090.0,58099.0,58055.6,4290.0,5316.0,261.225238,58068.37158919858,58007.15163556784,0.6181818181867129,9ab0b543
2026-08-06T11:19:23.240296+05:30,WAIT,Neutral,Ignore,Bullish,Bullish,None,Normal,Flat,Above,Rejected,Above,,,2026-08-06T11:15:00+05:30,58089.0,58090.0,58099.0,58055.6,4290.0,5316.0,263.240296,58068.37158919858,58007.15163556784,6.072727272730845,9ab0b543
2026-08-06T11:19:25.262577+05:30,ENTRY,Long,B,Bullish,Bullish,Bullish,Normal,Flat,Above,Above,Above,,,2026-08-06T11:15:00+05:30,58090.4,58090.0,58099.0,58055.6,4350.0,5316.0,265.254045,58068.62613465312,58007.180149683365,4.909090909088263,9ab0b543
2026-08-06T11:20:01.348144+05:30,WAIT,Neutral,Ignore,Bullish,None,None,Unknown,Flat,Above,Above,Above,,,2026-08-06T11:20:00+05:30,58095.0,58095.0,58095.0,58095.0,30.0,5122.5,1.348144,58074.01642422032,58007.4992370791,8.80847138538229,9ab0b543
2026-08-06T11:20:04.381010+05:30,WAIT,Neutral,Ignore,Bullish,None,None,Unknown,Flat,Above,Rejected,Above,,,2026-08-06T11:20:00+05:30,58086.8,58095.0,58095.0,58086.8,120.0,5122.5,4.38101,58072.52551512941,58007.54070634102,7.3175622944763745,9ab0b543
2026-08-06T11:20:07.352748+05:30,WAIT,Neutral,Ignore,Bullish,None,Bullish,Unknown,Flat,Above,Above,Above,,,2026-08-06T11:20:00+05:30,58095.2,58095.0,58095.2,58086.8,120.0,5122.5,7.352748,58074.05278785668,58007.54070634102,6.1902895671955775,9ab0b543
2026-08-06T11:20:09.364711+05:30,WAIT,Neutral,Ignore,Bullish,None,None,Unknown,Flat,Above,Above,Above,,,2026-08-06T11:20:00+05:30,58094.8,58095.0,58095.2,58086.8,180.0,5122.5,9.36389,58073.980060583955,58007.57078175149,5.790289567201398,9ab0b543
2026-08-06T11:20:13.379058+05:30,WAIT,Neutral,Ignore,Bullish,None,Bullish,Unknown,Flat,Above,Above,Above,,,2026-08-06T11:20:00+05:30,58096.0,58095.0,58096.0,58086.8,210.0,5122.5,13.379058,58074.19824240213,58007.58577731935,8.881198658105859,9ab0b543
2026-08-06T11:20:15.393886+05:30,WAIT,Neutral,Ignore,Bullish,None,None,Unknown,Flat,Above,Above,Above,,,2026-08-06T11:20:00+05:30,58095.0,58095.0,58096.0,58086.8,270.0,5122.5,15.393886,58074.01642422032,58007.61599358424,8.699380476289662,9ab0b543
2026-08-06T11:20:17.398879+05:30,WAIT,Neutral,Ignore,Bullish,None,Bullish,Unknown,Flat,Above,Above,Above,,,2026-08-06T11:20:00+05:30,58096.6,58095.0,58096.6,58086.8,270.0,5122.5,17.398879,58074.307333311226,58007.61599358424,8.990289567198488,9ab0b543
2026-08-06T11:20:20.389607+05:30,WAIT,Neutral,Ignore,Bullish,None,None,Unknown,Flat,Above,Rejected,Above,,,2026-08-06T11:20:00+05:30,58087.0,58095.0,58096.6,58086.8,390.0,5122.5,20.389607,58072.56187876577,58007.67382219932,7.24483502174553,9ab0b543
2026-08-06T11:20:33.437989+05:30,WAIT,Neutral,Ignore,Bullish,None,None,Low,Flat,Above,Rejected,Above,,,2026-08-06T11:20:00+05:30,58087.2,58095.0,58096.6,58086.8,450.0,5122.5,33.437989,58072.598242402135,58007.70112732475,3.3175622944690986,9ab0b543
2026-08-06T11:20:34.426599+05:30,WAIT,Neutral,Ignore,Bullish,None,None,Low,Flat,Above,Above,Above,,,2026-08-06T11:20:00+05:30,58095.0,58095.0,58096.6,58086.8,480.0,5122.5,34.426599,58074.01642422032,58007.71611168326,4.263016839926422,9ab0b543
2026-08-06T11:20:35.406967+05:30,WAIT,Neutral,Ignore,Bullish,None,Bullish,Low,Flat,Above,Above,Above,,,2026-08-06T11:20:00+05:30,58096.0,58095.0,58096.6,58086.8,510.0,5122.5,35.406967,58074.19824240213,58007.73126251359,4.44483502174262,9ab0b543
2026-08-06T11:20:38.432551+05:30,WAIT,Neutral,Ignore,Bullish,None,None,Low,Flat,Above,Rejected,Above,,,2026-08-06T11:20:00+05:30,58088.0,58095.0,58096.6,58086.8,510.0,5122.5,38.432551,58072.74369694759,58007.73126251359,3.2084713853764697,9ab0b543
2026-08-06T11:20:40.436404+05:30,WAIT,Neutral,Ignore,Bullish,None,None,Unknown,Flat,Above,Rejected,Above,,,2026-08-06T11:20:00+05:30,58088.0,58095.0,58096.6,58086.8,600.0,5122.5,40.435416,58072.74369694759,58007.772567181244,3.2084713853764697,9ab0b543
2026-08-06T11:20:41.447243+05:30,WAIT,Neutral,Ignore,Bullish,None,Bullish,Unknown,Flat,Above,Above,Above,,,2026-08-06T11:20:00+05:30,58098.0,58095.0,58098.0,58086.8,630.0,5122.5,41.447243,58074.56187876577,58007.78804093066,5.026653203560272,9ab0b543
2026-08-06T11:20:46.495964+05:30,WAIT,Neutral,Ignore,Bullish,None,None,Unknown,Flat,Above,Rejected,Above,,,2026-08-06T11:20:00+05:30,58090.0,58095.0,58098.0,58086.8,660.0,5122.5,46.495964,58073.10733331123,58007.80213763146,3.353925930838159,9ab0b543
2026-08-06T11:20:49.514865+05:30,WAIT,Neutral,Ignore,Bullish,None,None,Unknown,Flat,Above,Above,Above,,,2026-08-06T11:20:00+05:30,58093.2,58095.0,58098.0,58086.8,780.0,5122.5,49.514079,58073.68915149305,58007.8584075851,4.8084713853822905,9ab0b543
2026-08-06T11:20:50.525652+05:30,WAIT,Neutral,Ignore,Bullish,None,None,Unknown,Flat,Above,Rejected,Above,,,2026-08-06T11:20:00+05:30,58082.4,58095.0,58098.0,58082.4,840.0,5122.5,50.525652,58071.72551512941,58007.883944273155,2.8448350217440748,9ab0b543
2026-08-06T11:21:12.680775+05:30,WAIT,Neutral,Ignore,Bullish,None,None,Unknown,Flat,Above,Above,Above,,,2026-08-06T11:20:00+05:30,58090.2,58095.0,58098.0,58082.4,1050.0,5122.5,72.680775,58073.14369694759,58007.98146564015,-0.8363636363646947,9ab0b543
2026-08-06T11:21:19.741792+05:30,WAIT,Neutral,Ignore,Bullish,None,None,Low,Flat,Above,Above,Above,,,2026-08-06T11:20:00+05:30,58090.4,58095.0,58098.0,58082.4,1080.0,5122.5,79.741792,58073.18006058395,58007.995529706925,-1.0545454545499524,9ab0b543
2026-08-06T11:21:38.750020+05:30,WAIT,Neutral,Ignore,Bullish,None,None,Low,Flat,Above,Rejected,Above,,,2026-08-06T11:20:00+05:30,58082.4,58095.0,58098.0,58082.4,1320.0,5122.5,98.75002,58071.72551512941,58008.10551190069,-1.0181818181808922,9ab0b543
2026-08-06T11:21:46.789206+05:30,WAIT,Neutral,Ignore,Bullish,None,None,Low,Flat,Above,Above,Above,,,2026-08-06T11:20:00+05:30,58094.8,58095.0,58098.0,58082.4,1350.0,5122.5,106.789206,58073.980060583955,58008.11833760319,0.872727272726479,9ab0b543
2026-08-06T11:21:47.801548+05:30,WAIT,Neutral,Ignore,Bullish,None,None,Normal,Flat,Above,Above,Above,,,2026-08-06T11:20:00+05:30,58094.8,58095.0,58098.0,58082.4,1950.0,5122.5,107.801548,58073.980060583955,58008.413424113474,1.2363636363661499,9ab0b543
2026-08-06T11:21:56.856533+05:30,WAIT,Neutral,Ignore,Bullish,None,None,Normal,Flat,Above,Below,Above,,,2026-08-06T11:20:00+05:30,58077.8,58095.0,58098.0,58077.8,2250.0,5122.5,116.854903,58070.889151493044,58008.53132823563,-1.490909090913192,9ab0b543
2026-08-06T11:22:37.045665+05:30,WAIT,Neutral,Ignore,Bullish,None,None,Normal,Rising,Above,Rejected,Above,,,2026-08-06T11:20:00+05:30,58088.4,58095.0,58098.0,58077.8,2280.0,5122.5,157.045665,58072.81642422032,58008.54489749688,-0.4000000000014552,9ab0b543
2026-08-06T11:22:52.089959+05:30,WAIT,Neutral,Ignore,Bullish,None,None,Low,Rising,Above,Rejected,Above,,,2026-08-06T11:20:00+05:30,58088.6,58095.0,58098.0,58077.8,2340.0,5122.5,172.089959,58072.85278785668,58008.572158061594,-1.127272727273521,9ab0b543
2026-08-06T11:23:09.203667+05:30,WAIT,Neutral,Ignore,Bullish,None,None,Low,Rising,Above,Below,Above,,,2026-08-06T11:20:00+05:30,58079.6,58095.0,58098.0,58077.8,2460.0,5122.5,189.203667,58071.21642422032,58008.624009957006,0.3272727272778866,9ab0b543
2026-08-06T11:23:17.231801+05:30,WAIT,Neutral,Ignore,Bullish,None,None,Low,Rising,Above,Rejected,Above,,,2026-08-06T11:20:00+05:30,58085.0,58095.0,58098.0,58077.8,2460.0,5122.5,197.231801,58072.19824240213,58008.624009957006,1.3090909090897185,9ab0b543
2026-08-06T11:23:24.241016+05:30,WAIT,Neutral,Ignore,Bullish,None,None,Low,Rising,Above,Below,Above,,,2026-08-06T11:20:00+05:30,58079.6,58095.0,58098.0,58077.8,2820.0,5122.5,204.241016,58071.21642422032,58008.77833107498,0.3272727272778866,9ab0b543
2026-08-06T11:23:33.269704+05:30,WAIT,Neutral,Ignore,Bullish,None,None,Low,Rising,Above,Rejected,Above,,,2026-08-06T11:20:00+05:30,58080.0,58095.0,58098.0,58077.8,2850.0,5122.5,213.269704,58071.289151493045,58008.790324583686,0.4000000000014552,9ab0b543
2026-08-06T11:23:34.297243+05:30,WAIT,Neutral,Ignore,Bullish,None,None,Low,Rising,Above,Below,Above,,,2026-08-06T11:20:00+05:30,58079.6,58095.0,58098.0,58077.8,2940.0,5122.5,214.297243,58071.21642422032,58008.826280749265,0.3272727272778866,9ab0b543
2026-08-06T11:23:53.206055+05:30,WAIT,Neutral,Ignore,Bullish,None,None,Low,Rising,Above,Rejected,Above,,,2026-08-06T11:20:00+05:30,58086.2,58095.0,58098.0,58077.8,3090.0,5122.5,233.206055,58072.41642422032,58008.886126613674,-0.21818181818525773,9ab0b543
2026-08-06T11:24:56.598392+05:30,WAIT,Neutral,Ignore,Bullish,None,None,Low,Rising,Above,Above,Above,,,2026-08-06T11:20:00+05:30,58092.0,58095.0,58098.0,58077.8,3480.0,5122.5,296.596323,58073.47096967486,58009.05917426032,1.0545454545426765,9ab0b543
2026-08-06T11:25:01.609411+05:30,WAIT,Neutral,Ignore,Bullish,None,None,Unknown,Flat,Above,Above,Above,,,2026-08-06T11:25:00+05:30,58092.0,58092.0,58092.0,58092.0,0.0,5080.5,1.609411,58076.839884279434,58009.0731679883,4.423460059115314,9ab0b543
2026-08-06T11:25:14.735300+05:30,WAIT,Neutral,Ignore,Bullish,None,None,Unknown,Flat,Above,Rejected,Above,,,2026-08-06T11:25:00+05:30,58084.4,58092.0,58093.0,58084.4,90.0,5080.5,14.7353,58075.45806609761,58009.11417650365,3.041641877294751,9ab0b543
2026-08-06T11:25:19.762206+05:30,WAIT,Neutral,Ignore,Bullish,None,Bullish,Unknown,Flat,Above,Above,Above,,,2026-08-06T11:25:00+05:30,58092.8,58092.0,58093.0,58084.4,120.0,5080.5,19.76135,58076.98533882489,58009.12828640477,4.423460059115314,9ab0b543
2026-08-06T11:25:30.836328+05:30,WAIT,Neutral,Ignore,Bullish,None,Bullish,Low,Flat,Above,Above,Above,,,2026-08-06T11:25:00+05:30,58093.4,58092.0,58093.4,58084.4,270.0,5080.5,30.832471,58077.09442973398,58009.199202605574,4.168914604568272,9ab0b543
2026-08-06T11:25:48.915850+05:30,WAIT,Neutral,Ignore,Bullish,None,None,Low,Flat,Above,Rejected,Above,,,2026-08-06T11:25:00+05:30,58084.4,58092.0,58094.2,58084.4,450.0,5080.5,48.915102,58075.45806609761,58009.27833501627,2.3507327863844694,9ab0b543
2026-08-06T11:25:58.950552+05:30,WAIT,Neutral,Ignore,Bullish,None,None,Low,Flat,Above,Above,Above,,,2026-08-06T11:25:00+05:30,58090.8,58092.0,58094.2,58084.4,450.0,5080.5,58.949803,58076.62170246125,58009.27833501627,3.1507327863873797,9ab0b543
2026-08-06T11:26:01.941369+05:30,WAIT,Neutral,Ignore,Bullish,None,None,Low,Flat,Above,Rejected,Above,,,2026-08-06T11:25:00+05:30,58089.4,58092.0,58094.2,58084.4,510.0,5080.5,61.940356,58076.3671570067,58009.305529385376,-0.47272727273229975,9ab0b543
2026-08-06T11:26:04.931562+05:30,WAIT,Neutral,Ignore,Bullish,None,None,Low,Flat,Above,Above,Above,,,2026-08-06T11:25:00+05:30,58090.8,58092.0,58094.2,58084.4,510.0,5080.5,64.931562,58076.62170246125,58009.305529385376,-0.4000000000014552,9ab0b543
2026-08-06T11:26:10.923496+05:30,WAIT,Neutral,Ignore,Bullish,None,None,Low,Flat,Above,Rejected,Above,,,2026-08-06T11:25:00+05:30,58090.0,58092.0,58094.2,58084.4,570.0,5080.5,70.922603,58076.476247915794,58009.332840004485,-0.5454545454558684,9ab0b543
2026-08-06T11:26:20.977057+05:30,WAIT,Neutral,Ignore,Bullish,None,Bullish,Low,Flat,Above,Above,Above,,,2026-08-06T11:25:00+05:30,58093.0,58092.0,58094.2,58084.4,660.0,5080.5,80.977057,58077.02170246125,58009.373519359,0.0363636363617843,9ab0b543
2026-08-06T11:26:30.994893+05:30,WAIT,Neutral,Ignore,Bullish,None,None,Low,Flat,Above,Rejected,Above,,,2026-08-06T11:25:00+05:30,58086.2,58092.0,58095.0,58084.4,1020.0,5080.5,90.990766,58075.785338824884,58009.5458927473,-1.3090909090969944,9ab0b543
2026-08-06T11:26:31.986989+05:30,WAIT,Neutral,Ignore,Bullish,None,Bullish,Low,Flat,Above,Above,Above,,,2026-08-06T11:25:00+05:30,58095.0,58092.0,58095.0,58084.4,1080.0,5080.5,91.986136,58077.38533882489,58009.574554195315,0.29090909090882633,9ab0b543
2026-08-06T11:26:36.958598+05:30,WAIT,Neutral,Ignore,Bullish,None,None,Low,Flat,Above,Rejected,Above,,,2026-08-06T11:25:00+05:30,58090.0,58092.0,58095.0,58084.4,1080.0,5080.5,96.95761,58076.476247915794,58009.574554195315,-0.6545454545484972,9ab0b543
2026-08-06T11:26:59.042293+05:30,WAIT,Neutral,Ignore,Bullish,None,None,Low,Flat,Above,Below,Above,,,2026-08-06T11:25:00+05:30,58079.6,58092.0,58095.0,58079.6,1260.0,5080.5,119.042293,58074.58533882489,58009.651477076004,-2.0363636363617843,9ab0b543
2026-08-06T11:27:17.081018+05:30,WAIT,Neutral,Ignore,Bullish,None,None,Low,Flat,Above,Rejected,Above,,,2026-08-06T11:25:00+05:30,58085.4,58092.0,58095.0,58077.0,1500.0,5080.5,137.081018,58075.63988427943,58009.74520104846,-0.8363636363646947,9ab0b543
2026-08-06T11:27:24.134353+05:30,WAIT,Neutral,Ignore,Bullish,None,None,Low,Flat,Above,Below,Above,,,2026-08-06T11:25:00+05:30,58079.0,58092.0,58095.0,58077.0,1620.0,5080.5,144.134353,58074.476247915794,58009.79151758346,-2.9090909090955392,9ab0b543
2026-08-06T11:27:25.113773+05:30,WAIT,Neutral,Ignore,Bullish,None,None,Low,Flat,Above,Rejected,Above,,,2026-08-06T11:25:00+05:30,58084.6,58092.0,58095.0,58077.0,1620.0,5080.5,145.113773,58075.494429733975,58009.79151758346,-1.890909090914647,9ab0b543
2026-08-06T11:28:08.377251+05:30,WAIT,Neutral,Ignore,Bullish,None,None,Low,Flat,Above,Below,Above,,,2026-08-06T11:25:00+05:30,58079.6,58092.0,58095.0,58077.0,1920.0,5080.5,188.376406,58074.58533882489,58009.91872252824,0.4727272727250238,9ab0b543
2026-08-06T11:28:23.407381+05:30,WAIT,Neutral,Ignore,Bullish,None,None,Low,Flat,Above,Rejected,Above,,,2026-08-06T11:25:00+05:30,58084.0,58092.0,58095.0,58077.0,1980.0,5080.5,203.406527,58075.38533882489,58009.94274431281,-0.36363636363239493,9ab0b543
2026-08-06T11:29:29.996974+05:30,WAIT,Neutral,Ignore,Unknown,None,None,Low,Flat,Above,Rejected,Above,,,2026-08-06T11:25:00+05:30,58088.4,58093,58095,58077,2850,5089.5,269.98642,58074.401399575836,58010.228843176286,,9ab0b543
2026-08-06T11:29:49.521650+05:30,WAIT,Neutral,Ignore,Unknown,None,None,Low,Flat,Above,Rejected,Above,,,2026-08-06T11:25:00+05:30,58085.2,58093,58095,58077,2970,5089.5,289.515631,58073.81958139401,58010.26211317418,,9ab0b543
2026-08-06T11:30:01.816159+05:30,WAIT,Neutral,Ignore,Unknown,None,None,Unknown,Flat,Above,Rejected,Above,,,2026-08-06T11:30:00+05:30,58085.0,58085.0,58085.0,58085.0,0.0,4716.0,1.815226,58075.822632710806,58010.33651319421,,9ab0b543
2026-08-06T11:30:19.868699+05:30,WAIT,Neutral,Ignore,Unknown,None,None,Unknown,Flat,Above,Below,Above,,,2026-08-06T11:30:00+05:30,58077.8,58085.0,58085.0,58077.8,30.0,4716.0,19.867696,58074.513541801716,58010.348810509466,,9ab0b543
2026-08-06T11:30:30.899451+05:30,WAIT,Neutral,Ignore,Unknown,None,None,Low,Flat,Above,Below,Above,,,2026-08-06T11:30:00+05:30,58077.8,58085.0,58085.0,58077.8,60.0,4716.0,30.891524,58074.513541801716,58010.35997792494,,9ab0b543
2026-08-06T11:30:34.894224+05:30,WAIT,Neutral,Ignore,Unknown,None,None,Low,Flat,Above,Rejected,Above,,,2026-08-06T11:30:00+05:30,58084.0,58085.0,58085.0,58077.8,60.0,4716.0,34.893331,58075.64081452898,58010.35997792494,,9ab0b543
2026-08-06T11:30:37.902408+05:30,WAIT,Neutral,Ignore,Unknown,None,None,Low,Flat,Above,Below,Above,,,2026-08-06T11:30:00+05:30,58078.8,58085.0,58085.0,58077.8,120.0,4716.0,37.902408,58074.69535998353,58010.38349332451,,9ab0b543
2026-08-06T11:30:48.929370+05:30,WAIT,Neutral,Ignore,Unknown,None,None,Low,Flat,Above,Rejected,Above,,,2026-08-06T11:30:00+05:30,58080.0,58085.0,58085.0,58077.8,240.0,4716.0,48.928373,58074.91354180171,58010.42955121844,,9ab0b543
2026-08-06T11:30:51.922209+05:30,WAIT,Neutral,Ignore,Neutral,None,None,Low,Flat,Above,Rejected,Above,,,2026-08-06T11:30:00+05:30,58080.0,58085.0,58085.0,58077.8,240.0,4716.0,51.922209,58074.91354180171,58010.42955121844,1.0939604076993419,9ab0b543
2026-08-06T11:31:26.044666+05:30,WAIT,Neutral,Ignore,Neutral,None,Bullish,Low,Flat,Above,Rejected,Above,,,2026-08-06T11:30:00+05:30,58085.2,58085.0,58085.2,58077.8,450.0,4716.0,86.04266,58075.85899634717,58010.51430144832,1.3454545454515028,9ab0b543
2026-08-06T11:31:29.057700+05:30,WAIT,Neutral,Ignore,Neutral,None,None,Low,Flat,Above,Rejected,Above,,,2026-08-06T11:30:00+05:30,58080.0,58085.0,58085.2,58077.8,930.0,4716.0,89.0577,58074.91354180171,58010.7111989894,0.39999999999417923,9ab0b543
2026-08-06T11:31:31.087757+05:30,WAIT,Neutral,Ignore,Neutral,None,None,Normal,Flat,Above,Rejected,Above,,,2026-08-06T11:30:00+05:30,58080.0,58085.0,58085.2,58077.8,1530.0,4716.0,91.082231,58074.91354180171,58010.93878578858,0.39999999999417923,9ab0b543
2026-08-06T11:31:34.096787+05:30,WAIT,Neutral,Ignore,Neutral,None,Bullish,Normal,Flat,Above,Rejected,Above,,,2026-08-06T11:30:00+05:30,58088.8,58085.0,58088.8,58077.8,1560.0,4716.0,94.096787,58076.513541801716,58010.951570881225,2.0,9ab0b543
2026-08-06T11:31:38.124957+05:30,WAIT,Neutral,Ignore,Neutral,None,None,Normal,Flat,Above,Rejected,Above,,,2026-08-06T11:30:00+05:30,58084.4,58085.0,58088.8,58077.8,1650.0,4716.0,98.124957,58075.71354180171,58010.98773455878,1.0181818181808922,9ab0b543
2026-08-06T11:31:41.168248+05:30,WAIT,Neutral,Ignore,Neutral,None,Bullish,Normal,Flat,Above,Above,Above,,,2026-08-06T11:30:00+05:30,58092.0,58085.0,58092.0,58077.8,1650.0,4716.0,101.168248,58077.095359983534,58010.98773455878,2.400000000001455,9ab0b543
2026-08-06T11:31:45.425105+05:30,WAIT,Neutral,Ignore,Neutral,None,None,Normal,Flat,Above,Rejected,Above,,,2026-08-06T11:30:00+05:30,58085.0,58085.0,58092.0,58077.8,1800.0,4716.0,105.425105,58075.822632710806,58011.049568164424,1.127272727273521,9ab0b543
2026-08-06T11:31:52.426124+05:30,WAIT,Neutral,Ignore,Neutral,None,None,Normal,Flat,Above,Below,Above,,,2026-08-06T11:30:00+05:30,58078.8,58085.0,58092.0,58077.8,1920.0,4716.0,112.426124,58074.69535998353,58011.09476674315,-0.21818181817798177,9ab0b543
2026-08-06T11:32:07.409031+05:30,WAIT,Neutral,Ignore,Neutral,Bearish,Bearish,Normal,Flat,Above,Below,Above,,trend,2026-08-06T11:30:00+05:30,58066.4,58085.0,58092.0,58066.4,1950.0,4716.0,127.409031,58072.440814528985,58011.10586050576,-3.381818181820563,9ab0b543
2026-08-06T11:32:09.431366+05:30,WAIT,Neutral,Ignore,Neutral,Bullish,None,Normal,Flat,Above,Rejected,Above,,,2026-08-06T11:30:00+05:30,58080.0,58085.0,58092.0,58066.4,2070.0,4716.0,129.431366,58074.91354180171,58011.1443043502,-0.9090909090955392,9ab0b543
2026-08-06T11:32:17.467845+05:30,WAIT,Neutral,Ignore,Neutral,Bearish,Bearish,Normal,Flat,Above,Below,Above,,trend,2026-08-06T11:30:00+05:30,58066.2,58085.0,58092.0,58066.2,2070.0,4716.0,137.467845,58072.40445089262,58011.1443043502,-2.6909090909102815,9ab0b543
2026-08-06T11:32:19.481005+05:30,WAIT,Neutral,Ignore,Neutral,Bullish,None,Normal,Flat,Above,Below,Above,,,2026-08-06T11:30:00+05:30,58078.8,58085.0,58092.0,58066.2,2130.0,4716.0,139.481005,58074.69535998353,58011.16439133519,-0.4000000000014552,9ab0b543
2026-08-06T11:32:26.499211+05:30,WAIT,Neutral,Ignore,Neutral,Bearish,Bearish,Normal,Flat,Above,Below,Above,,trend,2026-08-06T11:30:00+05:30,58069.6,58085.0,58092.0,58066.2,2160.0,4716.0,146.499211,58073.0226327108,58011.173955264596,-2.8363636363646947,9ab0b543
2026-08-06T11:32:32.542279+05:30,WAIT,Neutral,Ignore,Neutral,Bullish,None,Normal,Flat,Above,Below,Above,,,2026-08-06T11:30:00+05:30,58076.6,58085.0,58092.0,58066.2,2160.0,4716.0,152.54128,58074.29535998353,58011.173955264596,-0.618181818179437,9ab0b543
2026-08-06T11:32:54.521422+05:30,WAIT,Neutral,Ignore,Neutral,Bullish,None,Low,Flat,Above,Below,Above,,,2026-08-06T11:30:00+05:30,58076.6,58085.0,58092.0,58066.2,2190.0,4716.0,174.520304,58074.29535998353,58011.1846615393,-0.4000000000014552,9ab0b543
2026-08-06T11:32:58.530421+05:30,WAIT,Neutral,Ignore,Neutral,Bearish,Bearish,Low,Flat,Above,Below,Above,,,2026-08-06T11:30:00+05:30,58065.8,58085.0,58092.0,58065.8,2190.0,4716.0,178.529643,58072.33172361989,58011.1846615393,-2.363636363639671,9ab0b543
2026-08-06T11:33:42.769915+05:30,WAIT,Neutral,Ignore,Neutral,Bearish,Bearish,Normal,Flat,Above,Below,Above,,trend,2026-08-06T11:30:00+05:30,58069.8,58085.0,58092.0,58065.8,3150.0,4716.0,222.769915,58073.058996347165,58011.48225080037,-1.2363636363661499,9ab0b543
2026-08-06T11:34:03.833336+05:30,WAIT,Neutral,Ignore,Neutral,Bullish,None,Normal,Flat,Above,Below,Above,,,2026-08-06T11:30:00+05:30,58075.0,58085.0,58092.0,58065.4,3240.0,4716.0,243.83244,58074.00445089262,58011.510879704954,1.6727272727293894,9ab0b543
2026-08-06T11:34:17.911315+05:30,WAIT,Neutral,Ignore,Neutral,Bearish,Bearish,Low,Flat,Above,Below,Above,,,2026-08-06T11:30:00+05:30,58067.4,58085.0,58092.0,58065.4,3240.0,4716.0,257.910293,58072.6226327108,58011.510879704954,-0.4363636363632395,9ab0b543
2026-08-06T11:35:01.936101+05:30,WAIT,Neutral,Ignore,Neutral,None,None,Unknown,Flat,Above,Below,Above,,,2026-08-06T11:35:00+05:30,58063.0,58063.0,58063.0,58063.0,0.0,4416.0,1.936101,58070.218517672474,58011.53671599718,-2.8768423110595904,9ab0b543
2026-08-06T11:35:56.621926+05:30,WAIT,Neutral,Ignore,Unknown,None,None,Low,Flat,Above,Below,Above,,,2026-08-06T11:35:00+05:30,58061,58060,58061.4,58057.2,210,4446.0,56.613327,58068.53226673333,58011.63912996546,,9ab0b543
2026-08-06T11:36:19.085676+05:30,WAIT,Neutral,Ignore,Unknown,None,None,Low,Flat,Above,Below,Above,,,2026-08-06T11:35:00+05:30,58070,58060,58070,58057.2,270,4446.0,79.079659,58070.16863036969,58011.66328909032,,9ab0b543
2026-08-06T11:36:36.138243+05:30,WAIT,Neutral,Ignore,Unknown,Bearish,None,Low,Flat,Above,Below,Above,,,2026-08-06T11:35:00+05:30,58068.8,58060,58070,58057.2,300,4446.0,96.137307,58069.95044855151,58011.672536009064,,9ab0b543
2026-08-06T11:36:49.346825+05:30,WAIT,Neutral,Ignore,Unknown,None,None,Low,Flat,Above,Below,Above,,,2026-08-06T11:35:00+05:30,58070.0,58060,58070,58057.2,300,4446.0,109.338711,58070.16863036969,58011.672536009064,,9ab0b543
2026-08-06T11:36:56.331613+05:30,WAIT,Neutral,Ignore,Unknown,Bearish,None,Low,Flat,Above,Below,Above,,,2026-08-06T11:35:00+05:30,58068.8,58060,58070,58057.2,660,4446.0,116.331613,58069.95044855151,58011.785398158616,,9ab0b543
2026-08-06T11:37:05.384830+05:30,WAIT,Neutral,Ignore,Unknown,Bearish,Bearish,Low,Flat,Above,Below,Above,,,2026-08-06T11:35:00+05:30,58055.0,58060,58070,58055.0,720,4446.0,125.38338,58067.44135764242,58011.80129178104,,9ab0b543
2026-08-06T11:37:12.371483+05:30,WAIT,Neutral,Ignore,Unknown,Bearish,Bearish,Low,Flat,At,Below,Above,,,2026-08-06T11:35:00+05:30,58051.0,58060,58070,58051.0,780,4446.0,132.370378,58066.71408491515,58011.81523809524,,9ab0b543
2026-08-06T11:37:21.417781+05:30,WAIT,Neutral,Ignore,Neutral,Bearish,Bearish,Low,Flat,At,Below,Above,,,2026-08-06T11:35:00+05:30,58050.8,58060,58070,58050.8,870,4446.0,141.416791,58066.677721278786,58011.83417231365,-3.490909090905916,9ab0b543
2026-08-06T11:38:55.697800+05:30,WAIT,Neutral,Ignore,Neutral,Bearish,Bearish,Low,Flat,Above,Below,Above,,,2026-08-06T11:35:00+05:30,58052.8,58060,58070,58046.2,1320,4446.0,235.6978,58067.041357642425,58011.92415902141,1.2000000000043656,9ab0b543
2026-08-06T11:39:00.699475+05:30,WAIT,Neutral,Ignore,Neutral,Bearish,None,Low,Flat,Above,Below,Above,,,2026-08-06T11:35:00+05:30,58061.0,58060,58070,58046.2,1350,4446.0,240.69845,58068.53226673333,58011.932056646285,2.6909090909102815,9ab0b543
2026-08-06T11:40:02.815275+05:30,WAIT,Neutral,Ignore,Neutral,None,None,Unknown,Flat,Above,Below,Above,,,2026-08-06T11:40:00+05:30,58064.8,58064.8,58064.8,58064.8,0.0,4152.0,2.815275,58068.41896203801,58011.98067524116,-0.11330469531822018,9ab0b543
2026-08-06T11:40:30.941289+05:30,WAIT,Neutral,Ignore,Neutral,None,None,Low,Flat,Above,Below,Above,,,2026-08-06T11:40:00+05:30,58066.4,58064.8,58066.4,58064.8,30.0,4152.0,30.933842,58068.70987112892,58011.98942292236,0.17760439559060615,9ab0b543
2026-08-06T11:40:52.013067+05:30,WAIT,Neutral,Ignore,Neutral,Bullish,None,Low,Flat,Above,Below,Above,,,2026-08-06T11:40:00+05:30,58070.0,58064.8,58070.0,58064.8,150.0,4152.0,52.013067,58069.36441658347,58012.02621686747,0.14124075922882184,9ab0b543
2026-08-06T11:41:22.061543+05:30,WAIT,Neutral,Ignore,Neutral,Bearish,Bearish,Low,Flat,Above,Below,Above,,,2026-08-06T11:40:00+05:30,58061.0,58064.8,58071.8,58061.0,270.0,4152.0,82.060546,58067.72805294711,58012.06373414673,-0.9818181818118319,9ab0b543
2026-08-06T11:42:48.579424+05:30,WAIT,Neutral,Ignore,Neutral,Bearish,Bearish,Low,Flat,At,Below,Above,,,2026-08-06T11:40:00+05:30,58056.2,58064.8,58071.8,58056.2,600.0,4152.0,168.57842,58066.855325674376,58012.14971153846,-1.2363636363661499,9ab0b543
2026-08-06T11:43:17.674438+05:30,WAIT,Neutral,Ignore,Neutral,Bearish,Bearish,Low,Flat,Below,Below,Above,,,2026-08-06T11:40:00+05:30,58034.2,58064.8,58071.8,58034.2,1080.0,4152.0,197.673441,58062.855325674376,58012.24031329923,-4.6909090909102815,9ab0b543
2026-08-06T11:45:01.075893+05:30,WAIT,Neutral,Ignore,Neutral,None,None,Unknown,Flat,Below,Below,Above,,,2026-08-06T11:45:00+05:30,58020.2,58020.2,58020.2,58020.2,60.0,4054.5,1.075893,58053.017167287304,58012.34369055168,-8.165431114350213,9ab0b543
2026-08-06T11:45:30.141878+05:30,WAIT,Neutral,Ignore,Neutral,None,None,Low,Flat,Below,Below,Above,,,2026-08-06T11:45:00+05:30,58020.2,58020.2,58022.8,58020.2,180.0,4054.5,30.135764,58053.017167287304,58012.349112801014,-7.947249296164955,9ab0b543
2026-08-06T11:45:37.170995+05:30,WAIT,Neutral,Ignore,Neutral,None,Bearish,Low,Flat,Below,Below,Above,,,2026-08-06T11:45:00+05:30,58020.0,58020.2,58022.8,58020.0,210.0,4054.5,37.170995,58052.98080365094,58012.35035640741,-8.747249296167865,9ab0b543
2026-08-06T11:45:38.171053+05:30,WAIT,Neutral,Ignore,Neutral,None,None,Low,Flat,Below,Below,Above,,,2026-08-06T11:45:00+05:30,58030.0,58020.2,58030.0,58020.0,330.0,4054.5,38.170161,58054.798985469126,58012.36153237296,-6.929067477984063,9ab0b543
2026-08-06T11:46:13.332882+05:30,WAIT,Neutral,Ignore,Neutral,None,Bearish,Low,Flat,Below,Below,Above,,,2026-08-06T11:45:00+05:30,58019.8,58020.2,58030.0,58019.8,450.0,4054.5,73.332882,58052.94444001458,58012.36785318779,-0.0727272727235686,9ab0b543
2026-08-06T11:46:21.452397+05:30,WAIT,Neutral,Ignore,Neutral,None,None,Low,Flat,Below,Below,Above,,,2026-08-06T11:45:00+05:30,58030.0,58020.2,58030.0,58019.8,450.0,4054.5,81.451399,58054.798985469126,58012.36785318779,1.7818181818220182,9ab0b543
2026-08-06T11:48:18.700900+05:30,WAIT,Neutral,Ignore,Neutral,None,Bearish,Low,Flat,Below,Below,Above,,,2026-08-06T11:45:00+05:30,58017.4,58020.2,58030.0,58017.4,2010.0,4054.5,198.700007,58052.50807637822,58012.46605994037,-1.745454545452958,9ab0b543
2026-08-06T11:48:30.807664+05:30,WAIT,Neutral,Ignore,Neutral,None,Bearish,Normal,Flat,Below,Below,Above,,,2026-08-06T11:45:00+05:30,58015.0,58020.2,58030.0,58015.0,2700.0,4054.5,210.799557,58052.07171274185,58012.47629768605,-2.1818181818234734,9ab0b543
2026-08-06T11:50:01.162891+05:30,WAIT,Neutral,Ignore,Neutral,None,None,Unknown,Flat,Below,Below,Above,,,2026-08-06T11:50:00+05:30,58014.0,58014.0,58014.0,58014.0,0.0,4024.5,1.161877,58045.00082282184,58012.489213099485,-6.779980829094711,9ab0b543
2026-08-06T11:50:30.297769+05:30,WAIT,Neutral,Ignore,Neutral,None,None,Low,Flat,Below,Below,Above,,,2026-08-06T11:50:00+05:30,58025.0,58014.0,58025.0,58014.0,90.0,4024.5,30.290735,58047.00082282184,58012.493329196404,-4.88907173818734,9ab0b543
2026-08-06T11:51:16.337588+05:30,WAIT,Neutral,Ignore,Bullish,None,None,Low,Flat,At,Below,Above,,,2026-08-06T11:50:00+05:30,58045.8,58014.0,58045.8,58014.0,270.0,4024.5,76.337588,58050.782641003665,58012.504401735896,5.781818181822018,9ab0b543
2026-08-06T11:52:33.740918+05:30,WAIT,Neutral,Ignore,Bullish,Bullish,None,Low,Flat,At,Below,Above,,,2026-08-06T11:50:00+05:30,58052.0,58014.0,58052.0,58014.0,660.0,4024.5,153.740064,58051.90991373093,58012.57531322506,1.2727272727279342,9ab0b543
2026-08-06T11:52:44.784137+05:30,WAIT,Neutral,Ignore,Bullish,Bullish,None,Low,Flat,Above,Below,Above,,,2026-08-06T11:50:00+05:30,58060.0,58014.0,58060.0,58014.0,660.0,4024.5,164.78329,58053.36445918548,58012.57531322506,2.5818181818176527,9ab0b543
2026-08-06T11:55:02.074628+05:30,WAIT,Neutral,Ignore,Bullish,None,None,Unknown,Flat,Above,Below,Above,,,2026-08-06T11:55:00+05:30,58066.8,58066.8,58066.8,58066.8,0.0,3922.5,2.073735,58056.81885503605,58012.72446020975,2.5453049414791167,9ab0b543
2026-08-06T11:55:30.081521+05:30,WAIT,Neutral,Ignore,Bullish,None,None,Low,Flat,Above,Below,Above,,,2026-08-06T11:55:00+05:30,58068.6,58066.8,58068.6,58066.8,60.0,3922.5,30.075086,58057.14612776333,58012.741658957755,2.581668577848177,9ab0b543
2026-08-06T11:56:27.448160+05:30,WAIT,Neutral,Ignore,Bullish,None,None,Normal,Flat,Above,Below,Above,,,2026-08-06T11:55:00+05:30,58080.0,58066.8,58080.0,58066.8,1320.0,3922.5,87.447147,58059.21885503605,58013.15560661765,2.0727272727235686,9ab0b543
2026-08-06T11:56:35.492142+05:30,WAIT,Neutral,Ignore,Bullish,None,None,Normal,Flat,Above,Rejected,Above,,,2026-08-06T11:55:00+05:30,58085.6,58066.8,58085.6,58066.8,1470.0,3922.5,95.491141,58060.23703685423,58013.20982703199,3.0909090909044608,9ab0b543
2026-08-06T11:56:43.553530+05:30,WAIT,Neutral,Ignore,Bullish,None,None,Normal,Flat,Above,Below,Above,,,2026-08-06T11:55:00+05:30,58077.2,58066.8,58085.6,58066.8,1530.0,3922.5,103.552532,58058.70976412696,58013.23188982403,1.5636363636294845,9ab0b543
2026-08-06T11:56:50.572029+05:30,WAIT,Neutral,Ignore,Bullish,None,None,Normal,Flat,Above,Rejected,Above,,,2026-08-06T11:55:00+05:30,58085.8,58066.8,58085.8,58066.8,1560.0,3922.5,110.571027,58060.2734004906,58013.241676866586,2.9454545454573235,9ab0b543
2026-08-06T11:56:51.547897+05:30,WAIT,Neutral,Ignore,Bullish,None,None,Normal,Flat,Above,Below,Above,,,2026-08-06T11:55:00+05:30,58077.6,58066.8,58085.8,58066.8,1620.0,3922.5,111.547897,58058.78249139969,58013.2613643316,1.4545454545441316,9ab0b543
2026-08-06T11:56:58.604443+05:30,WAIT,Neutral,Ignore,Bullish,None,None,Normal,Flat,Above,Rejected,Above,,,2026-08-06T11:55:00+05:30,58086.6,58066.8,58086.6,58066.8,1770.0,3922.5,118.604443,58060.41885503605,58013.315910132966,2.3999999999941792,9ab0b543
2026-08-06T11:57:09.704063+05:30,WAIT,Neutral,Ignore,Bullish,None,None,High,Flat,Above,Rejected,Above,,,2026-08-06T11:55:00+05:30,58090.0,58066.8,58090.0,58066.8,2550.0,3922.5,129.702268,58061.037036854235,58013.615984168064,3.2000000000043656,9ab0b543
2026-08-06T11:57:21.754028+05:30,WAIT,Neutral,Ignore,Bullish,None,None,High,Flat,Above,Above,Above,,,2026-08-06T11:55:00+05:30,58095.8,58066.8,58095.8,58066.8,3210.0,3922.5,141.752914,58062.09158230878,58013.88645122136,3.7090909090911737,9ab0b543
2026-08-06T11:57:45.891167+05:30,WAIT,Neutral,Ignore,Bullish,None,None,High,Flat,Above,Rejected,Above,,,2026-08-06T11:55:00+05:30,58090.6,58066.8,58099.0,58066.8,3930.0,3922.5,165.890153,58061.14612776333,58014.1878760393,2.4363636363705155,9ab0b543
2026-08-06T11:58:08.018412+05:30,WAIT,Neutral,Ignore,Bullish,None,None,High,Flat,Above,Above,Above,,,2026-08-06T11:55:00+05:30,58097.4,58066.8,58099.0,58066.8,4320.0,3922.5,188.017193,58062.38249139969,58014.338292094144,1.7090909090911737,9ab0b543
2026-08-06T11:59:11.284124+05:30,WAIT,Neutral,Ignore,Bullish,None,None,High,Falling,Above,Above,Above,,,2026-08-06T11:55:00+05:30,58099.8,58066.8,58100.0,58066.8,9300.0,3922.5,251.284124,58062.81885503605,58016.41677951133,0.32727272727061063,9ab0b543
2026-08-06T12:00:01.590838+05:30,WAIT,Neutral,Ignore,Bullish,None,None,Unknown,Flat,Above,Above,Above,,,2026-08-06T12:00:00+05:30,58110.2,58110.2,58110.2,58110.2,30.0,4389.0,1.590838,58073.66501362454,58017.66220415275,10.809794952117954,9ab0b543
2026-08-06T12:00:12.667230+05:30,WAIT,Neutral,Ignore,Bullish,None,Bullish,Unknown,Flat,Above,Above,Above,,,2026-08-06T12:00:00+05:30,58114.8,58110.2,58114.8,58110.0,180.0,4389.0,12.666217,58074.5013772609,58017.730615206034,11.646158588482649,9ab0b543
2026-08-06T12:00:19.711728+05:30,WAIT,Neutral,Ignore,Bullish,None,None,Unknown,Flat,Above,Above,Above,,,2026-08-06T12:00:00+05:30,58110.0,58110.2,58114.8,58110.0,240.0,4389.0,19.711193,58073.628649988175,58017.7575572962,10.555249497578188,9ab0b543
2026-08-06T12:00:22.706969+05:30,WAIT,Neutral,Ignore,Bullish,None,Bullish,Unknown,Flat,Above,Above,Above,,,2026-08-06T12:00:00+05:30,58110.4,58110.2,58114.8,58108.2,450.0,4389.0,22.706969,58073.7013772609,58017.85115200696,9.10070404302678,9ab0b543
2026-08-06T12:00:32.770131+05:30,WAIT,Neutral,Ignore,Bullish,None,None,Unknown,Flat,Above,Above,Above,,,2026-08-06T12:00:00+05:30,58100.6,58110.2,58114.8,58100.6,690.0,4389.0,32.769141,58071.919559079084,58017.95544941381,6.337067679392931,9ab0b543
2026-08-06T12:01:10.880288+05:30,WAIT,Neutral,Ignore,Bullish,None,None,Normal,Flat,Above,Above,Above,,,2026-08-06T12:00:00+05:30,58100.6,58110.2,58114.8,58100.6,1170.0,4389.0,70.879569,58071.919559079084,58018.14671480144,-1.7090909090911737,9ab0b543
2026-08-06T12:01:11.895966+05:30,WAIT,Neutral,Ignore,Bullish,None,None,Normal,Flat,Above,Rejected,Above,,,2026-08-06T12:00:00+05:30,58100.0,58110.2,58114.8,58100.0,1170.0,4389.0,71.895966,58071.81046816999,58018.14671480144,-1.8181818181838025,9ab0b543
2026-08-06T12:01:15.866006+05:30,WAIT,Neutral,Ignore,Bullish,None,None,Normal,Flat,Above,Above,Above,,,2026-08-06T12:00:00+05:30,58100.6,58110.2,58114.8,58100.0,1200.0,4389.0,75.866006,58071.919559079084,58018.15853306382,-1.8181818181765266,9ab0b543
2026-08-06T12:01:22.869602+05:30,WAIT,Neutral,Ignore,Bullish,None,None,Normal,Flat,Above,Rejected,Above,,,2026-08-06T12:00:00+05:30,58100.0,58110.2,58114.8,58100.0,1380.0,4389.0,82.868604,58071.81046816999,58018.22980380843,-1.8909090909073711,9ab0b543
2026-08-06T12:01:23.869672+05:30,WAIT,Neutral,Ignore,Bullish,None,None,Normal,Flat,Above,Above,Above,,,2026-08-06T12:00:00+05:30,58101.6,58110.2,58114.8,58100.0,1440.0,4389.0,83.86867,58072.1013772609,58018.25385059129,-1.7090909090911737,9ab0b543
2026-08-06T12:01:26.847120+05:30,WAIT,Neutral,Ignore,Bullish,None,None,Normal,Flat,Above,Rejected,Above,,,2026-08-06T12:00:00+05:30,58097.2,58110.2,58114.8,58097.2,1440.0,4389.0,86.846101,58071.3013772609,58018.25385059129,-2.509090909094084,9ab0b543
2026-08-06T12:01:49.902593+05:30,WAIT,Neutral,Ignore,Bullish,None,None,Normal,Flat,Above,Above,Above,,,2026-08-06T12:00:00+05:30,58100.8,58110.2,58114.8,58095.0,1710.0,4389.0,109.90208,58071.955922715446,58018.35768399827,0.0363636363617843,9ab0b543
2026-08-06T12:02:34.008613+05:30,WAIT,Neutral,Ignore,Bullish,None,None,Low,Flat,Above,Above,Above,,,2026-08-06T12:00:00+05:30,58105.0,58110.2,58114.8,58095.0,1800.0,4389.0,154.008613,58072.71955907908,58018.394701986756,0.9090909090882633,9ab0b543
2026-08-06T12:03:21.980608+05:30,WAIT,Neutral,Ignore,Bullish,None,None,Low,Flat,Above,Rejected,Above,,,2026-08-06T12:00:00+05:30,58094.2,58110.2,58114.8,58094.2,1830.0,4389.0,201.980608,58070.75592271544,58018.40705340435,-1.9636363636382157,9ab0b543
2026-08-06T12:05:24.275533+05:30,WAIT,Neutral,Ignore,Bullish,None,None,Unknown,Flat,Above,Rejected,Above,,,2026-08-06T12:05:00+05:30,58090.0,58090.0,58090.0,58090.0,0.0,4363.5,24.275533,58073.63005246966,58018.570726802645,2.6923115723984665,9ab0b543
2026-08-06T12:06:02.680947+05:30,WAIT,Neutral,Ignore,Unknown,None,None,Low,Flat,Above,Rejected,Above,,,2026-08-06T12:05:00+05:30,58094.2,58090.2,58094.2,58090.2,150,4371.0,62.668825,58074.05705160668,58018.66555746797,,9ab0b543
2026-08-06T12:07:06.083862+05:30,WAIT,Neutral,Ignore,Neutral,None,None,Low,Flat,Above,Rejected,Above,,,2026-08-06T12:05:00+05:30,58093.0,58090.2,58100.0,58090.2,570,4371.0,126.082088,58073.8388697885,58018.82471609886,-0.21818181817798177,9ab0b543
2026-08-06T12:07:16.067533+05:30,WAIT,Neutral,Ignore,Neutral,None,None,Low,Flat,Above,Below,Above,,,2026-08-06T12:05:00+05:30,58089.4,58090.2,58100.0,58089.4,630,4371.0,136.067533,58073.18432433395,58018.84508681549,-1.5636363636367605,9ab0b543
2026-08-06T12:07:31.104609+05:30,WAIT,Neutral,Ignore,Neutral,None,Bullish,Low,Flat,Above,Rejected,Above,,,2026-08-06T12:05:00+05:30,58090.8,58090.2,58100.0,58086.8,900,4371.0,151.104609,58073.4388697885,58018.935267495595,-1.6727272727293894,9ab0b543
2026-08-06T12:07:32.111434+05:30,WAIT,Neutral,Ignore,Neutral,None,None,Low,Flat,Above,Below,Above,,,2026-08-06T12:05:00+05:30,58088.0,58090.2,58100.0,58086.8,900,4371.0,152.111434,58072.929778879414,58018.935267495595,-2.1818181818161975,9ab0b543
2026-08-06T12:07:35.122777+05:30,WAIT,Neutral,Ignore,Neutral,None,Bullish,Low,Flat,Above,Rejected,Above,,,2026-08-06T12:05:00+05:30,58090.4,58090.2,58100.0,58086.8,1530,4371.0,155.122777,58073.36614251578,58019.14364016339,-1.745454545452958,9ab0b543
2026-08-06T12:08:11.309986+05:30,WAIT,Neutral,Ignore,Neutral,None,None,Low,Flat,Above,Rejected,Above,,,2026-08-06T12:05:00+05:30,58090.0,58090.2,58100.0,58086.8,1560,4371.0,191.309089,58073.293415243046,58019.15458992259,0.0,9ab0b543
2026-08-06T12:08:13.340254+05:30,WAIT,Neutral,Ignore,Neutral,None,Bullish,Low,Flat,Above,Rejected,Above,,,2026-08-06T12:05:00+05:30,58090.4,58090.2,58100.0,58086.8,1590,4371.0,193.339741,58073.36614251578,58019.16468186135,0.07272727273084456,9ab0b543
2026-08-06T12:08:20.407693+05:30,WAIT,Neutral,Ignore,Neutral,None,None,Low,Flat,Above,Rejected,Above,,,2026-08-06T12:05:00+05:30,58090.2,58090.2,58100.0,58086.8,1650,4371.0,200.406694,58073.32977887941,58019.18562612741,0.14545454545441316,9ab0b543
2026-08-06T12:08:23.431377+05:30,WAIT,Neutral,Ignore,Neutral,None,Bullish,Low,Flat,Above,Rejected,Above,,,2026-08-06T12:05:00+05:30,58096.0,58090.2,58100.0,58086.8,1740,4371.0,203.431377,58074.38432433396,58019.21677817319,1.6727272727293894,9ab0b543
2026-08-06T12:08:51.558719+05:30,WAIT,Neutral,Ignore,Neutral,None,None,Low,Flat,Above,Rejected,Above,,,2026-08-06T12:05:00+05:30,58090.2,58090.2,58100.0,58086.8,2190,4371.0,231.558719,58073.32977887941,58019.37634469697,-1.0545454545499524,9ab0b543
2026-08-06T12:08:55.558018+05:30,WAIT,Neutral,Ignore,Neutral,None,Bullish,Low,Flat,Above,Rejected,Above,,,2026-08-06T12:05:00+05:30,58091.0,58090.2,58100.0,58086.8,2310,4371.0,235.558018,58073.47523342486,58019.41659095211,-0.9090909090955392,9ab0b543
2026-08-06T12:09:13.565439+05:30,WAIT,Neutral,Ignore,Neutral,None,None,Low,Flat,Above,Below,Above,,,2026-08-06T12:05:00+05:30,58088.8,58090.2,58100.0,58086.8,2460,4371.0,253.564436,58073.07523342487,58019.46677070034,-0.29090909090882633,9ab0b543
2026-08-06T12:10:01.651349+05:30,WAIT,Neutral,Ignore,Neutral,None,None,Unknown,Flat,Above,Below,Above,,,2026-08-06T12:10:00+05:30,58084.8,58084.8,58084.8,58084.8,0.0,4249.5,1.65048,58074.61196784349,58019.505297981945,1.245825327714556,9ab0b543
2026-08-06T12:10:07.684112+05:30,WAIT,Neutral,Ignore,Neutral,None,None,Unknown,Flat,Above,Rejected,Above,,,2026-08-06T12:10:00+05:30,58091.0,58084.8,58091.0,58084.8,120.0,4249.5,7.684112,58075.73924057076,58019.545198620755,2.3367344186190167,9ab0b543
2026-08-06T12:10:11.679011+05:30,WAIT,Neutral,Ignore,Neutral,None,None,Unknown,Flat,Above,Below,Above,,,2026-08-06T12:10:00+05:30,58087.8,58084.8,58091.0,58084.8,120.0,4249.5,11.679011,58075.15742238894,58019.545198620755,1.754916236801364,9ab0b543
2026-08-06T12:10:14.684477+05:30,WAIT,Neutral,Ignore,Neutral,None,None,Unknown,Flat,Above,Rejected,Above,,,2026-08-06T12:10:00+05:30,58090.0,58084.8,58091.0,58084.8,180.0,4249.5,14.684477,58075.55742238894,58019.56484865656,2.48218896407343,9ab0b543
2026-08-06T12:10:16.650769+05:30,WAIT,Neutral,Ignore,Neutral,None,None,Unknown,Flat,Above,Below,Above,,,2026-08-06T12:10:00+05:30,58089.0,58084.8,58091.0,58084.8,270.0,4249.5,16.649922,58075.375604207125,58019.59443028415,2.2276435095336637,9ab0b543
2026-08-06T12:10:32.622224+05:30,WAIT,Neutral,Ignore,Neutral,None,None,Low,Flat,Above,Below,Above,,,2026-08-06T12:10:00+05:30,58087.0,58084.8,58091.0,58084.8,360.0,4249.5,32.620518,58075.011967843486,58019.623307383816,1.8640071458939929,9ab0b543
2026-08-06T12:10:56.671466+05:30,WAIT,Neutral,Ignore,Neutral,None,None,Unknown,Flat,Above,Below,Above,,,2026-08-06T12:10:00+05:30,58082.4,58084.8,58091.0,58082.4,780.0,4249.5,56.671466,58074.17560420712,58019.749324292505,1.8276435095249326,9ab0b543
2026-08-06T12:11:24.653809+05:30,WAIT,Neutral,Ignore,Neutral,None,Bullish,Unknown,Flat,Above,Below,Above,,,2026-08-06T12:10:00+05:30,58087.2,58084.8,58091.0,58081.2,990.0,4249.5,84.652905,58075.04833147985,58019.81220246496,0.0727272727235686,9ab0b543
2026-08-06T12:11:27.638654+05:30,WAIT,Neutral,Ignore,Neutral,None,Bullish,Low,Flat,Above,Below,Above,,,2026-08-06T12:10:00+05:30,58087.2,58084.8,58091.0,58081.2,990.0,4249.5,87.637762,58075.04833147985,58019.81220246496,0.0363636363617843,9ab0b543
2026-08-06T12:11:42.737024+05:30,WAIT,Neutral,Ignore,Neutral,None,Bullish,Low,Flat,Above,Rejected,Above,,,2026-08-06T12:10:00+05:30,58091.4,58084.8,58091.4,58081.2,1080.0,4249.5,102.737024,58075.81196784349,58019.84249776649,1.0181818181808922,9ab0b543
2026-08-06T12:12:23.100094+05:30,WAIT,Neutral,Ignore,Neutral,None,Bullish,Normal,Flat,Above,Rejected,Above,,,2026-08-06T12:10:00+05:30,58090.6,58084.8,58096.2,58081.2,2130.0,4249.5,143.099105,58075.666513298034,58020.2053153659,1.2727272727279342,9ab0b543
2026-08-06T12:12:34.163534+05:30,WAIT,Neutral,Ignore,Neutral,None,Bullish,Normal,Flat,Above,Below,Above,,,2026-08-06T12:10:00+05:30,58088.4,58084.8,58096.2,58081.2,2160.0,4249.5,154.163534,58075.26651329803,58020.21519532164,0.21818181818525773,9ab0b543
2026-08-06T12:13:11.152327+05:30,WAIT,Neutral,Ignore,Neutral,None,None,Normal,Flat,Above,Below,Above,,,2026-08-06T12:10:00+05:30,58083.4,58084.8,58096.2,58081.2,2400.0,4249.5,191.151771,58074.357422388945,58020.29026590028,-2.2909090909088263,9ab0b543
2026-08-06T12:13:26.199974+05:30,WAIT,Neutral,Ignore,Neutral,None,Bullish,Normal,Flat,Above,Below,Above,,,2026-08-06T12:10:00+05:30,58085.0,58084.8,58096.2,58081.2,2430.0,4249.5,206.19908,58074.64833147985,58020.29908419774,-1.0181818181808922,9ab0b543
2026-08-06T12:13:37.218385+05:30,WAIT,Neutral,Ignore,Neutral,None,Bullish,Low,Flat,Above,Below,Above,,,2026-08-06T12:10:00+05:30,58085.0,58084.8,58096.2,58081.2,2460.0,4249.5,217.217384,58074.64833147985,58020.308152300866,-0.18181818181619747,9ab0b543
2026-08-06T12:13:46.230927+05:30,WAIT,Neutral,Ignore,Neutral,None,None,Low,Flat,Above,Below,Above,,,2026-08-06T12:10:00+05:30,58084.4,58084.8,58096.2,58081.2,2520.0,4249.5,226.230927,58074.53924057076,58020.32619681472,-0.29090909090882633,9ab0b543
2026-08-06T12:14:17.474783+05:30,WAIT,Neutral,Ignore,Neutral,None,Bullish,Low,Flat,Above,Below,Above,,,2026-08-06T12:10:00+05:30,58085.0,58084.8,58096.2,58081.2,2640.0,4249.5,257.473783,58074.64833147985,58020.36180740326,0.3272727272778866,9ab0b543
2026-08-06T12:14:37.540111+05:30,WAIT,Neutral,Ignore,Neutral,None,Bullish,Low,Flat,Above,Rejected,Above,,,2026-08-06T12:10:00+05:30,58090.0,58084.8,58096.2,58081.2,2940.0,4249.5,277.53925,58075.55742238894,58020.45381997856,0.9090909090882633,9ab0b543
2026-08-06T12:14:41.539518+05:30,WAIT,Neutral,Ignore,Neutral,None,Bullish,Low,Flat,Above,Below,Above,,,2026-08-06T12:10:00+05:30,58089.8,58084.8,58096.2,58081.2,3060.0,4249.5,281.538719,58075.52105875258,58020.49267179129,0.872727272726479,9ab0b543
2026-08-06T12:14:43.560350+05:30,WAIT,Neutral,Ignore,Neutral,None,Bullish,Low,Flat,Above,Rejected,Above,,,2026-08-06T12:10:00+05:30,58093.0,58084.8,58096.2,58081.2,3090.0,4249.5,283.559319,58076.1028769344,58020.50280417365,1.4545454545441316,9ab0b543
2026-08-06T12:14:44.567540+05:30,WAIT,Neutral,Ignore,Neutral,None,Bullish,Low,Flat,Above,Below,Above,,,2026-08-06T12:10:00+05:30,58089.8,58084.8,58096.2,58081.2,3090.0,4249.5,284.56754,58075.52105875258,58020.50280417365,0.872727272726479,9ab0b543
2026-08-06T12:14:55.648642+05:30,WAIT,Neutral,Ignore,Neutral,None,None,Low,Flat,Above,Below,Above,,,2026-08-06T12:10:00+05:30,58083.6,58084.8,58096.2,58081.2,3300.0,4249.5,295.648642,58074.393786025306,58020.56993810787,-0.14545454545441316,9ab0b543
2026-08-06T12:15:00.681967+05:30,WAIT,Neutral,Ignore,Neutral,None,None,Normal,Flat,At,Below,Above,,,2026-08-06T12:10:00+05:30,58083.6,58084.8,58096.2,58081.2,3330.0,3804.0,300.0,58074.393786025306,58020.578736273965,-0.14545454545441316,9ab0b543
2026-08-06T12:15:01.676962+05:30,WAIT,Neutral,Ignore,Neutral,None,None,Unknown,Flat,At,Below,Above,,,2026-08-06T12:15:00+05:30,58086.0,58083.6,58086.0,58083.6,0.0,3804.0,1.675927,58076.50400674798,58020.578736273965,1.9647661772178253,9ab0b543
2026-08-06T12:15:29.858259+05:30,WAIT,Neutral,Ignore,Neutral,None,None,Unknown,Flat,At,Rejected,Above,,,2026-08-06T12:15:00+05:30,58090.0,58083.6,58090.0,58083.6,210.0,3804.0,29.857467,58077.23127947525,58020.64290429043,2.5102207226736937,9ab0b543
2026-08-06T12:15:30.860421+05:30,WAIT,Neutral,Ignore,Neutral,None,None,Low,Flat,At,Rejected,Above,,,2026-08-06T12:15:00+05:30,58094.8,58083.6,58094.8,58083.6,210.0,3804.0,30.856298,58078.10400674798,58020.64290429043,3.3829479954001727,9ab0b543
2026-08-06T12:15:31.956773+05:30,WAIT,Neutral,Ignore,Neutral,None,None,Unknown,Flat,At,Rejected,Above,,,2026-08-06T12:15:00+05:30,58094.8,58083.6,58094.8,58083.6,390.0,3804.0,31.956773,58078.10400674798,58020.704899911754,3.3829479954001727,9ab0b543
2026-08-06T12:15:57.092660+05:30,WAIT,Neutral,Ignore,Neutral,None,None,Unknown,Flat,Above,Rejected,Above,,,2026-08-06T12:15:00+05:30,58098.0,58083.6,58098.0,58083.6,690.0,3804.0,57.09166,58078.685824929795,58020.80771763833,4.292038904488436,9ab0b543
2026-08-06T12:16:08.140449+05:30,WAIT,Neutral,Ignore,Neutral,None,None,High,Flat,Above,Rejected,Above,,,2026-08-06T12:15:00+05:30,58099.8,58083.6,58100.0,58083.6,1410.0,3804.0,68.139454,58079.01309765707,58021.06912587251,2.509090909094084,9ab0b543
2026-08-06T12:16:18.264193+05:30,WAIT,Neutral,Ignore,Neutral,None,None,High,Flat,Above,Above,Above,,,2026-08-06T12:15:00+05:30,58102.0,58083.6,58102.0,58083.6,1590.0,3804.0,78.263126,58079.41309765707,58021.13471895063,3.018181818180892,9ab0b543
2026-08-06T12:16:20.252999+05:30,WAIT,Neutral,Ignore,Neutral,None,None,High,Flat,Above,Rejected,Above,,,2026-08-06T12:15:00+05:30,58099.4,58083.6,58102.0,58083.6,1710.0,3804.0,80.252489,58078.94037038434,58021.17865484928,2.4363636363632395,9ab0b543
2026-08-06T12:16:21.236942+05:30,WAIT,Neutral,Ignore,Neutral,None,None,High,Flat,Above,Above,Above,,,2026-08-06T12:15:00+05:30,58101.2,58083.6,58102.0,58083.6,1740.0,3804.0,81.236942,58079.26764311161,58021.18973506877,2.76363636363385,9ab0b543
2026-08-06T12:16:22.234157+05:30,WAIT,Neutral,Ignore,Neutral,None,None,High,Flat,Above,Rejected,Above,,,2026-08-06T12:15:00+05:30,58098.6,58083.6,58102.0,58083.6,1740.0,3804.0,82.233519,58078.79491583889,58021.18973506877,2.2909090909088263,9ab0b543
2026-08-06T12:16:45.413280+05:30,WAIT,Neutral,Ignore,Neutral,None,None,High,Flat,Above,Above,Above,,,2026-08-06T12:15:00+05:30,58108.0,58083.6,58108.0,58083.6,3120.0,3804.0,105.412255,58080.50400674798,58021.702320675104,2.1818181818161975,9ab0b543
2026-08-06T12:19:18.776143+05:30,WAIT,Neutral,Ignore,Neutral,None,None,High,Rising,Above,Above,Above,,,2026-08-06T12:15:00+05:30,58116.6,58083.6,58123.2,58083.6,11370.0,3804.0,258.775128,58082.067643111615,58025.250890450305,-0.36363636363239493,9ab0b543
2026-08-06T12:20:00.860081+05:30,WAIT,Neutral,Ignore,Neutral,None,None,High,Rising,Above,Rejected,Above,,,2026-08-06T12:15:00+05:30,58103.4,58083.6,58123.2,58083.6,12210.0,4194.0,300.0,58079.667643111614,58025.57890195042,-2.2181818181852577,9ab0b543
2026-08-06T12:20:02.073164+05:30,WAIT,Neutral,Ignore,Neutral,None,None,Unknown,Flat,Above,Rejected,Above,,,2026-08-06T12:20:00+05:30,58103.4,58103.4,58103.4,58103.4,420.0,4194.0,2.073164,58083.98261709132,58025.72254010108,2.096792161522899,9ab0b543
2026-08-06T12:20:12.119010+05:30,WAIT,Neutral,Ignore,Neutral,None,None,Unknown,Flat,At,Below,Above,,,2026-08-06T12:20:00+05:30,58080.8,58103.4,58103.4,58080.8,570.0,4194.0,12.117998,58079.87352618223,58025.764145805886,-2.0486623839315143,9ab0b543
2026-08-06T12:20:13.133791+05:30,WAIT,Neutral,Ignore,Neutral,Bullish,None,Unknown,Flat,At,Below,Above,,,2026-08-06T12:20:00+05:30,58094.6,58103.4,58103.4,58080.8,570.0,4194.0,13.129907,58082.38261709132,58025.764145805886,0.4604285251625697,9ab0b543
2026-08-06T12:20:22.137469+05:30,WAIT,Neutral,Ignore,Neutral,Bullish,None,Unknown,Flat,At,Rejected,Above,,,2026-08-06T12:20:00+05:30,58096.0,58103.4,58103.4,58080.8,600.0,4194.0,22.136478,58082.63716254586,58025.77321389365,0.496792161524354,9ab0b543
2026-08-06T12:20:31.176684+05:30,WAIT,Neutral,Ignore,Neutral,Bullish,None,Unknown,Flat,Above,Rejected,Above,,,2026-08-06T12:20:00+05:30,58097.8,58103.4,58103.4,58080.8,630.0,4194.0,31.170682,58082.96443527314,58025.78246399719,1.369519434250833,9ab0b543
2026-08-06T12:20:33.195585+05:30,WAIT,Neutral,Ignore,Neutral,Bullish,None,Unknown,Flat,At,Rejected,Above,,,2026-08-06T12:20:00+05:30,58096.0,58103.4,58103.4,58080.8,780.0,4194.0,33.194817,58082.63716254586,58025.82915185819,1.0422467069729464,9ab0b543
2026-08-06T12:20:41.201729+05:30,WAIT,Neutral,Ignore,Neutral,Bullish,None,Unknown,Flat,At,Below,Above,,,2026-08-06T12:20:00+05:30,58090.6,58103.4,58103.4,58080.8,900.0,4194.0,41.200832,58081.655344364044,58025.866815769856,1.2604285251582041,9ab0b543
2026-08-06T12:21:06.226442+05:30,WAIT,Neutral,Ignore,Neutral,Bullish,None,Normal,Flat,Above,Rejected,Above,,,2026-08-06T12:20:00+05:30,58099.4,58103.4,58103.4,58080.8,1050.0,4194.0,66.226442,58083.25534436405,58025.911368218076,-0.39999999999417923,9ab0b543
2026-08-06T12:21:24.429045+05:30,WAIT,Neutral,Ignore,Unknown,None,Bullish,Low,Flat,Above,Rejected,Above,,,2026-08-06T12:20:00+05:30,58100,58096,58100,58090.6,570,4228.5,84.422775,58082.97397014098,58025.225587810324,,9ab0b543
2026-08-06T12:21:27.479723+05:30,WAIT,Neutral,Ignore,Unknown,None,None,Low,Flat,At,Rejected,Above,,,2026-08-06T12:20:00+05:30,58095.4,58096,58100,58090.6,570,4228.5,87.478721,58082.13760650461,58025.225587810324,,9ab0b543
2026-08-06T12:21:29.474896+05:30,WAIT,Neutral,Ignore,Unknown,None,None,Low,Flat,At,Below,Above,,,2026-08-06T12:20:00+05:30,58094.8,58096,58100,58090.6,600,4228.5,89.474896,58082.02851559552,58025.234725505645,,9ab0b543
2026-08-06T12:22:00.730532+05:30,WAIT,Neutral,Ignore,Unknown,None,None,Low,Flat,At,Rejected,Above,,,2026-08-06T12:20:00+05:30,58095.8,58096,58100,58088.8,1050,4228.5,120.729526,58082.21033377734,58025.36966837069,,9ab0b543
2026-08-06T12:22:03.741227+05:30,WAIT,Neutral,Ignore,Unknown,None,Bullish,Low,Flat,Above,Rejected,Above,,,2026-08-06T12:20:00+05:30,58098.2,58096,58100,58088.8,1050,4228.5,123.740219,58082.6466974137,58025.36966837069,,9ab0b543
2026-08-06T12:22:26.816745+05:30,WAIT,Neutral,Ignore,Neutral,None,Bullish,Low,Flat,Above,Rejected,Above,,,2026-08-06T12:20:00+05:30,58102.0,58096,58102.0,58088.8,1260,4228.5,146.815762,58083.33760650461,58025.43886851755,0.36363636363239493,9ab0b543
2026-08-06T12:22:44.108435+05:30,WAIT,Neutral,Ignore,Unknown,None,Bullish,Low,Flat,Above,Rejected,Above,,,2026-08-06T12:20:00+05:30,58099,58096,58105,58088.8,1470,4228.5,164.100304,58082.792151959155,58025.51149199704,,9ab0b543
2026-08-06T12:23:34.443216+05:30,WAIT,Neutral,Ignore,Unknown,None,Bullish,Low,Flat,At,Rejected,Above,,,2026-08-06T12:20:00+05:30,58096.4,58096,58105,58088.8,2070,4228.5,214.443216,58082.31942468643,58025.704832746094,,9ab0b543
2026-08-06T12:23:35.440168+05:30,WAIT,Neutral,Ignore,Unknown,None,None,Low,Flat,At,Rejected,Above,,,2026-08-06T12:20:00+05:30,58095.0,58096,58105,58088.8,2220,4228.5,215.440168,58082.06487923188,58025.75001738828,,9ab0b543
2026-08-06T12:23:42.495059+05:30,WAIT,Neutral,Ignore,Unknown,None,None,Low,Flat,At,Below,Above,,,2026-08-06T12:20:00+05:30,58094.0,58096,58105,58088.8,2250,4228.5,222.494084,58081.883061050066,58025.758916851395,,9ab0b543
2026-08-06T12:23:46.542042+05:30,WAIT,Neutral,Ignore,Neutral,None,None,Low,Flat,At,Rejected,Above,,,2026-08-06T12:20:00+05:30,58095.0,58096,58105,58088.8,2250,4228.5,226.542042,58082.06487923188,58025.758916851395,-0.7272727272720658,9ab0b543
2026-08-06T12:23:50.545674+05:30,WAIT,Neutral,Ignore,Neutral,None,Bullish,Low,Flat,Above,Rejected,Above,,,2026-08-06T12:20:00+05:30,58097.8,58096,58105,58088.8,2280,4228.5,230.544638,58082.57397014098,58025.76794437201,-0.21818181817798177,9ab0b543
2026-08-06T12:24:26.783116+05:30,WAIT,Neutral,Ignore,Neutral,None,Bullish,Low,Flat,Above,Above,Above,,,2026-08-06T12:20:00+05:30,58106.0,58096,58106.0,58088.8,2790,4228.5,266.783116,58084.06487923188,58025.93322926152,1.2727272727279342,9ab0b543
2026-08-06T12:24:31.794402+05:30,WAIT,Neutral,Ignore,Neutral,None,Bullish,Low,Flat,Above,Rejected,Above,,,2026-08-06T12:20:00+05:30,58105.0,58096,58106.0,58088.8,2790,4228.5,271.794402,58083.883061050066,58025.93322926152,1.0909090909117367,9ab0b543
2026-08-06T12:24:35.842391+05:30,WAIT,Neutral,Ignore,Neutral,None,Bullish,Low,Flat,Above,Above,Above,,,2026-08-06T12:20:00+05:30,58108.0,58096,58108.0,58088.8,2850,4228.5,275.841387,58084.42851559552,58025.953795465386,2.363636363639671,9ab0b543
2026-08-06T12:24:37.850159+05:30,WAIT,Neutral,Ignore,Neutral,None,Bullish,Normal,Flat,Above,Above,Above,,,2026-08-06T12:20:00+05:30,58108.0,58096,58109.0,58088.8,3360,4228.5,277.849425,58084.42851559552,58026.13544424258,2.363636363639671,9ab0b543
2026-08-06T12:24:43.850512+05:30,WAIT,Neutral,Ignore,Neutral,None,Bullish,Normal,Flat,Above,Rejected,Above,,,2026-08-06T12:20:00+05:30,58103.8,58096,58109.0,58088.8,3420,4228.5,283.850512,58083.66487923189,58026.15559591766,1.7818181818220182,9ab0b543
2026-08-06T12:25:01.908473+05:30,WAIT,Neutral,Ignore,Neutral,None,None,Unknown,Flat,Above,Below,Above,,,2026-08-06T12:25:00+05:30,58099.4,58099.4,58099.4,58099.4,30.0,4257.0,1.908473,58086.139033421125,58026.18481822505,3.6014269165098085,9ab0b543
2026-08-06T12:25:03.885958+05:30,WAIT,Neutral,Ignore,Neutral,None,None,Unknown,Flat,At,Below,Above,,,2026-08-06T12:25:00+05:30,58097.4,58099.4,58099.4,58097.4,90.0,4257.0,3.885958,58085.77539705749,58026.203284498035,3.0923360074230004,9ab0b543
2026-08-06T12:25:05.908971+05:30,WAIT,Neutral,Ignore,Neutral,None,None,Unknown,Flat,Above,Below,Above,,,2026-08-06T12:25:00+05:30,58098.6,58099.4,58099.4,58097.4,90.0,4257.0,5.906979,58085.99357887567,58026.203284498035,3.310517825600982,9ab0b543
2026-08-06T12:25:06.920623+05:30,WAIT,Neutral,Ignore,Neutral,None,Bullish,Unknown,Flat,Above,Rejected,Above,,,2026-08-06T12:25:00+05:30,58101.8,58099.4,58101.8,58097.4,120.0,4257.0,6.920623,58086.575397057495,58026.21266960505,3.892336007425911,9ab0b543
2026-08-06T12:25:09.961223+05:30,WAIT,Neutral,Ignore,Neutral,None,None,Unknown,Flat,Above,Below,Above,,,2026-08-06T12:25:00+05:30,58099.2,58099.4,58101.8,58097.4,180.0,4257.0,9.960223,58086.10266978476,58026.23192500432,3.419608734693611,9ab0b543
2026-08-06T12:25:22.015645+05:30,WAIT,Neutral,Ignore,Neutral,None,Bullish,Unknown,Flat,Above,Rejected,Above,,,2026-08-06T12:25:00+05:30,58102.6,58099.4,58102.6,58097.4,420.0,4257.0,22.014643,58086.72085160294,58026.30687899188,3.6014269165098085,9ab0b543
2026-08-06T12:25:45.102481+05:30,WAIT,Neutral,Ignore,Neutral,None,Bullish,Low,Flat,Above,Rejected,Above,,,2026-08-06T12:25:00+05:30,58103.2,58099.4,58103.2,58097.4,510.0,4257.0,45.102481,58086.829942512035,58026.336577369395,3.165063280146569,9ab0b543
2026-08-06T12:25:57.088460+05:30,WAIT,Neutral,Ignore,Neutral,None,None,Low,Flat,Above,Below,Above,,,2026-08-06T12:25:00+05:30,58098.0,58099.4,58103.2,58097.4,570.0,4257.0,57.08846,58085.884487966585,58026.3554836762,2.3286996437891503,9ab0b543
2026-08-06T12:26:01.117298+05:30,WAIT,Neutral,Ignore,Neutral,None,None,Low,Flat,At,Below,Above,,,2026-08-06T12:25:00+05:30,58097.4,58099.4,58103.2,58097.4,630.0,4257.0,61.108168,58085.77539705749,58026.37386280343,2.5832450983361923,9ab0b543
2026-08-06T12:26:07.145576+05:30,WAIT,Neutral,Ignore,Neutral,None,None,Low,Flat,Above,Below,Above,,,2026-08-06T12:25:00+05:30,58098.6,58099.4,58103.2,58097.4,660.0,4257.0,67.144442,58085.99357887567,58026.38320400069,-0.5818181818249286,9ab0b543
2026-08-06T12:26:10.125790+05:30,WAIT,Neutral,Ignore,Neutral,None,Bullish,Low,Flat,Above,Rejected,Above,,,2026-08-06T12:25:00+05:30,58100.0,58099.4,58103.2,58097.4,660.0,4257.0,70.124888,58086.24812433022,58026.38320400069,0.14545454545441316,9ab0b543
2026-08-06T12:27:17.529118+05:30,WAIT,Neutral,Ignore,Neutral,None,None,Low,Flat,Above,Below,Above,,,2026-08-06T12:25:00+05:30,58097.6,58099.4,58104.6,58097.4,1470.0,4257.0,137.529118,58085.811760693854,58026.65056493534,-0.7272727272720658,9ab0b543
2026-08-06T12:27:51.523643+05:30,WAIT,Neutral,Ignore,Neutral,None,Bullish,Low,Flat,Above,Rejected,Above,,,2026-08-06T12:25:00+05:30,58100.0,58099.4,58104.6,58097.4,1710.0,4257.0,171.522628,58086.24812433022,58026.724595510925,-0.18181818181619747,9ab0b543
2026-08-06T12:28:01.544489+05:30,WAIT,Neutral,Ignore,Neutral,None,Bullish,Normal,Flat,Above,Rejected,Above,,,2026-08-06T12:25:00+05:30,58102.0,58099.4,58104.6,58097.4,2190.0,4257.0,181.537901,58086.61176069386,58026.87703113624,-0.4727272727250238,9ab0b543
2026-08-06T12:28:12.580800+05:30,WAIT,Neutral,Ignore,Neutral,None,None,Normal,Flat,Above,Below,Above,,,2026-08-06T12:25:00+05:30,58099.0,58099.4,58104.6,58097.4,2520.0,4257.0,192.5808,58086.0663061484,58026.98069455136,-0.21818181817798177,9ab0b543
2026-08-06T12:28:22.632546+05:30,WAIT,Neutral,Ignore,Neutral,None,Bullish,Normal,Flat,Above,Below,Above,,,2026-08-06T12:25:00+05:30,58099.8,58099.4,58104.6,58097.4,2580.0,4257.0,202.631563,58086.211760693855,58026.999375748244,0.254545454547042,9ab0b543
2026-08-06T12:28:35.721106+05:30,WAIT,Neutral,Ignore,Neutral,None,Bullish,Normal,Flat,Above,Rejected,Above,,,2026-08-06T12:25:00+05:30,58101.8,58099.4,58104.6,58097.4,2610.0,4257.0,215.721106,58086.575397057495,58027.008712752766,0.47272727273229975,9ab0b543
2026-08-06T12:29:19.990824+05:30,WAIT,Neutral,Ignore,Neutral,None,Bullish,Low,Flat,Above,Rejected,Above,,,2026-08-06T12:25:00+05:30,58102.4,58099.4,58105.8,58097.4,2940.0,4257.0,259.989812,58086.68448796658,58027.1162568306,0.618181818179437,9ab0b543
2026-08-06T12:29:52.155258+05:30,WAIT,Neutral,Ignore,Neutral,None,Bullish,Normal,Flat,Above,Rejected,Above,,,2026-08-06T12:25:00+05:30,58103.2,58099.4,58107.2,58097.4,3660.0,4257.0,292.155258,58086.829942512035,58027.34723357167,0.10909090909262886,9ab0b543
2026-08-06T12:30:01.166237+05:30,WAIT,Neutral,Ignore,Neutral,None,None,Unknown,Flat,Above,Rejected,Above,,,2026-08-06T12:30:00+05:30,58104.8,58104.8,58104.8,58104.8,30.0,4309.5,1.166237,58090.33524222059,58027.36672623607,3.7234815267365775,9ab0b543
2026-08-06T12:30:09.205323+05:30,WAIT,Neutral,Ignore,Bullish,None,None,Unknown,Flat,Above,Rejected,Above,,,2026-08-06T12:30:00+05:30,58108.4,58104.8,58108.4,58104.8,30.0,4309.5,9.205323,58090.989787675135,58027.36672623607,4.378026981277799,9ab0b543
2026-08-06T12:30:30.535822+05:30,WAIT,Neutral,Ignore,Bullish,None,None,Low,Flat,Above,Rejected,Above,,,2026-08-06T12:30:00+05:30,58109.8,58104.8,58109.8,58104.8,270.0,4309.5,30.527822,58091.24433312968,58027.44997874692,3.905299708552775,9ab0b543
2026-08-06T12:30:32.550241+05:30,WAIT,Neutral,Ignore,Bullish,None,None,Unknown,Flat,Above,Rejected,Above,,,2026-08-06T12:30:00+05:30,58109.6,58104.8,58110.0,58104.8,720.0,4309.5,32.547229,58091.20796949332,58027.60686436723,3.8689360721909907,9ab0b543
2026-08-06T12:30:42.636626+05:30,WAIT,Neutral,Ignore,Bullish,None,None,High,Flat,Above,Rejected,Above,,,2026-08-06T12:30:00+05:30,58107.4,58104.8,58110.0,58104.8,1080.0,4309.5,42.635661,58090.80796949332,58027.72974117847,3.9780269812836195,9ab0b543
2026-08-06T12:31:57.685780+05:30,WAIT,Neutral,Ignore,Bullish,None,Bullish,High,Flat,Above,Rejected,Above,,,2026-08-06T12:30:00+05:30,58106.4,58104.8,58110.0,58102.4,2820.0,4309.5,117.684784,58090.6261513115,58028.31279592952,0.07272727273084456,9ab0b543
2026-08-06T12:32:02.753399+05:30,WAIT,Neutral,Ignore,Bullish,None,None,High,Flat,Above,Below,Above,,,2026-08-06T12:30:00+05:30,58099.0,58104.8,58110.0,58099.0,3030.0,4309.5,122.753399,58089.28069676604,58028.37609444585,-1.2727272727279342,9ab0b543
2026-08-06T12:32:12.792304+05:30,WAIT,Neutral,Ignore,Bullish,None,None,High,Flat,Above,Rejected,Above,,,2026-08-06T12:30:00+05:30,58100.0,58104.8,58110.0,58099.0,3060.0,4309.5,132.791307,58089.46251494786,58028.384994749,-1.0909090909117367,9ab0b543
2026-08-06T12:32:51.789868+05:30,WAIT,Neutral,Ignore,Bullish,None,Bullish,High,Flat,Above,Rejected,Above,,,2026-08-06T12:30:00+05:30,58105.2,58104.8,58110.0,58099.0,3390.0,4309.5,171.789868,58090.40796949332,58028.48624884638,0.5090909090868081,9ab0b543
2026-08-06T12:33:18.865669+05:30,WAIT,Neutral,Ignore,Bullish,None,Bullish,Normal,Flat,Above,Rejected,Above,,,2026-08-06T12:30:00+05:30,58109.8,58104.8,58110.0,58099.0,3570.0,4309.5,198.865123,58091.24433312968,58028.546696847756,1.5272727272749762,9ab0b543
2026-08-06T12:33:35.939859+05:30,WAIT,Neutral,Ignore,Bullish,None,Bullish,High,Flat,Above,Rejected,Above,,,2026-08-06T12:30:00+05:30,58109.4,58104.8,58110.0,58099.0,4110.0,4309.5,215.938851,58091.17160585695,58028.72927645337,1.5636363636294845,9ab0b543
2026-08-06T12:33:41.924325+05:30,WAIT,Neutral,Ignore,Bullish,None,None,High,Flat,At,Below,Above,,,2026-08-06T12:30:00+05:30,58090.2,58104.8,58110.0,58090.2,4560.0,4309.5,221.924325,58087.680696766045,58028.86153203924,-2.400000000001455,9ab0b543
2026-08-06T12:33:43.938956+05:30,WAIT,Neutral,Ignore,Bullish,None,None,High,Flat,Above,Below,Above,,,2026-08-06T12:30:00+05:30,58098.6,58104.8,58110.0,58090.2,4620.0,4309.5,223.937962,58089.20796949332,58028.8789950336,-0.872727272726479,9ab0b543
2026-08-06T12:33:53.978718+05:30,WAIT,Neutral,Ignore,Bullish,None,None,High,Flat,Above,Rejected,Above,,,2026-08-06T12:30:00+05:30,58103.0,58104.8,58110.0,58090.2,4740.0,4309.5,233.978718,58090.007969493316,58028.91444541776,-0.4000000000014552,9ab0b543
2026-08-06T12:33:55.992079+05:30,WAIT,Neutral,Ignore,Bullish,Bullish,None,High,Flat,Above,Rejected,Above,,,2026-08-06T12:30:00+05:30,58104.8,58104.8,58110.0,58090.2,4770.0,4309.5,235.991072,58090.33524222059,58028.923940607274,-0.39999999999417923,9ab0b543
2026-08-06T12:34:00.038512+05:30,WAIT,Neutral,Ignore,Bullish,None,None,High,Flat,Above,Rejected,Above,,,2026-08-06T12:30:00+05:30,58103.4,58104.8,58110.0,58090.2,4800.0,4309.5,240.037513,58090.08069676605,58028.93325826765,-0.7636363636338501,9ab0b543
2026-08-06T12:34:12.078993+05:30,WAIT,Neutral,Ignore,Bullish,Bullish,None,High,Flat,Above,Rejected,Above,,,2026-08-06T12:30:00+05:30,58104.6,58104.8,58110.0,58090.2,5100.0,4309.5,252.077995,58090.298878584224,58029.025532092135,-0.9454545454573235,9ab0b543
2026-08-06T12:34:17.078977+05:30,WAIT,Neutral,Ignore,Bullish,Bullish,Bullish,High,Flat,Above,Rejected,Above,level,,2026-08-06T12:30:00+05:30,58105.0,58104.8,58110.0,58090.2,5130.0,4309.5,257.078101,58090.371605856955,58029.03497417958,-0.872727272726479,9ab0b543
2026-08-06T12:34:18.084823+05:30,WAIT,Neutral,Ignore,Bullish,Bullish,None,High,Flat,Above,Rejected,Above,,,2026-08-06T12:30:00+05:30,58104.8,58104.8,58110.0,58090.2,5190.0,4309.5,258.084823,58090.33524222059,58029.05390124074,-0.9090909090882633,9ab0b543
2026-08-06T12:34:24.114007+05:30,WAIT,Neutral,Ignore,Bullish,Bullish,Bullish,High,Flat,Above,Rejected,Above,level,,2026-08-06T12:30:00+05:30,58108.6,58104.8,58110.0,58090.2,5190.0,4309.5,264.114007,58091.0261513115,58029.05390124074,-0.10909090909262886,9ab0b543
2026-08-06T12:35:00.167441+05:30,WAIT,Neutral,Ignore,Bullish,Bullish,Bullish,Normal,Flat,Above,Rejected,Above,level,,2026-08-06T12:30:00+05:30,58105.6,58104.8,58110.0,58090.2,5550.0,4492.5,300.0,58090.48069676605,58029.17070757462,0.4000000000014552,9ab0b543
2026-08-06T12:35:01.169002+05:30,WAIT,Neutral,Ignore,Bullish,None,None,Unknown,Flat,Above,Rejected,Above,,,2026-08-06T12:35:00+05:30,58105.6,58105.6,58105.6,58105.6,0.0,4492.5,1.169002,58093.2296609904,58029.17070757462,3.148964224354131,9ab0b543
2026-08-06T12:35:30.556214+05:30,WAIT,Neutral,Ignore,Bullish,None,None,Low,Flat,Above,Rejected,Above,,,2026-08-06T12:35:00+05:30,58105.8,58105.6,58107.2,58105.6,150.0,4492.5,30.547964,58093.26602462677,58029.21898707881,2.276236951634928,9ab0b543
2026-08-06T12:36:09.598253+05:30,WAIT,Neutral,Ignore,Bullish,None,None,Low,Flat,Above,Below,Above,,,2026-08-06T12:35:00+05:30,58104.4,58105.6,58107.2,58104.4,630.0,4492.5,69.598253,58093.01147917222,58029.37048554961,-0.21818181817798177,9ab0b543
2026-08-06T12:36:10.603598+05:30,WAIT,Neutral,Ignore,Bullish,None,Bullish,Low,Flat,Above,Rejected,Above,,,2026-08-06T12:35:00+05:30,58108.4,58105.6,58108.4,58104.4,720.0,4492.5,70.602168,58093.738751899495,58029.399966840756,0.509090909094084,9ab0b543
2026-08-06T12:36:33.686120+05:30,WAIT,Neutral,Ignore,Bullish,None,Bullish,Normal,Flat,Above,Rejected,Above,,,2026-08-06T12:35:00+05:30,58108.4,58105.6,58110.4,58104.4,1260.0,4492.5,93.68612,58093.738751899495,58029.57718775848,0.4727272727250238,9ab0b543
2026-08-06T12:36:36.724649+05:30,WAIT,Neutral,Ignore,Bullish,None,None,Normal,Flat,Above,Below,Above,,,2026-08-06T12:35:00+05:30,58104.0,58105.6,58110.4,58104.0,1320.0,4492.5,96.724649,58092.93875189949,58029.59592326139,-0.3272727272778866,9ab0b543
2026-08-06T12:37:15.676655+05:30,WAIT,Neutral,Ignore,Bullish,None,Bullish,Normal,Flat,Above,Rejected,Above,,,2026-08-06T12:35:00+05:30,58107.2,58105.6,58110.4,58099.0,1740.0,4492.5,135.676143,58093.52057008131,58029.721933300316,-0.509090909094084,9ab0b543
2026-08-06T12:37:33.746661+05:30,WAIT,Neutral,Ignore,Bullish,None,Bullish,Low,Flat,Above,Rejected,Above,,,2026-08-06T12:35:00+05:30,58108.2,58105.6,58110.4,58099.0,1830.0,4492.5,153.746661,58093.70238826313,58029.750678714365,-0.0363636363617843,9ab0b543
2026-08-06T12:38:47.034637+05:30,WAIT,Neutral,Ignore,Bullish,None,None,Low,Flat,Above,Rejected,Above,,,2026-08-06T12:35:00+05:30,58105.0,58105.6,58110.4,58099.0,2670.0,4492.5,227.033633,58093.120570081315,58030.02266354179,-0.618181818179437,9ab0b543
2026-08-06T12:38:50.030104+05:30,WAIT,Neutral,Ignore,Bullish,None,Bullish,Low,Flat,Above,Rejected,Above,,,2026-08-06T12:35:00+05:30,58108.0,58105.6,58110.4,58099.0,2670.0,4492.5,230.028004,58093.666024626764,58030.02266354179,0.21818181817798177,9ab0b543
2026-08-06T12:38:52.049211+05:30,WAIT,Neutral,Ignore,Bullish,None,None,Low,Flat,Above,Below,Above,,,2026-08-06T12:35:00+05:30,58104.4,58105.6,58110.4,58099.0,2790.0,4492.5,232.049211,58093.01147917222,58030.059836436114,-0.6545454545412213,9ab0b543
2026-08-06T12:38:56.037661+05:30,WAIT,Neutral,Ignore,Bullish,None,None,Normal,Flat,Above,Below,Above,,,2026-08-06T12:35:00+05:30,58103.6,58105.6,58110.4,58099.0,3480.0,4492.5,236.036565,58092.86602462677,58030.2677813294,-0.9090909090882633,9ab0b543
2026-08-06T12:39:37.709604+05:30,WAIT,Neutral,Ignore,Unknown,None,None,Normal,Flat,Above,Below,Above,,,2026-08-06T12:35:00+05:30,58098.8,58106.6,58110.4,58098.8,3510,4497.0,277.700624,58092.71964118301,58030.2139428197,,9ab0b543
2026-08-06T12:39:56.249608+05:30,WAIT,Neutral,Ignore,Unknown,None,None,Normal,Flat,Above,Below,Above,,,2026-08-06T12:35:00+05:30,58103.6,58106.6,58110.4,58098.8,3570,4497.0,296.241012,58093.592368455735,58030.255135135136,,9ab0b543
2026-08-06T12:39:58.265095+05:30,WAIT,Neutral,Ignore,Unknown,None,None,Low,Flat,Above,Below,Above,,,2026-08-06T12:35:00+05:30,58102.8,58106.6,58110.4,58098.8,3570,4497.0,298.265095,58093.44691391028,58030.255135135136,,9ab0b543
2026-08-06T12:40:01.282937+05:30,WAIT,Neutral,Ignore,Unknown,None,None,Unknown,Flat,Above,Below,Above,,,2026-08-06T12:40:00+05:30,58102.8,58102.8,58102.8,58102.8,0.0,4305.0,1.282937,58095.147475017504,58030.255135135136,,9ab0b543
2026-08-06T12:40:30.591326+05:30,WAIT,Neutral,Ignore,Unknown,None,Bullish,Low,Flat,Above,Below,Above,,,2026-08-06T12:40:00+05:30,58103.4,58102.8,58103.4,58099.8,270.0,4305.0,30.576766,58095.2565659266,58030.33437231562,,9ab0b543
2026-08-06T12:40:37.626617+05:30,WAIT,Neutral,Ignore,Unknown,None,Bullish,Low,Flat,Above,Rejected,Above,,,2026-08-06T12:40:00+05:30,58105.0,58102.8,58105.0,58099.8,360.0,4305.0,37.626617,58095.547475017505,58030.36182531894,,9ab0b543
2026-08-06T12:40:38.628470+05:30,WAIT,Neutral,Ignore,Unknown,None,Bullish,Unknown,Flat,Above,Rejected,Above,,,2026-08-06T12:40:00+05:30,58107.0,58102.8,58107.0,58099.8,540.0,4305.0,38.627406,58095.91111138114,58030.41819073302,,9ab0b543
2026-08-06T12:40:58.971070+05:30,WAIT,Neutral,Ignore,Unknown,None,Bullish,Low,Flat,At,Rejected,Above,,,2026-08-06T12:40:00+05:30,58105.8,58102.4,58107.4,58100,450,4317.0,58.964516,58095.63342543073,58030.4576912083,,9ab0b543
2026-08-06T12:41:01.964710+05:30,WAIT,Neutral,Ignore,Unknown,None,Bullish,Low,Flat,Above,Rejected,Above,,,2026-08-06T12:40:00+05:30,58107.8,58102.4,58107.8,58100,450,4317.0,61.96471,58095.99706179436,58030.4576912083,,9ab0b543
2026-08-06T12:41:10.021964+05:30,WAIT,Neutral,Ignore,Unknown,None,Bullish,Low,Flat,At,Rejected,Above,,,2026-08-06T12:40:00+05:30,58107.4,58102.4,58107.8,58100,480,4317.0,70.021964,58095.92433452164,58030.467164788504,,9ab0b543
2026-08-06T12:41:13.002087+05:30,WAIT,Neutral,Ignore,Unknown,None,Bullish,Low,Flat,Above,Rejected,Above,,,2026-08-06T12:40:00+05:30,58107.8,58102.4,58107.8,58100,540,4317.0,73.001198,58095.99706179436,58030.48600702098,,9ab0b543
2026-08-06T12:41:17.057555+05:30,WAIT,Neutral,Ignore,Unknown,None,Bullish,Low,Flat,At,Rejected,Above,,,2026-08-06T12:40:00+05:30,58107.4,58102.4,58107.8,58100,600,4317.0,77.057555,58095.92433452164,58030.50493796931,,9ab0b543
2026-08-06T12:41:19.084337+05:30,WAIT,Neutral,Ignore,Unknown,None,Bullish,Normal,Flat,At,Rejected,Above,,,2026-08-06T12:40:00+05:30,58105.8,58102.4,58107.8,58100,1200,4317.0,79.084337,58095.63342543073,58030.689195570754,,9ab0b543
2026-08-06T12:41:22.110626+05:30,WAIT,Neutral,Ignore,Unknown,None,None,Normal,Flat,At,Below,Above,,,2026-08-06T12:40:00+05:30,58102.0,58102.4,58107.8,58100,1200,4317.0,82.110626,58094.94251633982,58030.689195570754,,9ab0b543
2026-08-06T12:41:57.316220+05:30,WAIT,Neutral,Ignore,Unknown,None,None,Low,Flat,At,Below,Above,,,2026-08-06T12:40:00+05:30,58099.8,58102.4,58107.8,58099.8,1350,4317.0,117.315225,58094.54251633982,58030.732202286505,,9ab0b543
2026-08-06T12:42:01.451957+05:30,WAIT,Neutral,Ignore,Neutral,None,None,Low,Flat,At,Below,Above,,,2026-08-06T12:40:00+05:30,58098.4,58102.4,58107.8,58098.4,1440,4317.0,121.450954,58094.28797088527,58030.7569708801,-1.3454545454587787,9ab0b543
2026-08-06T12:42:02.462717+05:30,WAIT,Neutral,Ignore,Neutral,None,None,Normal,Flat,At,Below,Above,,,2026-08-06T12:40:00+05:30,58098.2,58102.4,58107.8,58098.2,1590,4317.0,122.461716,58094.25160724891,58030.79808966386,-1.745454545452958,9ab0b543
2026-08-06T12:42:07.510155+05:30,WAIT,Neutral,Ignore,Neutral,Bearish,Bearish,High,Flat,At,Below,Above,,trend,2026-08-06T12:40:00+05:30,58090.0,58102.4,58107.8,58090.0,2400,4317.0,127.510155,58092.760698158,58031.006263166426,-3.236363636358874,9ab0b543
2026-08-06T12:42:17.519299+05:30,WAIT,Neutral,Ignore,Neutral,Bullish,None,High,Flat,At,Below,Above,,,2026-08-06T12:40:00+05:30,58093.8,58102.4,58107.8,58088.0,2490,4317.0,137.519299,58093.45160724891,58031.028275219694,-2.472727272725024,9ab0b543
2026-08-06T12:42:20.551111+05:30,WAIT,Neutral,Ignore,Neutral,Bullish,None,Normal,Flat,At,Below,Above,,,2026-08-06T12:40:00+05:30,58093.8,58102.4,58107.8,58088.0,2520,4317.0,140.551111,58093.45160724891,58031.0359005507,-2.1818181818161975,9ab0b543
2026-08-06T12:42:24.552326+05:30,WAIT,Neutral,Ignore,Neutral,Bearish,Bearish,Normal,Flat,At,Below,Above,,trend,2026-08-06T12:40:00+05:30,58093.2,58102.4,58107.8,58088.0,2580,4317.0,144.551323,58093.34251633982,58031.05112136669,-1.490909090905916,9ab0b543
2026-08-06T12:42:25.563481+05:30,WAIT,Neutral,Ignore,Neutral,Bullish,None,Normal,Flat,At,Below,Above,,,2026-08-06T12:40:00+05:30,58093.6,58102.4,58107.8,58088.0,2610,4317.0,145.563481,58093.415243612544,58031.05871685893,-1.4181818181823473,9ab0b543
2026-08-06T12:43:18.686337+05:30,WAIT,Neutral,Ignore,Neutral,Bearish,Bearish,Normal,Flat,Below,Below,Above,,trend,2026-08-06T12:40:00+05:30,58086.6,58102.4,58107.8,58086.6,3210,4317.0,198.686337,58092.142516339816,58031.21704825358,-1.3090909090969944,9ab0b543
2026-08-06T12:43:19.698742+05:30,WAIT,Neutral,Ignore,Neutral,Bearish,Bearish,Normal,Flat,At,Below,Above,,trend,2026-08-06T12:40:00+05:30,58090.0,58102.4,58107.8,58086.6,3210,4317.0,199.698742,58092.760698158,58031.21704825358,-0.6909090909102815,9ab0b543
2026-08-06T12:43:24.742393+05:30,WAIT,Neutral,Ignore,Neutral,Bullish,None,Normal,Falling,At,Below,Above,,,2026-08-06T12:40:00+05:30,58096.0,58102.4,58107.8,58086.6,3300,4317.0,204.741394,58093.85160724891,58031.23985630096,0.5090909090868081,9ab0b543
2026-08-06T12:44:05.773926+05:30,WAIT,Neutral,Ignore,Neutral,Bearish,Bearish,Normal,Falling,Below,Below,Above,,,2026-08-06T12:40:00+05:30,58086.0,58102.4,58107.8,58086.0,3390,4317.0,245.773926,58092.03342543073,58031.26167937699,-2.254545454539766,9ab0b543
2026-08-06T12:44:07.754519+05:30,WAIT,Neutral,Ignore,Neutral,Bullish,None,Normal,Falling,At,Below,Above,,,2026-08-06T12:40:00+05:30,58093.4,58102.4,58107.8,58086.0,3420,4317.0,247.753001,58093.37887997618,58031.26920035504,-0.9090909090882633,9ab0b543
2026-08-06T12:44:20.802751+05:30,WAIT,Neutral,Ignore,Neutral,Bearish,Bearish,Normal,Falling,Below,Below,Above,,,2026-08-06T12:40:00+05:30,58084.8,58102.4,58107.8,58084.8,3450,4317.0,260.801753,58091.815243612546,58031.27567872847,-0.9454545454573235,9ab0b543
2026-08-06T12:44:26.801970+05:30,WAIT,Neutral,Ignore,Neutral,Bullish,None,Normal,Falling,At,Below,Above,,,2026-08-06T12:40:00+05:30,58100.0,58102.4,58107.8,58084.8,3510,4317.0,266.80197,58094.57887997618,58031.292308933254,0.7272727272720658,9ab0b543
2026-08-06T12:44:51.956068+05:30,WAIT,Neutral,Ignore,Neutral,Bearish,Bearish,Normal,Falling,At,Below,Above,,,2026-08-06T12:40:00+05:30,58090.4,58102.4,58107.8,58084.8,3570,4317.0,291.955086,58092.83342543073,58031.30752792226,-0.6545454545484972,9ab0b543
2026-08-06T12:44:57.993641+05:30,WAIT,Neutral,Ignore,Neutral,Bullish,None,Normal,Falling,At,Below,Above,,,2026-08-06T12:40:00+05:30,58101.6,58102.4,58107.8,58084.8,3630,4317.0,297.992757,58094.86978906709,58031.32167533357,1.381818181813287,9ab0b543
2026-08-06T12:45:01.003447+05:30,WAIT,Neutral,Ignore,Neutral,None,None,Unknown,Flat,At,Below,Above,,,2026-08-06T12:45:00+05:30,58090.6,58090.6,58090.6,58090.6,30.0,4282.5,1.001364,58094.09346378216,58031.33733929795,0.6054928968878812,9ab0b543
2026-08-06T12:45:24.064733+05:30,WAIT,Neutral,Ignore,Neutral,Bullish,None,Unknown,Flat,At,Below,Above,,,2026-08-06T12:45:00+05:30,58100.0,58090.6,58100.0,58090.6,60.0,4282.5,24.064733,58095.802554691254,58031.345639909734,3.9873110787084443,9ab0b543
2026-08-06T12:45:30.330552+05:30,WAIT,Neutral,Ignore,Neutral,Bullish,None,Low,Flat,At,Below,Above,,,2026-08-06T12:45:00+05:30,58100.0,58090.6,58100.0,58090.6,60.0,4282.5,30.322529,58095.802554691254,58031.345639909734,1.2236747150745941,9ab0b543
2026-08-06T12:45:54.460339+05:30,WAIT,Neutral,Ignore,Neutral,Bearish,None,Low,Flat,At,Below,Above,,,2026-08-06T12:45:00+05:30,58091.6,58090.6,58100.0,58090.6,90.0,4282.5,54.459346,58094.27528196398,58031.35292316371,1.5509474423379288,9ab0b543
2026-08-06T12:46:10.463527+05:30,WAIT,Neutral,Ignore,Neutral,Bullish,None,Low,Flat,At,Below,Above,,,2026-08-06T12:45:00+05:30,58099.8,58090.6,58100.0,58090.6,150.0,4282.5,70.463015,58095.76619105489,58031.36849949648,1.6727272727293894,9ab0b543
2026-08-06T12:46:19.528766+05:30,WAIT,Neutral,Ignore,Neutral,Bullish,None,Low,Flat,At,Rejected,Above,,,2026-08-06T12:45:00+05:30,58107.4,58090.6,58107.4,58090.6,300.0,4282.5,79.528225,58097.148009236706,58031.41132045088,3.0545454545426765,9ab0b543
2026-08-06T12:46:22.557145+05:30,WAIT,Neutral,Ignore,Neutral,Bullish,None,Low,Flat,Above,Rejected,Above,,,2026-08-06T12:45:00+05:30,58107.8,58090.6,58107.8,58090.6,300.0,4282.5,82.557145,58097.22073650944,58031.41132045088,3.127272727273521,9ab0b543
2026-08-06T12:46:47.593240+05:30,WAIT,Neutral,Ignore,Neutral,Bullish,None,Low,Flat,At,Rejected,Above,,,2026-08-06T12:45:00+05:30,58105.4,58090.6,58107.8,58090.6,360.0,4282.5,107.592352,58096.78437287307,58031.42947758191,0.9818181818191078,9ab0b543
2026-08-06T12:46:48.608551+05:30,WAIT,Neutral,Ignore,Neutral,Bullish,None,Low,Flat,At,Below,Above,,,2026-08-06T12:45:00+05:30,58104.8,58090.6,58107.8,58090.6,360.0,4282.5,108.607548,58096.67528196398,58031.42947758191,0.872727272726479,9ab0b543
2026-08-06T12:46:55.648867+05:30,WAIT,Neutral,Ignore,Neutral,Bullish,None,Low,Flat,Above,Rejected,Above,,,2026-08-06T12:45:00+05:30,58107.8,58090.6,58107.8,58090.6,390.0,4282.5,115.647851,58097.22073650944,58031.4383355467,2.9454545454573235,9ab0b543
2026-08-06T12:46:57.685416+05:30,WAIT,Neutral,Ignore,Neutral,Bullish,None,Low,Flat,At,Rejected,Above,,,2026-08-06T12:45:00+05:30,58106.2,58090.6,58107.8,58090.6,420.0,4282.5,117.685416,58096.92982741853,58031.44755351682,2.618181818179437,9ab0b543
2026-08-06T12:47:00.713855+05:30,WAIT,Neutral,Ignore,Neutral,Bullish,None,Low,Flat,Above,Rejected,Above,,,2026-08-06T12:45:00+05:30,58107.8,58090.6,58107.8,58090.6,510.0,4282.5,120.706296,58097.22073650944,58031.47461485861,2.9090909090882633,9ab0b543
2026-08-06T12:47:06.719187+05:30,WAIT,Neutral,Ignore,Neutral,Bearish,Bearish,Low,Flat,At,Below,Above,,,2026-08-06T12:45:00+05:30,58090.4,58090.6,58107.8,58090.4,540.0,4282.5,126.718187,58094.0571001458,58031.48382400257,-0.254545454547042,9ab0b543
2026-08-06T12:47:07.743733+05:30,WAIT,Neutral,Ignore,Neutral,Bearish,None,Normal,Flat,At,Below,Above,,,2026-08-06T12:45:00+05:30,58090.8,58090.6,58107.8,58090.4,1860.0,4282.5,127.743733,58094.129827418525,58031.79495119219,-0.18181818182347342,9ab0b543
2026-08-06T12:47:09.748892+05:30,WAIT,Neutral,Ignore,Neutral,Bearish,Bearish,Normal,Flat,At,Below,Above,,trend,2026-08-06T12:45:00+05:30,58090.4,58090.6,58107.8,58090.4,1950.0,4282.5,129.748367,58094.0571001458,58031.816092781446,-0.254545454547042,9ab0b543
2026-08-06T12:47:21.834222+05:30,WAIT,Neutral,Ignore,Neutral,Bullish,Bullish,Normal,Flat,At,Below,Above,trend,,2026-08-06T12:45:00+05:30,58095.4,58090.6,58107.8,58089.8,1980.0,4282.5,141.834222,58094.96619105489,58031.82304862444,-2.1818181818161975,9ab0b543
2026-08-06T12:48:13.196704+05:30,WAIT,Neutral,Ignore,Unknown,Bullish,Bullish,Normal,Flat,At,Below,Above,trend,,2026-08-06T12:45:00+05:30,58096.2,58090.6,58107.8,58089.8,2310,4297.5,193.18968,58093.47528196398,58031.95665908819,,9ab0b543
2026-08-06T12:48:21.231714+05:30,WAIT,Neutral,Ignore,Unknown,Bearish,None,Normal,Flat,At,Below,Above,,,2026-08-06T12:45:00+05:30,58092.0,58090.6,58107.8,58089.8,2340,4297.5,201.231714,58092.71164560034,58031.96384302465,,9ab0b543
2026-08-06T12:48:22.240848+05:30,WAIT,Neutral,Ignore,Unknown,Bearish,Bearish,Normal,Flat,At,Below,Above,,trend,2026-08-06T12:45:00+05:30,58090.2,58090.6,58107.8,58089.8,2430,4297.5,202.240848,58092.38437287307,58031.98473866763,,9ab0b543
2026-08-06T12:48:34.268866+05:30,WAIT,Neutral,Ignore,Unknown,Bearish,Bearish,Normal,Flat,Below,Below,Above,,trend,2026-08-06T12:45:00+05:30,58085.6,58090.6,58107.8,58085.6,2580,4297.5,214.267346,58091.54800923671,58032.01855127898,,9ab0b543
2026-08-06T12:48:43.432099+05:30,WAIT,Neutral,Ignore,Unknown,Bearish,Bearish,Normal,Flat,At,Below,Above,,trend,2026-08-06T12:45:00+05:30,58089.2,58090.6,58107.8,58077.2,2700,4297.5,223.425096,58092.202554691256,58032.043130227,,9ab0b543
2026-08-06T12:48:44.408938+05:30,WAIT,Neutral,Ignore,Unknown,Bearish,None,Normal,Flat,At,Below,Above,,,2026-08-06T12:45:00+05:30,58091.6,58090.6,58107.8,58077.2,2730,4297.5,224.408938,58092.63891832762,58032.050244893086,,9ab0b543
2026-08-06T12:48:47.393557+05:30,WAIT,Neutral,Ignore,Unknown,Bearish,Bearish,Normal,Flat,At,Below,Above,,trend,2026-08-06T12:45:00+05:30,58087.8,58090.6,58107.8,58077.2,2760,4297.5,227.391563,58091.94800923671,58032.0569039656,,9ab0b543
2026-08-06T12:49:05.462916+05:30,WAIT,Neutral,Ignore,Unknown,Bearish,Bearish,Normal,Flat,Below,Below,Above,,trend,2026-08-06T12:45:00+05:30,58086.6,58090.6,58107.8,58077.2,2820,4297.5,245.462916,58091.72982741852,58032.07021733938,,9ab0b543
2026-08-06T12:49:15.515119+05:30,WAIT,Neutral,Ignore,Neutral,Bearish,Bearish,Normal,Flat,Below,Below,Above,,trend,2026-08-06T12:45:00+05:30,58083.4,58090.6,58107.8,58077.2,3090,4297.5,255.514221,58091.148009236706,58032.12687582011,-2.3272727272778866,9ab0b543
2026-08-06T12:50:02.780181+05:30,WAIT,Neutral,Ignore,Neutral,None,None,Unknown,Flat,Below,Below,Above,,,2026-08-06T12:50:00+05:30,58070.6,58070.6,58070.6,58070.6,0.0,4185.0,2.780181,58085.5078753259,58032.22252112844,-6.440133910808072,9ab0b543
2026-08-06T12:50:41.984073+05:30,WAIT,Neutral,Ignore,Neutral,None,Bearish,High,Flat,Below,Below,Above,,,2026-08-06T12:50:00+05:30,58042.8,58070.6,58073.6,58042.8,3120.0,4185.0,41.983197,58080.45332987136,58032.396096413875,-9.494679365350748,9ab0b543
2026-08-06T12:51:27.004486+05:30,WAIT,Neutral,Ignore,Neutral,None,Bearish,High,Falling,Below,Below,Above,,,2026-08-06T12:50:00+05:30,58044.4,58070.6,58073.6,58042.8,3630.0,4185.0,87.003502,58080.74423896227,58032.42123914574,-4.1818181818161975,9ab0b543
2026-08-06T12:51:45.052329+05:30,WAIT,Neutral,Ignore,Bullish,None,Bearish,High,Falling,Below,Below,Above,,,2026-08-06T12:50:00+05:30,58067.6,58070.6,58073.6,58042.8,4020.0,4185.0,105.051077,58084.962420780445,58032.44768599883,4.509090909086808,9ab0b543
2026-08-06T12:52:33.203622+05:30,WAIT,Neutral,Ignore,Bullish,None,None,High,Falling,Below,Below,Above,,,2026-08-06T12:50:00+05:30,58075.0,58070.6,58075.0,58042.8,4200.0,4185.0,153.203622,58086.3078753259,58032.46221753893,5.5636363636367605,9ab0b543
2026-08-06T12:57:39.739484+05:30,WAIT,Neutral,Ignore,Unknown,None,Bearish,Low,Flat,Below,Below,Above,,,2026-08-06T12:55:00+05:30,58041.2,58070,58073.8,58041.2,840,4363.5,159.730973,58075.09878003749,58032.54852084789,,9ab0b543
2026-08-06T12:58:27.958775+05:30,WAIT,Neutral,Ignore,Unknown,Bearish,Bearish,Low,Flat,Below,Below,Above,,,2026-08-06T12:55:00+05:30,58068.0,58070,58080.0,58041.2,1200,4363.5,207.957776,58079.97150731022,58032.583810188415,,9ab0b543
2026-08-06T12:58:35.941782+05:30,WAIT,Neutral,Ignore,Unknown,None,None,Low,Flat,Below,Below,Above,,,2026-08-06T12:55:00+05:30,58080.0,58070,58080.0,58041.2,1230,4363.5,215.940895,58082.15332549204,58032.58932434004,,9ab0b543
2026-08-06T12:58:39.951496+05:30,WAIT,Neutral,Ignore,Bullish,None,None,Low,Flat,Below,Below,Above,,,2026-08-06T12:55:00+05:30,58080.0,58070,58080.0,58041.2,1230,4363.5,219.944495,58082.15332549204,58032.58932434004,7.054545454549952,9ab0b543
2026-08-06T12:58:47.986242+05:30,WAIT,Neutral,Ignore,Bullish,Bullish,Bullish,Low,Flat,At,Below,Above,volume,,2026-08-06T12:55:00+05:30,58088.0,58070,58088.0,58041.2,1260,4363.5,227.986242,58083.60787094659,58032.59576744186,8.0,9ab0b543
2026-08-06T12:58:55.053469+05:30,WAIT,Neutral,Ignore,Bullish,Bearish,None,Low,Flat,Below,Below,Above,,,2026-08-06T12:55:00+05:30,58079.6,58070,58088.0,58041.2,1290,4363.5,235.051572,58082.08059821931,58032.60123241483,5.381818181820563,9ab0b543
2026-08-06T12:59:26.186755+05:30,WAIT,Neutral,Ignore,Bullish,Bullish,Bullish,Low,Flat,At,Below,Above,volume,,2026-08-06T12:55:00+05:30,58089.0,58070,58089.0,58041.2,1440,4363.5,266.186755,58083.7896891284,58032.62884034395,5.272727272727934,9ab0b543
2026-08-06T12:59:28.188439+05:30,WAIT,Neutral,Ignore,Bullish,Bullish,Bullish,Low,Flat,Below,Below,Above,volume,,2026-08-06T12:55:00+05:30,58083.4,58070,58089.0,58041.2,1500,4363.5,268.187524,58082.77150731022,58032.64193773234,2.8000000000029104,9ab0b543
2026-08-06T12:59:29.200850+05:30,WAIT,Neutral,Ignore,Bullish,Bullish,Bullish,Low,Flat,At,Below,Above,volume,,2026-08-06T12:55:00+05:30,58093.0,58070,58093.0,58041.2,1560,4363.5,269.20085,58084.516961855676,58032.65595818815,4.545454545455868,9ab0b543
2026-08-06T12:59:55.304601+05:30,WAIT,Neutral,Ignore,Bullish,Bullish,Bullish,Low,Flat,Below,Below,Above,volume,,2026-08-06T12:55:00+05:30,58082.8,58070,58094.8,58041.2,2010,4363.5,295.303605,58082.66241640113,58032.74455652174,0.5818181818176527,9ab0b543
2026-08-06T12:59:56.326101+05:30,WAIT,Neutral,Ignore,Bullish,Bearish,None,Low,Flat,Below,Below,Above,,,2026-08-06T12:55:00+05:30,58079.0,58070,58094.8,58041.2,2100,4363.5,296.326101,58081.97150731022,58032.760639777465,-0.10909090909262886,9ab0b543
2026-08-06T13:00:00.367573+05:30,WAIT,Neutral,Ignore,Bullish,Bearish,None,Low,Flat,At,Below,Above,,,2026-08-06T12:55:00+05:30,58080.6,58070,58094.8,58041.2,2190,4207.5,300.0,58082.26241640113,58032.776526474336,0.18181818181619747,9ab0b543
2026-08-06T13:00:01.370164+05:30,WAIT,Neutral,Ignore,Bullish,None,None,Unknown,Flat,At,Below,Above,,,2026-08-06T13:00:00+05:30,58080.6,58080.6,58080.6,58080.6,0.0,4207.5,1.369156,58081.96015887365,58032.776526474336,-0.12043934566463577,9ab0b543
2026-08-06T13:00:30.487678+05:30,WAIT,Neutral,Ignore,Bullish,None,None,Low,Flat,At,Below,Above,,,2026-08-06T13:00:00+05:30,58081.0,58080.6,58081.0,58080.6,90.0,4207.5,30.479935,58082.03288614638,58032.79328237202,-2.4840757092970307,9ab0b543
2026-08-06T13:00:47.547364+05:30,WAIT,Neutral,Ignore,Bullish,Bullish,None,Low,Flat,At,Below,Above,,,2026-08-06T13:00:00+05:30,58088.0,58080.6,58088.0,58080.6,120.0,4207.5,47.547364,58083.30561341911,58032.79907353793,-1.5386211638397072,9ab0b543
2026-08-06T13:01:12.623542+05:30,WAIT,Neutral,Ignore,Bullish,Bearish,None,Low,Flat,At,Below,Above,,,2026-08-06T13:00:00+05:30,58080.8,58080.6,58091.4,58080.6,390.0,4207.5,72.622514,58081.99652251002,58032.85571494678,-0.0363636363617843,9ab0b543
2026-08-06T13:01:29.752619+05:30,WAIT,Neutral,Ignore,Bullish,Bullish,None,Low,Flat,At,Below,Above,,,2026-08-06T13:00:00+05:30,58091.6,58080.6,58091.6,58080.6,450.0,4207.5,89.751552,58083.96015887365,58032.868054591716,1.9272727272691554,9ab0b543
2026-08-06T13:02:58.744447+05:30,WAIT,Neutral,Ignore,Bullish,Bearish,None,Low,Flat,At,Below,Above,,,2026-08-06T13:00:00+05:30,58082.0,58080.6,58091.6,58080.6,570.0,4207.5,178.744447,58082.214704328195,58032.89160693641,-1.745454545452958,9ab0b543
2026-08-06T13:03:04.758087+05:30,WAIT,Neutral,Ignore,Bullish,Bullish,None,Low,Flat,At,Below,Above,,,2026-08-06T13:00:00+05:30,58082.4,58080.6,58091.6,58080.6,600.0,4207.5,184.757188,58082.287431600926,58032.897283551036,-0.618181818179437,9ab0b543
2026-08-06T13:03:08.745825+05:30,WAIT,Neutral,Ignore,Bullish,Bearish,None,Low,Flat,At,Below,Above,,,2026-08-06T13:00:00+05:30,58081.6,58080.6,58091.6,58080.6,780.0,4207.5,188.744594,58082.14197705547,58032.931315698275,-0.7636363636338501,9ab0b543
2026-08-06T13:03:11.760680+05:30,WAIT,Neutral,Ignore,Bullish,Bearish,Bearish,Low,Flat,At,Below,Above,,,2026-08-06T13:00:00+05:30,58080.4,58080.6,58091.6,58080.4,810.0,4207.5,191.76068,58081.923795237286,58032.93726033726,-0.9818181818191078,9ab0b543
2026-08-06T13:03:15.767917+05:30,WAIT,Neutral,Ignore,Bullish,Bearish,None,Low,Flat,At,Below,Above,,,2026-08-06T13:00:00+05:30,58081.8,58080.6,58091.6,58080.4,840.0,4207.5,195.767917,58082.17834069183,58032.94274165608,-0.7272727272720658,9ab0b543
2026-08-06T13:03:16.776762+05:30,WAIT,Neutral,Ignore,Bullish,Bearish,Bearish,Low,Flat,At,Below,Above,,,2026-08-06T13:00:00+05:30,58080.4,58080.6,58091.6,58080.4,900.0,4207.5,196.775761,58081.923795237286,58032.95370049648,-0.9818181818191078,9ab0b543
2026-08-06T13:03:27.751373+05:30,WAIT,Neutral,Ignore,Bullish,Bullish,Bullish,Low,Flat,At,Below,Above,volume,,2026-08-06T13:00:00+05:30,58090.0,58080.6,58091.6,58080.4,1200.0,4207.5,207.750262,58083.66924978274,58033.019490254876,0.7636363636338501,9ab0b543
2026-08-06T13:04:39.741659+05:30,WAIT,Neutral,Ignore,Bullish,Bullish,Bullish,Low,Flat,Above,Below,Above,volume,,2026-08-06T13:00:00+05:30,58100.0,58080.6,58100.0,58080.4,1800.0,4207.5,279.741659,58085.48743160092,58033.15358416753,3.1636363636353053,9ab0b543
2026-08-06T13:04:56.794075+05:30,WAIT,Neutral,Ignore,Bullish,Bullish,Bullish,Low,Flat,At,Below,Above,volume,,2026-08-06T13:00:00+05:30,58093.6,58080.6,58100.0,58080.4,1800.0,4207.5,296.79308,58084.32379523729,58033.15358416753,0.29090909090882633,9ab0b543
2026-08-06T13:05:01.809784+05:30,WAIT,Neutral,Ignore,Bullish,None,None,Unknown,Flat,At,Below,Above,,,2026-08-06T13:05:00+05:30,58093.6,58093.6,58093.6,58093.6,0.0,4141.5,1.808785,58086.01037792142,58033.17444214401,1.432037229584239,9ab0b543
2026-08-06T13:05:30.853979+05:30,WAIT,Neutral,Ignore,Bullish,None,None,Low,Flat,At,Below,Above,,,2026-08-06T13:05:00+05:30,58088.6,58093.6,58097.4,58088.6,120.0,4141.5,30.844943,58085.10128701232,58033.20149459646,0.7774917750357417,9ab0b543
2026-08-06T13:06:27.256321+05:30,WAIT,Neutral,Ignore,Bullish,None,Bullish,Low,Flat,At,Below,Above,,,2026-08-06T13:05:00+05:30,58095.6,58093.6,58097.4,58088.6,450.0,4141.5,87.255326,58086.37401428505,58033.27240785395,1.2727272727279342,9ab0b543
2026-08-06T13:06:59.444915+05:30,WAIT,Neutral,Ignore,Bullish,None,Bullish,Low,Flat,Above,Below,Above,,,2026-08-06T13:05:00+05:30,58097.8,58093.6,58097.8,58088.6,900.0,4141.5,119.443916,58086.77401428505,58033.379825767995,1.6727272727293894,9ab0b543
2026-08-06T13:07:00.467759+05:30,WAIT,Neutral,Ignore,Bullish,None,Bullish,Low,Flat,At,Below,Above,,,2026-08-06T13:05:00+05:30,58095.2,58093.6,58097.8,58088.6,990.0,4141.5,120.467759,58086.30128701233,58033.40107711699,1.2000000000043656,9ab0b543
2026-08-06T13:07:02.476596+05:30,WAIT,Neutral,Ignore,Bullish,None,None,Low,Flat,At,Below,Above,,,2026-08-06T13:05:00+05:30,58091.8,58093.6,58097.8,58088.6,1020.0,4141.5,122.475594,58085.68310519415,58033.40813473877,0.5454545454558684,9ab0b543
2026-08-06T13:07:27.541751+05:30,WAIT,Neutral,Ignore,Bullish,Bearish,Bearish,Low,Flat,At,Below,Above,,,2026-08-06T13:05:00+05:30,58082.8,58093.6,58097.8,58082.8,1350.0,4141.5,147.540755,58084.04674155778,58033.479597207916,-2.3272727272706106,9ab0b543
2026-08-06T13:07:39.595718+05:30,WAIT,Neutral,Ignore,Bullish,Bullish,None,Low,Flat,At,Below,Above,,,2026-08-06T13:05:00+05:30,58084.4,58093.6,58097.8,58082.8,1410.0,4141.5,159.594717,58084.33765064869,58033.49088205011,-2.0363636363617843,9ab0b543
2026-08-06T13:07:44.618486+05:30,WAIT,Neutral,Ignore,Bullish,Bearish,Bearish,Low,Flat,At,Below,Above,,,2026-08-06T13:05:00+05:30,58081.0,58093.6,58097.8,58081.0,1470.0,4141.5,164.618486,58083.71946883051,58033.50255061192,-2.6545454545412213,9ab0b543
2026-08-06T13:07:56.630230+05:30,WAIT,Neutral,Ignore,Neutral,Bearish,Bearish,Low,Flat,Below,Below,Above,,,2026-08-06T13:05:00+05:30,58071.4,58093.6,58097.8,58071.4,1740.0,4141.5,176.63023,58081.97401428506,58033.54974862889,-4.399999999994179,9ab0b543
2026-08-06T13:10:01.153663+05:30,WAIT,Neutral,Ignore,Neutral,None,None,Unknown,Flat,Below,Below,Above,,,2026-08-06T13:10:00+05:30,58060.8,58060.8,58060.8,58060.8,0.0,4114.5,1.152665,58076.54733400182,58033.65609561753,-5.353953010504483,9ab0b543
2026-08-06T13:10:30.321344+05:30,WAIT,Neutral,Ignore,Neutral,None,None,Low,Flat,Below,Below,Above,,,2026-08-06T13:10:00+05:30,58065.8,58060.8,58065.8,58060.8,60.0,4114.5,30.313323,58077.45642491091,58033.663411858426,-1.8630439195985673,9ab0b543
2026-08-06T13:12:01.750074+05:30,WAIT,Neutral,Ignore,Unknown,None,None,Low,Flat,Below,Below,Above,,,2026-08-06T13:10:00+05:30,58074,58060.8,58075.2,58060.8,540,4116.0,121.739329,58079.449676737975,58033.728305315766,,8ac65853
2026-08-06T13:13:05.122992+05:30,WAIT,Neutral,Ignore,Neutral,None,None,Low,Flat,Below,Below,Above,,,2026-08-06T13:10:00+05:30,58074,58060.8,58075.2,58060.8,540,4116.0,185.121985,58079.449676737975,58033.728305315766,0.0,8ac65853
2026-08-06T13:14:06.289138+05:30,WAIT,Neutral,Ignore,Unknown,Bullish,None,High,Flat,At,Below,Above,,,2026-08-06T13:10:00+05:30,58088,58060.8,58110.4,58060.8,5160,4116.0,246.288126,58081.99513128343,58034.666755972314,,8ac65853
2026-08-06T13:15:00.299781+05:30,WAIT,Neutral,Ignore,Unknown,Bullish,None,Normal,Flat,At,Below,Above,,,2026-08-06T13:10:00+05:30,58088,58060.8,58110.4,58060.8,5160,4183.5,300.0,58081.99513128343,58034.666755972314,,8ac65853
2026-08-06T13:15:06.306062+05:30,WAIT,Neutral,Ignore,Neutral,Bullish,None,Normal,Flat,At,Below,Above,,,2026-08-06T13:10:00+05:30,58088,58060.8,58110.4,58060.8,5160,4183.5,300.0,58081.99513128343,58034.666755972314,0.0,8ac65853
2026-08-06T13:16:06.559953+05:30,WAIT,Neutral,Ignore,Unknown,Bearish,Bearish,High,Flat,Below,Below,Above,,trend,2026-08-06T13:15:00+05:30,58074,58082,58084.6,58059,1320,4204.5,66.559953,58079.64890906661,58034.89062407572,,8ac65853
2026-08-06T13:16:15.571270+05:30,WAIT,Neutral,Ignore,Unknown,Bearish,Bearish,Normal,Flat,Below,Below,Above,,trend,2026-08-06T13:15:00+05:30,58074,58082,58084.6,58059,1320,4204.5,75.570261,58079.64890906661,58034.89062407572,,8ac65853
2026-08-06T13:16:58.651788+05:30,WAIT,Neutral,Ignore,Unknown,Bearish,Bearish,Low,Flat,Below,Below,Above,,,2026-08-06T13:15:00+05:30,58074,58082,58084.6,58059,1320,4204.5,118.650889,58079.64890906661,58034.89062407572,,8ac65853
2026-08-06T13:17:06.711757+05:30,WAIT,Neutral,Ignore,Neutral,Bearish,Bearish,Low,Flat,Below,Below,Above,,,2026-08-06T13:15:00+05:30,58074,58082,58084.6,58059,1320,4204.5,126.711757,58079.64890906661,58034.89062407572,0.0,8ac65853
2026-08-06T13:18:07.100520+05:30,WAIT,Neutral,Ignore,Unknown,Bullish,Bullish,High,Flat,Above,Below,Above,trend,,2026-08-06T13:15:00+05:30,58102.6,58082,58109.8,58059,4200,4204.5,187.10052,58084.848909066604,58035.56274509804,,8ac65853
2026-08-06T13:19:00.281515+05:30,WAIT,Neutral,Ignore,Unknown,Bullish,Bullish,Normal,Flat,Above,Below,Above,trend,,2026-08-06T13:15:00+05:30,58102.6,58082,58109.8,58059,4200,4204.5,240.280395,58084.848909066604,58035.56274509804,,8ac65853
2026-08-06T13:19:37.699350+05:30,WAIT,Neutral,Ignore,Unknown,Bullish,Bullish,High,Flat,At,Below,Above,trend,,2026-08-06T13:15:00+05:30,58096.6,58082,58125,58059,8340,4204.5,277.691232,58083.7579999757,58036.474018018016,,8ac65853
2026-08-06T13:20:18.086082+05:30,WAIT,Neutral,Ignore,Unknown,Bullish,Bullish,High,Flat,Above,Rejected,Above,,,2026-08-06T13:15:00+05:30,,58082,58125,58059,8850,4569.0,300.0,58086.26709088479,58036.7251249955,,8ac65853
2026-08-06T13:21:21.523294+05:30,WAIT,Neutral,Ignore,Neutral,Bullish,Bullish,High,Flat,Above,Rejected,Above,,,2026-08-06T13:15:00+05:30,,58082,58125,58059,8850,4569.0,300.0,58086.26709088479,58036.7251249955,0.0,8ac65853
2026-08-06T13:22:56.109814+05:30,WAIT,Neutral,Ignore,Unknown,None,Bullish,High,Falling,Above,Above,Above,,,2026-08-06T13:20:00+05:30,58122.6,58116,58130,58097.2,10650,4579.5,176.103732,58093.70613221152,58039.77312285803,,8ac65853
2026-08-06T13:24:04.682133+05:30,WAIT,Neutral,Ignore,Unknown,None,None,High,Falling,Above,Above,Above,,,2026-08-06T13:20:00+05:30,58116.0,58116,58130,58097.2,11670,4579.5,244.681134,58092.50613221152,58040.01175618338,,8ac65853
2026-08-06T13:24:10.689602+05:30,WAIT,Neutral,Ignore,Unknown,None,None,High,Falling,Above,Rejected,Above,,,2026-08-06T13:20:00+05:30,58113.0,58116,58130,58097.2,12000,4579.5,250.688597,58091.960677666066,58040.09816001654,,8ac65853
2026-08-06T13:24:52.755471+05:30,WAIT,Neutral,Ignore,Neutral,None,None,High,Falling,Above,Rejected,Above,,,2026-08-06T13:20:00+05:30,58108.0,58116,58130,58097.2,12690,4579.5,292.755471,58091.05158675697,58040.263978550065,-2.2181818181852577,8ac65853
2026-08-06T13:25:00.753090+05:30,WAIT,Neutral,Ignore,Neutral,None,None,High,Falling,Above,Below,Above,,,2026-08-06T13:20:00+05:30,58107.8,58116,58130,58097.2,12780,5082.0,300.0,58091.01522312061,58040.28486597938,-1.636363636367605,8ac65853
2026-08-06T13:25:02.760110+05:30,WAIT,Neutral,Ignore,Neutral,None,None,Unknown,Flat,At,Below,Above,,,2026-08-06T13:25:00+05:30,58103.4,58107.8,58107.8,58103.4,0.0,5082.0,2.76011,58093.267000735046,58040.28486597938,0.6154139780701371,8ac65853
2026-08-06T13:25:30.818542+05:30,WAIT,Neutral,Ignore,Neutral,Bearish,None,Unknown,Flat,Below,Below,Above,,,2026-08-06T13:25:00+05:30,58086.2,58107.8,58107.8,58086.2,570.0,5082.0,30.810915,58090.13972800777,58040.39862125733,-1.4573132946534315,8ac65853
2026-08-06T13:25:37.842303+05:30,WAIT,Neutral,Ignore,Neutral,Bullish,None,Unknown,Flat,At,Below,Above,,,2026-08-06T13:25:00+05:30,58096.8,58107.8,58107.8,58086.2,570.0,5082.0,37.841338,58092.06700073504,58040.39862125733,0.6881412507937057,8ac65853
2026-08-06T13:25:44.834359+05:30,WAIT,Neutral,Ignore,Neutral,Bullish,None,Low,Flat,At,Below,Above,,,2026-08-06T13:25:00+05:30,58096.8,58107.8,58107.8,58086.2,600.0,5082.0,44.833465,58092.06700073504,58040.40442386831,0.9426867053407477,8ac65853
2026-08-06T13:25:48.842987+05:30,WAIT,Neutral,Ignore,Neutral,Bullish,None,Unknown,Flat,At,Below,Above,,,2026-08-06T13:25:00+05:30,58095.0,58107.8,58107.8,58086.2,1080.0,5082.0,48.841988,58091.73972800777,58040.49710353328,0.5063230689775082,8ac65853
2026-08-06T13:26:30.987217+05:30,WAIT,Neutral,Ignore,Neutral,Bullish,None,Low,Flat,At,Below,Above,,,2026-08-06T13:25:00+05:30,58098.8,58107.8,58107.8,58086.2,1230.0,5082.0,90.9801,58092.43063709868,58040.52620880813,2.2909090909088263,8ac65853
2026-08-06T13:27:26.076948+05:30,WAIT,Neutral,Ignore,Neutral,Bullish,Bullish,Low,Flat,Above,Below,Above,,,2026-08-06T13:25:00+05:30,58111.0,58107.8,58111.0,58086.2,1650.0,5082.0,146.075054,58094.64881891686,58040.614413121475,2.2181818181779818,8ac65853
2026-08-06T13:27:33.068907+05:30,WAIT,Neutral,Ignore,Neutral,Bullish,Bullish,Low,Flat,Above,Rejected,Above,,,2026-08-06T13:25:00+05:30,58115.0,58107.8,58115.0,58086.2,1890.0,5082.0,153.067013,58095.37609164413,58040.67499743931,2.9454545454500476,8ac65853
2026-08-06T13:27:34.065419+05:30,WAIT,Neutral,Ignore,Neutral,Bullish,Bullish,Normal,Flat,Above,Below,Above,trend,,2026-08-06T13:25:00+05:30,58114.0,58107.8,58115.0,58086.2,2850.0,5082.0,154.064527,58095.194273462315,58040.9145482389,2.76363636363385,8ac65853
2026-08-06T13:27:41.089872+05:30,WAIT,Neutral,Ignore,Neutral,Bullish,None,High,Flat,At,Below,Above,,,2026-08-06T13:25:00+05:30,58107.2,58107.8,58115.0,58086.2,4200.0,5082.0,161.089872,58093.95790982595,58041.22093495935,1.5272727272677002,8ac65853
2026-08-06T13:27:44.103466+05:30,WAIT,Neutral,Ignore,Neutral,Bullish,Bullish,High,Flat,Above,Below,Above,trend,,2026-08-06T13:25:00+05:30,58109.6,58107.8,58115.0,58086.2,4320.0,5082.0,164.102462,58094.39427346231,58041.247155627796,3.236363636358874,8ac65853
2026-08-06T13:27:59.164336+05:30,WAIT,Neutral,Ignore,Neutral,Bullish,None,High,Flat,At,Below,Above,,,2026-08-06T13:25:00+05:30,58107.4,58107.8,58115.0,58086.2,5490.0,5082.0,179.16344,58093.99427346232,58041.51735303045,2.618181818186713,8ac65853
2026-08-06T13:28:00.162721+05:30,WAIT,Neutral,Ignore,Neutral,Bullish,Bullish,High,Flat,Above,Below,Above,trend,,2026-08-06T13:25:00+05:30,58108.0,58107.8,58115.0,58086.2,5520.0,5082.0,180.161832,58094.1033643714,58041.524079320116,2.727272727272066,8ac65853
2026-08-06T13:28:11.239464+05:30,WAIT,Neutral,Ignore,Neutral,Bullish,None,High,Flat,Above,Below,Above,,,2026-08-06T13:25:00+05:30,58107.8,58107.8,58115.0,58086.2,5970.0,5082.0,191.239464,58094.06700073504,58041.626083442774,1.7818181818147423,8ac65853
2026-08-06T13:28:15.255613+05:30,WAIT,Neutral,Ignore,Neutral,Bullish,Bullish,High,Flat,Above,Below,Above,trend,,2026-08-06T13:25:00+05:30,58110.0,58107.8,58115.0,58086.2,5970.0,5082.0,195.254565,58094.46700073504,58041.626083442774,2.1818181818161975,8ac65853
2026-08-06T13:28:18.284710+05:30,WAIT,Neutral,Ignore,Neutral,Bullish,Bullish,High,Flat,Above,Rejected,Above,,,2026-08-06T13:25:00+05:30,58115.8,58107.8,58115.8,58086.2,6000.0,5082.0,198.28471,58095.521546189586,58041.63298989899,2.872727272726479,8ac65853
2026-08-06T13:28:32.464956+05:30,WAIT,Neutral,Ignore,Neutral,Bullish,Bullish,High,Flat,Above,Below,Above,trend,,2026-08-06T13:25:00+05:30,58114.8,58107.8,58117.6,58086.2,7410.0,5082.0,212.46408,58095.33972800777,58041.99083140645,0.18181818181619747,8ac65853
2026-08-06T13:28:39.508043+05:30,WAIT,Neutral,Ignore,Neutral,Bullish,Bullish,High,Flat,Above,Rejected,Above,,,2026-08-06T13:25:00+05:30,58115.6,58107.8,58117.6,58086.2,7650.0,5082.0,219.507046,58095.485182553224,58042.04934203918,0.8363636363646947,8ac65853
2026-08-06T13:28:43.533900+05:30,WAIT,Neutral,Ignore,Neutral,Bullish,None,High,Flat,At,Below,Above,,,2026-08-06T13:25:00+05:30,58104.2,58107.8,58117.6,58086.2,7950.0,5082.0,223.532869,58093.4124552805,58042.12158554942,-0.1090909090853529,8ac65853
2026-08-06T13:28:46.526772+05:30,WAIT,Neutral,Ignore,Neutral,Bullish,Bullish,High,Flat,Above,Below,Above,trend,,2026-08-06T13:25:00+05:30,58111.4,58107.8,58117.6,58086.2,7950.0,5082.0,226.526772,58094.72154618959,58042.12158554942,0.3272727272778866,8ac65853
2026-08-06T13:45:47.235220+05:30,WAIT,Neutral,Ignore,Unknown,None,None,Low,Flat,Above,Above,Above,,,2026-08-06T13:45:00+05:30,58146.2,58141.8,58149.8,58141.8,960,7788.0,47.232268,58116.11593177459,58058.55281218385,,8ac65853
2026-08-06T13:46:33.621386+05:30,WAIT,Neutral,Ignore,Unknown,None,None,Low,Flat,Above,Rejected,Above,,,2026-08-06T13:45:00+05:30,58135.2,58141.8,58149.8,58135.2,1710,7788.0,93.620215,58114.11593177459,58058.704262169835,,8ac65853
2026-08-06T13:47:34.089408+05:30,WAIT,Neutral,Ignore,Neutral,None,None,Low,Flat,Above,Rejected,Above,,,2026-08-06T13:45:00+05:30,58135.2,58141.8,58149.8,58135.2,1710,7788.0,154.089408,58114.11593177459,58058.704262169835,0.0,8ac65853
2026-08-06T13:48:34.387210+05:30,WAIT,Neutral,Ignore,Unknown,None,None,Normal,Flat,Above,Below,Above,,,2026-08-06T13:45:00+05:30,58121.4,58141.8,58149.8,58121,6720,7788.0,214.38721,58111.606840865505,58059.63270074565,,8ac65853
2026-08-06T13:49:34.900473+05:30,WAIT,Neutral,Ignore,Neutral,None,None,Normal,Flat,Above,Below,Above,,,2026-08-06T13:45:00+05:30,58121.4,58141.8,58149.8,58121,6720,7788.0,274.900473,58111.606840865505,58059.63270074565,0.0,8ac65853
2026-08-06T13:50:35.244727+05:30,WAIT,Neutral,Ignore,Unknown,None,None,Low,Flat,Above,Below,Above,,,2026-08-06T13:50:00+05:30,58133.4,58138,58138,58133.4,180,8143.5,35.244727,58118.03865492302,58060.45816068048,,8ac65853
2026-08-06T13:51:35.742284+05:30,WAIT,Neutral,Ignore,Neutral,None,None,Low,Flat,Above,Below,Above,,,2026-08-06T13:50:00+05:30,58133.4,58138,58138,58133.4,180,8143.5,95.741812,58118.03865492302,58060.45816068048,0.0,8ac65853
2026-08-06T13:52:36.088349+05:30,WAIT,Neutral,Ignore,Unknown,None,Bullish,Low,Flat,Above,Above,Above,,,2026-08-06T13:50:00+05:30,58147.4,58138,58147.4,58126.2,3450,8143.5,156.088349,58120.58410946847,58061.151165741474,,8ac65853
2026-08-06T13:53:36.409188+05:30,WAIT,Neutral,Ignore,Neutral,None,Bullish,Low,Flat,Above,Above,Above,,,2026-08-06T13:50:00+05:30,58147.4,58138,58147.4,58126.2,3450,8143.5,216.409188,58120.58410946847,58061.151165741474,0.0,8ac65853
2026-08-06T13:54:36.830817+05:30,WAIT,Neutral,Ignore,Unknown,None,Bullish,Normal,Falling,Above,Above,Above,,,2026-08-06T13:50:00+05:30,58154.8,58138,58158.4,58126.2,9600,8143.5,276.830817,58121.929564013924,58062.57098712446,,8ac65853
2026-08-06T13:55:00.997548+05:30,WAIT,Neutral,Ignore,Unknown,None,Bullish,Normal,Falling,Above,Rejected,Above,,,2026-08-06T13:50:00+05:30,58154.8,58138,58158.4,58126.2,9600,8463.0,300.0,58121.929564013924,58062.57098712446,,8ac65853
2026-08-06T13:55:37.192576+05:30,WAIT,Neutral,Ignore,Neutral,None,Bullish,Normal,Falling,Above,Rejected,Above,,,2026-08-06T13:50:00+05:30,58154.8,58138,58158.4,58126.2,9600,8463.0,300.0,58121.929564013924,58062.57098712446,0.0,8ac65853
2026-08-06T13:56:37.503155+05:30,WAIT,Neutral,Ignore,Unknown,None,None,Low,Flat,Above,Rejected,Above,,,2026-08-06T13:55:00+05:30,58148.8,58149,58153,58146.8,2070,8553.0,97.503155,58125.95228791222,58063.36668211784,,8ac65853
