timestamp,instrument,poc,vah,val,total_volume,current_price,vwap,ema_10,oi,oi_pattern
2026-08-03T14:34:10.906258+05:30,BANKNIFTY26AUGFUT,58002.5,58030.0,57825.0,579810.0,57902.0,57907.42131187012,57906.81860924043,2144100,Fresh Shorts
2026-08-03T14:34:41.152078+05:30,BANKNIFTY26AUGFUT,58002.5,58030.0,57825.0,579810.0,57915.6,57907.421733821735,57909.29133651315,2144100,Fresh Shorts
2026-08-03T14:35:02.643218+05:30,BANKNIFTY26AUGFUT,58002.5,58030.0,57830.0,581490.0,57915.6,57907.421733821735,57909.29133651315,2144100,Fresh Shorts
2026-08-03T14:35:03.624494+05:30,BANKNIFTY26AUGFUT,58002.5,58030.0,57830.0,581490.0,57915.6,57907.421733821735,57910.438366238035,2144100,Flat
2026-08-03T14:35:04.067087+05:30,BANKNIFTY26AUGFUT,58002.5,58030.0,57830.0,581520.0,,57907.43486036594,57909.29133651315,2144100,Fresh Shorts
2026-08-03T14:35:04.631306+05:30,BANKNIFTY26AUGFUT,58002.5,58030.0,57830.0,581490.0,57915.6,57907.421733821735,57911.37684510385,2144100,Flat
2026-08-03T14:35:05.068623+05:30,BANKNIFTY26AUGFUT,58002.5,58030.0,57830.0,581520.0,57915.6,57907.43486036594,57910.438366238035,2144100,Flat
2026-08-03T14:35:05.880334+05:30,BANKNIFTY26AUGFUT,58002.5,58030.0,57830.0,581490.0,57915.6,57907.421733821735,57912.1446914486,2144100,Flat
2026-08-03T14:35:08.154567+05:30,BANKNIFTY26AUGFUT,58002.5,58030.0,57830.0,581520.0,57915.6,57907.43486036594,57911.37684510385,2144100,Flat
2026-08-03T14:35:10.194486+05:30,BANKNIFTY26AUGFUT,58002.5,58030.0,57830.0,581520.0,57915.6,57907.43486036594,57912.1446914486,2144100,Flat
2026-08-03T14:35:11.225678+05:30,BANKNIFTY26AUGFUT,58002.5,58030.0,57830.0,581520.0,57915.6,57907.43486036594,57912.772929367035,2144100,Flat
2026-08-03T14:35:12.248815+05:30,BANKNIFTY26AUGFUT,58002.5,58030.0,57830.0,581520.0,57915.6,57907.43486036594,57913.28694220939,2144100,Flat
2026-08-03T14:35:13.259098+05:30,BANKNIFTY26AUGFUT,58002.5,58030.0,57830.0,581520.0,57915.6,57907.43486036594,57913.70749817132,2144100,Flat
2026-08-03T14:35:14.272657+05:30,BANKNIFTY26AUGFUT,58002.5,58030.0,57830.0,581520.0,57915.6,57907.43486036594,57914.0515894129,2144100,Flat
2026-08-03T14:35:15.267351+05:30,BANKNIFTY26AUGFUT,58002.5,58030.0,57830.0,581520.0,57915.6,57907.43486036594,57914.33311861055,2144100,Flat
2026-08-03T14:35:17.288844+05:30,BANKNIFTY26AUGFUT,58002.5,58030.0,57830.0,581520.0,57915.6,57907.43486036594,57914.56346068136,2144100,Flat
2026-08-03T14:35:18.296421+05:30,BANKNIFTY26AUGFUT,58002.5,58030.0,57830.0,581520.0,57915.6,57907.43486036594,57914.75192237566,2144100,Flat
2026-08-03T14:35:48.519284+05:30,BANKNIFTY26AUGFUT,58002.5,58030.0,57830.0,581520.0,57917.6,57907.44160951546,57915.269754671,2144130,Fresh Longs
2026-08-03T14:36:40.900597+05:30,BANKNIFTY26AUGFUT,58002.5,58030.0,57830.0,581520.0,57917.0,57907.44180930776,57910.69291169258,2144100,Flat
2026-08-03T14:37:11.085536+05:30,BANKNIFTY26AUGFUT,58002.5,58030.0,57830.0,581520.0,57923.6,57907.444728522336,57911.89291169258,2144160,Fresh Longs
2026-08-03T14:37:41.339885+05:30,BANKNIFTY26AUGFUT,58002.5,58030.0,57830.0,581520.0,57926.2,57907.441813437705,57912.365638965304,2144160,Fresh Longs
2026-08-03T14:47:46.267876+05:30,BANKNIFTY26AUGFUT,58002.5,58030.0,57830.0,592050.0,57940,57907.8895581313,57923.21576582877,2149110,Fresh Longs
2026-08-03T14:48:17.202972+05:30,BANKNIFTY26AUGFUT,58002.5,58030.0,57830.0,592050.0,57937.0,57907.89265651096,57922.67031128331,2149080,Fresh Shorts
2026-08-03T14:52:42.221087+05:30,BANKNIFTY26AUGFUT,58002.5,58030.0,57830.0,593760.0,57950.0,57908.04213233811,57930.31703154585,2148660,Long Liquidation
2026-08-03T14:53:12.686915+05:30,BANKNIFTY26AUGFUT,58002.5,58030.0,57830.0,593760.0,57926.0,57908.046260904644,57925.953395182216,2148660,Long Liquidation
2026-08-03T14:53:42.761139+05:30,BANKNIFTY26AUGFUT,58002.5,58030.0,57830.0,593760.0,57926.0,57908.04716619605,57925.953395182216,2148660,Long Liquidation
2026-08-03T14:54:12.834135+05:30,BANKNIFTY26AUGFUT,58002.5,58030.0,57830.0,593760.0,57935.0,57908.049430271254,57927.589758818576,2148660,Long Liquidation
2026-08-03T14:54:42.941908+05:30,BANKNIFTY26AUGFUT,58002.5,58030.0,57830.0,593760.0,57938.2,57908.05484423833,57928.171577000394,2148690,Long Liquidation
2026-08-03T14:55:01.019815+05:30,BANKNIFTY26AUGFUT,58002.5,58030.0,57830.0,595140.0,57938.2,57908.05484423833,57928.171577000394,2148690,Long Liquidation
2026-08-03T14:55:03.037447+05:30,BANKNIFTY26AUGFUT,58002.5,58030.0,57830.0,595140.0,57925.0,57908.05484423833,57927.59492663669,2148660,Long Liquidation
2026-08-03T14:55:04.027194+05:30,BANKNIFTY26AUGFUT,58002.5,58030.0,57830.0,595740.0,57925.0,57908.07191056501,57927.12312179365,2148660,Flat
2026-08-03T14:55:05.016998+05:30,BANKNIFTY26AUGFUT,58002.5,58030.0,57830.0,598140.0,57925.0,57908.1398334838,57926.73709964935,2148660,Flat
2026-08-03T14:55:06.027396+05:30,BANKNIFTY26AUGFUT,58002.5,58030.0,57830.0,598140.0,57925.0,57908.1398334838,57926.42126334947,2148660,Flat
2026-08-03T14:55:08.053700+05:30,BANKNIFTY26AUGFUT,58002.5,58030.0,57830.0,598140.0,57925.0,57908.1398334838,57926.16285183138,2148660,Flat
2026-08-03T14:55:09.030241+05:30,BANKNIFTY26AUGFUT,58002.5,58030.0,57830.0,598140.0,57925.0,57908.1398334838,57925.95142422568,2148660,Flat
2026-08-03T14:55:10.035062+05:30,BANKNIFTY26AUGFUT,58002.5,58030.0,57830.0,598140.0,57925.0,57908.1398334838,57925.778438002824,2148660,Flat
2026-08-03T14:55:11.048388+05:30,BANKNIFTY26AUGFUT,58002.5,58030.0,57830.0,598140.0,57925.0,57908.1398334838,57925.636903820494,2148660,Flat
2026-08-03T14:55:13.063308+05:30,BANKNIFTY26AUGFUT,58002.5,58030.0,57830.0,598140.0,57923.0,57908.1398334838,57925.15746676222,2148660,Flat
2026-08-03T14:55:14.087874+05:30,BANKNIFTY26AUGFUT,58002.5,58030.0,57830.0,598170.0,57923.0,57908.14057876523,57924.76520007818,2148660,Flat
2026-08-03T14:55:15.106177+05:30,BANKNIFTY26AUGFUT,58002.5,58030.0,57830.0,598170.0,57923.0,57908.14057876523,57924.44425460942,2148660,Flat
2026-08-03T14:55:16.118330+05:30,BANKNIFTY26AUGFUT,58002.5,58030.0,57830.0,598170.0,57923.0,57908.14057876523,57924.181662862255,2148660,Flat
2026-08-03T14:55:17.116563+05:30,BANKNIFTY26AUGFUT,58002.5,58030.0,57830.0,598170.0,57923.0,57908.14057876523,57923.966815069114,2148660,Flat
2026-08-03T14:55:18.127917+05:30,BANKNIFTY26AUGFUT,58002.5,58030.0,57830.0,598170.0,57920.0,57908.14057876523,57923.24557596564,2148660,Flat
2026-08-03T14:55:48.298830+05:30,BANKNIFTY26AUGFUT,58002.5,58030.0,57830.0,598170.0,57921.0,57908.15596072931,57922.83728942643,2148660,Flat
2026-08-03T14:56:18.420704+05:30,BANKNIFTY26AUGFUT,58002.5,58030.0,57830.0,598170.0,57933.0,57908.17917104145,57925.01910760825,2145660,Short Covering
2026-08-03T14:56:49.398725+05:30,BANKNIFTY26AUGFUT,58002.5,58030.0,57830.0,598170.0,57921.8,57908.18857514119,57922.98274397189,2145660,Short Covering
2026-08-03T14:57:19.543832+05:30,BANKNIFTY26AUGFUT,58002.5,58030.0,57830.0,598170.0,57935.0,57908.19259444333,57925.38274397189,2145600,Short Covering
2026-08-03T14:57:50.550988+05:30,BANKNIFTY26AUGFUT,58002.5,58030.0,57830.0,598170.0,57940.4,57908.214980525314,57926.3645621537,2145600,Short Covering
2026-08-03T14:58:20.673482+05:30,BANKNIFTY26AUGFUT,58002.5,58030.0,57830.0,598170.0,57924.8,57908.21663670861,57923.52819851734,2145450,Short Covering
2026-08-03T14:58:50.779446+05:30,BANKNIFTY26AUGFUT,58002.5,58030.0,57830.0,598170.0,57924.8,57908.21663670861,57923.52819851734,2145450,Short Covering
2026-08-03T14:59:20.826681+05:30,BANKNIFTY26AUGFUT,58002.5,58030.0,57830.0,598170.0,57920.2,57908.21723500924,57922.69183488098,2145450,Short Covering
2026-08-03T14:59:50.923101+05:30,BANKNIFTY26AUGFUT,58002.5,58030.0,57830.0,598170.0,57921.0,57908.22652165237,57922.83728942643,2145390,Short Covering
2026-08-03T15:00:00.939570+05:30,BANKNIFTY26AUGFUT,58002.5,58030.0,57830.0,601530.0,57921.0,57908.23098099845,57922.83728942643,2145390,Short Covering
2026-08-03T15:00:01.945918+05:30,BANKNIFTY26AUGFUT,58002.5,58030.0,57830.0,601530.0,57921.0,57908.23098099845,57922.503236803444,2145390,Flat
2026-08-03T15:00:03.940824+05:30,BANKNIFTY26AUGFUT,58002.5,58030.0,57830.0,601530.0,57921.0,57908.23098099845,57922.229921021,2145390,Flat
2026-08-03T15:00:04.919710+05:30,BANKNIFTY26AUGFUT,58002.5,58030.0,57830.0,601530.0,57921.0,57908.23098099845,57922.00629901718,2145390,Flat
2026-08-03T15:00:05.937213+05:30,BANKNIFTY26AUGFUT,58002.5,58030.0,57830.0,601530.0,57921.0,57908.23098099845,57921.82333555951,2145390,Flat
2026-08-03T15:00:06.947296+05:30,BANKNIFTY26AUGFUT,58002.5,58030.0,57830.0,601590.0,57921.0,57908.23225452551,57921.67363818505,2145960,Flat
2026-08-03T15:00:07.965051+05:30,BANKNIFTY26AUGFUT,58002.5,58030.0,57830.0,601590.0,57921.0,57908.23225452551,57921.55115851504,2145960,Flat
2026-08-03T15:00:09.959887+05:30,BANKNIFTY26AUGFUT,58002.5,58030.0,57830.0,601590.0,57921.0,57908.23225452551,57921.45094787594,2145960,Flat
2026-08-03T15:00:10.955114+05:30,BANKNIFTY26AUGFUT,58002.5,58030.0,57830.0,601590.0,57921.0,57908.23225452551,57921.36895735304,2145960,Flat
2026-08-03T15:00:11.937734+05:30,BANKNIFTY26AUGFUT,58002.5,58030.0,57830.0,601590.0,57921.0,57908.23225452551,57921.30187419795,2145960,Flat
2026-08-03T15:00:12.949785+05:30,BANKNIFTY26AUGFUT,58002.5,58030.0,57830.0,601650.0,57921.0,57908.233527798555,57921.246987980136,2145960,Flat
2026-08-03T15:00:14.961528+05:30,BANKNIFTY26AUGFUT,58002.5,58030.0,57830.0,601650.0,57921.0,57908.233527798555,57921.202081074654,2145960,Flat
2026-08-03T15:00:15.973035+05:30,BANKNIFTY26AUGFUT,58002.5,58030.0,57830.0,601650.0,57921.0,57908.233527798555,57921.16533906108,2145960,Flat
2026-08-03T15:00:16.987676+05:30,BANKNIFTY26AUGFUT,58002.5,58030.0,57830.0,601800.0,57921.0,57908.23670987039,57921.13527741361,2145960,Flat
2026-08-03T15:00:17.979345+05:30,BANKNIFTY26AUGFUT,58002.5,58030.0,57830.0,601800.0,57921.0,57908.23670987039,57921.11068152023,2145960,Flat
2026-08-03T15:00:48.008139+05:30,BANKNIFTY26AUGFUT,58002.5,58030.0,57830.0,601800.0,57930.0,57908.23906693914,57922.726921243826,2145960,Flat
2026-08-03T15:01:18.068374+05:30,BANKNIFTY26AUGFUT,58002.5,58030.0,57830.0,601800.0,57921.0,57908.2517751332,57921.09055760746,2146140,Flat
2026-08-03T15:01:48.108563+05:30,BANKNIFTY26AUGFUT,58002.5,58030.0,57830.0,601800.0,57921.0,57908.28343515621,57921.09055760746,2146140,Flat
2026-08-03T15:02:18.195856+05:30,BANKNIFTY26AUGFUT,58002.5,58030.0,57830.0,601800.0,57911.2,57908.305258991735,57919.30873942564,2146650,Fresh Shorts
2026-08-03T15:02:48.215503+05:30,BANKNIFTY26AUGFUT,58002.5,58030.0,57830.0,601800.0,57890.0,57908.29403567722,57915.4541939711,2146650,Fresh Shorts
2026-08-03T15:03:19.191292+05:30,BANKNIFTY26AUGFUT,58002.5,58030.0,57830.0,601800.0,57884.2,57908.27862327786,57914.39964851655,2146620,Fresh Shorts
2026-08-03T15:04:35.227212+05:30,BANKNIFTY26AUGFUT,58002.5,58030.0,57830.0,601830.0,57871,57908.060997240835,57914.49472209418,2146620,Fresh Shorts
2026-08-03T15:05:00.806375+05:30,BANKNIFTY26AUGFUT,58002.5,58030.0,57835.0,608940.0,57871.0,57908.05833087004,57914.49472209418,2146620,Fresh Shorts
2026-08-03T15:05:01.826697+05:30,BANKNIFTY26AUGFUT,58002.5,58030.0,57835.0,608940.0,57871.0,57908.05833087004,57906.586590804334,2146620,Flat
2026-08-03T15:05:02.843837+05:30,BANKNIFTY26AUGFUT,58002.5,58030.0,57835.0,608940.0,57871.0,57908.05833087004,57900.116301567185,2146620,Flat
2026-08-03T15:05:03.849997+05:30,BANKNIFTY26AUGFUT,58002.5,58030.0,57835.0,608940.0,57871.0,57908.05833087004,57894.822428554966,2146620,Flat
2026-08-03T15:05:04.860461+05:30,BANKNIFTY26AUGFUT,58002.5,58030.0,57835.0,608970.0,57872.0,57908.056554510076,57890.67289609043,2146770,Fresh Longs
2026-08-03T15:05:05.860368+05:30,BANKNIFTY26AUGFUT,58002.5,58030.0,57835.0,608970.0,57872.0,57908.056554510076,57887.277824073986,2146770,Flat
2026-08-03T15:05:07.872462+05:30,BANKNIFTY26AUGFUT,58002.5,58030.0,57835.0,608970.0,57872.0,57908.056554510076,57884.500037878715,2146770,Flat
2026-08-03T15:05:08.871587+05:30,BANKNIFTY26AUGFUT,58002.5,58030.0,57835.0,609000.0,57872.0,57908.054778325124,57882.22730371895,2146770,Flat
2026-08-03T15:05:09.884004+05:30,BANKNIFTY26AUGFUT,58002.5,58030.0,57835.0,609000.0,57872.0,57908.054778325124,57880.36779395187,2146770,Flat
2026-08-03T15:05:10.888068+05:30,BANKNIFTY26AUGFUT,58002.5,58030.0,57835.0,609000.0,57872.0,57908.054778325124,57878.84637686971,2146770,Flat
2026-08-03T15:05:12.900291+05:30,BANKNIFTY26AUGFUT,58002.5,58030.0,57835.0,609000.0,57872.0,57908.054778325124,57877.60158107522,2146770,Flat
2026-08-03T15:05:13.899044+05:30,BANKNIFTY26AUGFUT,58002.5,58030.0,57835.0,609000.0,57872.0,57908.054778325124,57876.583111788816,2146770,Flat
2026-08-03T15:05:14.896814+05:30,BANKNIFTY26AUGFUT,58002.5,58030.0,57835.0,609000.0,57872.0,57908.054778325124,57875.7498187363,2146770,Flat
2026-08-03T15:05:15.908778+05:30,BANKNIFTY26AUGFUT,58002.5,58030.0,57835.0,609000.0,57872.0,57908.054778325124,57875.06803351152,2146770,Flat
2026-08-03T15:05:17.919511+05:30,BANKNIFTY26AUGFUT,58002.5,58030.0,57835.0,609000.0,57872.0,57908.054778325124,57874.510209236694,2146770,Flat
2026-08-03T15:05:48.067369+05:30,BANKNIFTY26AUGFUT,58002.5,58030.0,57835.0,609000.0,57861.0,57908.01126913045,57872.0538075573,2146770,Flat
2026-08-03T15:06:18.081572+05:30,BANKNIFTY26AUGFUT,58002.5,58030.0,57835.0,609000.0,57859.2,57907.90765000491,57871.72653483002,2146290,Long Liquidation
2026-08-03T15:06:49.056830+05:30,BANKNIFTY26AUGFUT,58002.5,58030.0,57835.0,609000.0,57857.2,57907.84077488965,57871.36289846639,2146290,Long Liquidation
2026-08-03T15:07:19.091779+05:30,BANKNIFTY26AUGFUT,58002.5,58030.0,57835.0,609000.0,57857.2,57907.81930581429,57871.36289846639,2146440,Long Liquidation
2026-08-03T15:07:49.328371+05:30,BANKNIFTY26AUGFUT,58002.5,58030.0,57835.0,609000.0,57868.8,57907.6305924912,57873.47198937548,2146440,Long Liquidation
2026-08-03T15:08:19.513151+05:30,BANKNIFTY26AUGFUT,58002.5,58030.0,57835.0,609000.0,57860.0,57907.610321067295,57871.871989375475,2145330,Long Liquidation
2026-08-03T15:08:49.613596+05:30,BANKNIFTY26AUGFUT,58002.5,58030.0,57835.0,609000.0,57844.4,57907.58410511919,57869.03562573911,2145330,Long Liquidation
2026-08-03T15:09:19.809735+05:30,BANKNIFTY26AUGFUT,58002.5,58030.0,57835.0,609000.0,57835.2,57907.45115780237,57867.36289846639,2144940,Long Liquidation
2026-08-03T15:09:49.957613+05:30,BANKNIFTY26AUGFUT,58002.5,58030.0,57835.0,609000.0,57830.0,57907.33117578353,57866.41744392093,2144940,Long Liquidation
2026-08-03T15:10:00.953895+05:30,BANKNIFTY26AUGFUT,58002.5,58030.0,57835.0,617190.0,57825.0,57907.23210032567,57865.50835301184,2144940,Long Liquidation
2026-08-03T15:10:01.958750+05:30,BANKNIFTY26AUGFUT,58002.5,58030.0,57835.0,617220.0,57832.0,57907.22844366676,57859.415925191504,2144940,Flat
2026-08-03T15:10:02.953153+05:30,BANKNIFTY26AUGFUT,58002.5,58030.0,57835.0,617220.0,57832.0,57907.22844366676,57854.43121152032,2144940,Flat
2026-08-03T15:10:03.958938+05:30,BANKNIFTY26AUGFUT,58002.5,58030.0,57835.0,617220.0,57832.0,57907.22844366676,57850.35280942572,2144940,Flat
2026-08-03T15:10:05.966224+05:30,BANKNIFTY26AUGFUT,58002.5,58030.0,57835.0,617220.0,57832.0,57907.22844366676,57847.01593498468,2144940,Flat
2026-08-03T15:10:06.978916+05:30,BANKNIFTY26AUGFUT,58002.5,58030.0,57835.0,617220.0,57832.0,57907.22844366676,57844.285764987464,2144940,Flat
2026-08-03T15:10:07.968401+05:30,BANKNIFTY26AUGFUT,58002.5,58030.0,57835.0,617220.0,57832.0,57907.22844366676,57842.0519895352,2144940,Flat
2026-08-03T15:10:08.979337+05:30,BANKNIFTY26AUGFUT,58002.5,58030.0,57835.0,617280.0,57825.0,57907.220451010886,57838.95162780152,2145150,Fresh Shorts
2026-08-03T15:10:09.963185+05:30,BANKNIFTY26AUGFUT,58002.5,58030.0,57835.0,617280.0,57825.0,57907.220451010886,57836.41496820124,2145150,Flat
2026-08-03T15:10:10.975711+05:30,BANKNIFTY26AUGFUT,58002.5,58030.0,57835.0,617280.0,57825.0,57907.220451010886,57834.33951943738,2145150,Flat
2026-08-03T15:10:11.989837+05:30,BANKNIFTY26AUGFUT,58002.5,58030.0,57835.0,617310.0,57825.0,57907.21645526559,57832.64142499422,2145150,Flat
2026-08-03T15:10:13.004521+05:30,BANKNIFTY26AUGFUT,58002.5,58030.0,57835.0,617310.0,57825.0,57907.21645526559,57831.25207499527,2145150,Flat
2026-08-03T15:10:14.011910+05:30,BANKNIFTY26AUGFUT,58002.5,58030.0,57835.0,617310.0,57825.0,57907.21645526559,57830.11533408704,2145150,Flat
2026-08-03T15:10:15.021909+05:30,BANKNIFTY26AUGFUT,58002.5,58030.0,57835.0,617310.0,57832.0,57907.21645526559,57830.458000616665,2145150,Flat
2026-08-03T15:10:16.020903+05:30,BANKNIFTY26AUGFUT,58002.5,58030.0,57835.0,617340.0,57832.0,57907.21280007775,57830.73836414091,2145150,Flat
2026-08-03T15:10:17.036589+05:30,BANKNIFTY26AUGFUT,58002.5,58030.0,57835.0,617370.0,57832.0,57907.20914524515,57830.96775247893,2145150,Flat
2026-08-03T15:10:18.036127+05:30,BANKNIFTY26AUGFUT,58002.5,58030.0,57835.0,617370.0,57827.0,57907.20914524515,57830.24634293731,2145150,Flat
2026-08-03T15:10:19.047628+05:30,BANKNIFTY26AUGFUT,58002.5,58030.0,57835.0,617370.0,57832.0,57907.19452946606,57829.93350229687,2145150,Flat
2026-08-03T15:10:49.120699+05:30,BANKNIFTY26AUGFUT,58002.5,58030.0,57835.0,617370.0,57835.0,57907.06263096624,57830.47895684233,2145150,Flat
2026-08-03T15:11:19.643888+05:30,BANKNIFTY26AUGFUT,58002.5,58030.0,57835.0,617370.0,57840.0,57907.023676556135,57831.38804775142,2144670,Short Covering
2026-08-03T15:11:50.290656+05:30,BANKNIFTY26AUGFUT,58002.5,58030.0,57835.0,617370.0,57854.0,57906.83343326886,57833.93350229687,2144670,Short Covering
2026-08-03T15:12:20.326646+05:30,BANKNIFTY26AUGFUT,58002.5,58030.0,57835.0,617370.0,57868.4,57906.62587146232,57836.55168411506,2144130,Short Covering
2026-08-03T15:12:50.473151+05:30,BANKNIFTY26AUGFUT,58002.5,58030.0,57835.0,617370.0,57840.0,57906.60425060241,57831.38804775142,2144130,Short Covering
2026-08-03T15:13:20.637706+05:30,BANKNIFTY26AUGFUT,58002.5,58030.0,57835.0,617370.0,57840.0,57906.57043495015,57831.38804775142,2142870,Short Covering
2026-08-03T15:13:50.902967+05:30,BANKNIFTY26AUGFUT,58002.5,58030.0,57835.0,617370.0,57868.6,57906.53517208183,57836.58804775142,2142870,Short Covering
2026-08-03T15:14:20.945251+05:30,BANKNIFTY26AUGFUT,58002.5,58030.0,57835.0,617370.0,57850.2,57906.51616783755,57833.24259320596,2142720,Short Covering
2026-08-03T15:14:51.159547+05:30,BANKNIFTY26AUGFUT,58002.5,58030.0,57835.0,617370.0,57859.4,57906.44140118207,57834.91532047869,2142720,Short Covering
2026-08-03T15:15:00.184508+05:30,BANKNIFTY26AUGFUT,58002.5,58030.0,57835.0,624390.0,57850.0,57906.435977514055,57833.2062295696,2142720,Short Covering
2026-08-03T15:15:01.201509+05:30,BANKNIFTY26AUGFUT,58002.5,58030.0,57835.0,624390.0,57855.0,57906.435977514055,57837.16873328422,2142720,Flat
2026-08-03T15:15:02.196621+05:30,BANKNIFTY26AUGFUT,58002.5,58030.0,57835.0,624780.0,57858.6,57906.40611735331,57841.06532723254,2142720,Flat
2026-08-03T15:15:03.208967+05:30,BANKNIFTY26AUGFUT,58002.5,58030.0,57835.0,624780.0,57860.0,57906.40611735331,57844.50799500845,2142720,Flat
2026-08-03T15:15:04.208285+05:30,BANKNIFTY26AUGFUT,58002.5,58030.0,57835.0,624810.0,57860.0,57906.403889182315,57847.32472318873,2142720,Flat
2026-08-03T15:15:05.205436+05:30,BANKNIFTY26AUGFUT,58002.5,58030.0,57835.0,624840.0,57860.0,57906.401661225274,57849.6293189726,2142720,Flat
2026-08-03T15:15:06.216253+05:30,BANKNIFTY26AUGFUT,58002.5,58030.0,57835.0,624840.0,57860.0,57906.401661225274,57851.514897341214,2142720,Flat
2026-08-03T15:15:07.224564+05:30,BANKNIFTY26AUGFUT,58002.5,58030.0,57835.0,624840.0,57860.0,57906.401661225274,57853.05764327918,2142720,Flat
2026-08-03T15:15:09.240057+05:30,BANKNIFTY26AUGFUT,58002.5,58030.0,57835.0,624840.0,57860.0,57906.401661225274,57854.31988995569,2142720,Flat
2026-08-03T15:15:10.216128+05:30,BANKNIFTY26AUGFUT,58002.5,58030.0,57835.0,624840.0,57852.0,57906.401661225274,57853.89809178193,2142570,Long Liquidation
2026-08-03T15:15:11.212884+05:30,BANKNIFTY26AUGFUT,58002.5,58030.0,57835.0,624870.0,57852.0,57906.39904940227,57853.55298418521,2142570,Flat
2026-08-03T15:15:12.224370+05:30,BANKNIFTY26AUGFUT,58002.5,58030.0,57835.0,624930.0,57850.0,57906.39363448706,57852.906987060625,2142570,Flat
2026-08-03T15:15:14.234489+05:30,BANKNIFTY26AUGFUT,58002.5,58030.0,57835.0,624930.0,57850.0,57906.39363448706,57852.378443958696,2142570,Flat
2026-08-03T15:15:15.227696+05:30,BANKNIFTY26AUGFUT,58002.5,58030.0,57835.0,624930.0,57850.0,57906.39363448706,57851.94599960257,2142570,Flat
2026-08-03T15:15:16.242922+05:30,BANKNIFTY26AUGFUT,58002.5,58030.0,57835.0,624930.0,57850.0,57906.39363448706,57851.59218149301,2142570,Flat
2026-08-03T15:15:17.255129+05:30,BANKNIFTY26AUGFUT,58002.5,58030.0,57835.0,624930.0,57850.0,57906.39363448706,57851.302693948826,2142570,Flat
2026-08-03T15:15:47.578199+05:30,BANKNIFTY26AUGFUT,58002.5,58030.0,57835.0,625020.0,57826.8,57906.305731039,57878.28459643967,2142570,Flat
2026-08-03T15:16:17.708648+05:30,BANKNIFTY26AUGFUT,58002.5,58030.0,57835.0,625020.0,57850.2,57906.28343954131,57882.539141894216,2142330,Short Covering
2026-08-03T15:16:47.739136+05:30,BANKNIFTY26AUGFUT,58002.5,58030.0,57835.0,625020.0,57860.0,57906.26557460804,57884.32096007604,2142330,Short Covering
2026-08-03T15:17:17.941196+05:30,BANKNIFTY26AUGFUT,58002.5,58030.0,57835.0,625020.0,57850.0,57906.23863781438,57882.502778257855,2142360,Flat
2026-08-03T15:17:48.098763+05:30,BANKNIFTY26AUGFUT,58002.5,58030.0,57835.0,625020.0,57850.0,57906.13467833182,57882.502778257855,2142360,Flat
2026-08-03T15:18:18.290580+05:30,BANKNIFTY26AUGFUT,58002.5,58030.0,57835.0,625020.0,57850.0,57906.09866042274,57882.502778257855,2142150,Flat
2026-08-03T15:18:48.360539+05:30,BANKNIFTY26AUGFUT,58002.5,58030.0,57835.0,625020.0,57825.0,57906.0046128396,57877.9573237124,2142150,Long Liquidation
2026-08-03T15:19:18.523731+05:30,BANKNIFTY26AUGFUT,58002.5,58030.0,57835.0,625020.0,57830.0,57905.96631374794,57878.86641462149,2142570,Flat
2026-08-03T15:19:48.718518+05:30,BANKNIFTY26AUGFUT,58002.5,58030.0,57835.0,625020.0,57827.0,57905.916267174965,57878.32096007604,2142570,Flat
2026-08-03T15:20:00.697321+05:30,BANKNIFTY26AUGFUT,58002.5,58030.0,57835.0,629730.0,57856.8,57905.90059866927,57883.73914189422,2142570,Flat
2026-08-03T15:20:01.710244+05:30,BANKNIFTY26AUGFUT,58002.5,58030.0,57835.0,629730.0,57856.8,57905.90059866927,57878.841116095275,2142570,Flat
2026-08-03T15:20:02.717541+05:30,BANKNIFTY26AUGFUT,58002.5,58030.0,57835.0,629730.0,57856.8,57905.90059866927,57874.83364044159,2142570,Flat
2026-08-03T15:20:03.729888+05:30,BANKNIFTY26AUGFUT,58002.5,58030.0,57835.0,629730.0,57827.0,57905.90059866927,57866.136614906754,2142570,Flat
2026-08-03T15:20:04.744768+05:30,BANKNIFTY26AUGFUT,58002.5,58030.0,57835.0,629820.0,57855.0,57905.893325077006,57864.1117758328,2142570,Flat
2026-08-03T15:20:05.753034+05:30,BANKNIFTY26AUGFUT,58002.5,58030.0,57835.0,629820.0,57855.0,57905.893325077006,57862.455089317744,2142570,Flat
2026-08-03T15:20:06.760859+05:30,BANKNIFTY26AUGFUT,58002.5,58030.0,57835.0,629850.0,57855.0,57905.89090100818,57861.0996185327,2142570,Flat
2026-08-03T15:20:07.776375+05:30,BANKNIFTY26AUGFUT,58002.5,58030.0,57835.0,629850.0,57855.0,57905.89090100818,57859.990596981304,2142570,Flat
2026-08-03T15:20:08.790375+05:30,BANKNIFTY26AUGFUT,58002.5,58030.0,57835.0,629850.0,57855.0,57905.89090100818,57859.08321571197,2142570,Flat
2026-08-03T15:20:09.799628+05:30,BANKNIFTY26AUGFUT,58002.5,58030.0,57835.0,629850.0,57855.0,57905.89090100818,57858.34081285525,2142570,Flat
2026-08-03T15:20:11.794716+05:30,BANKNIFTY26AUGFUT,58002.5,58030.0,57835.0,629850.0,57855.0,57905.89090100818,57857.733392336115,2142570,Flat
2026-08-03T15:20:12.806824+05:30,BANKNIFTY26AUGFUT,58002.5,58030.0,57835.0,629910.0,57858.8,57905.88641551968,57857.92732100227,2143170,Fresh Longs
2026-08-03T15:20:13.803742+05:30,BANKNIFTY26AUGFUT,58002.5,58030.0,57835.0,629940.0,57854.0,57905.88394450265,57857.21326263822,2143170,Flat
2026-08-03T15:20:14.818255+05:30,BANKNIFTY26AUGFUT,58002.5,58030.0,57835.0,630000.0,57858.6,57905.87944126984,57857.465396704,2143170,Flat
2026-08-03T15:20:16.793818+05:30,BANKNIFTY26AUGFUT,58002.5,58030.0,57835.0,630000.0,57858.6,57905.87944126984,57857.671688212366,2143170,Flat
2026-08-03T15:20:17.811460+05:30,BANKNIFTY26AUGFUT,58002.5,58030.0,57835.0,630000.0,57858.6,57905.87944126984,57857.84047217375,2143170,Flat
2026-08-03T15:20:47.947907+05:30,BANKNIFTY26AUGFUT,58002.5,58030.0,57835.0,630000.0,57861.4,57905.81318622089,57858.48765905125,2143170,Flat
2026-08-03T15:21:19.714111+05:30,BANKNIFTY26AUGFUT,58002.5,58030.0,57835.0,630000.0,57834.8,57905.77022220111,57853.65129541489,2143830,Fresh Shorts
2026-08-03T15:21:49.790184+05:30,BANKNIFTY26AUGFUT,58002.5,58030.0,57835.0,630000.0,57870.0,57905.724955690595,57860.05129541489,2143830,Fresh Longs
2026-08-03T15:22:20.477815+05:30,BANKNIFTY26AUGFUT,58002.5,58030.0,57835.0,630000.0,57847.0,57905.68777472093,57855.86947723307,2144340,Fresh Shorts
2026-08-03T15:22:50.557354+05:30,BANKNIFTY26AUGFUT,58002.5,58030.0,57835.0,630000.0,57846.4,57905.62301485797,57855.76038632398,2144340,Fresh Shorts
2026-08-03T15:23:21.184250+05:30,BANKNIFTY26AUGFUT,58002.5,58030.0,57835.0,630000.0,57860.0,57905.58235052847,57858.23311359671,2144790,Fresh Longs
2026-08-03T15:23:52.169186+05:30,BANKNIFTY26AUGFUT,58002.5,58030.0,57835.0,630000.0,57840.0,57905.54341704898,57854.59674996034,2144790,Fresh Shorts
2026-08-03T15:24:22.271003+05:30,BANKNIFTY26AUGFUT,58002.5,58030.0,57835.0,630000.0,57835.0,57905.493736017896,57853.687659051255,2144700,Fresh Shorts
2026-08-03T15:24:55.387122+05:30,BANKNIFTY26AUGFUT,58002.5,58030.0,57835.0,630000.0,57860.0,57905.4553214938,57858.23311359671,2144700,Fresh Longs
2026-08-03T15:25:00.397085+05:30,BANKNIFTY26AUGFUT,58002.5,58030.0,57835.0,635220.0,57842.4,57905.45150026763,57855.033113596706,2144700,Fresh Shorts
2026-08-03T15:25:01.413353+05:30,BANKNIFTY26AUGFUT,58002.5,58030.0,57835.0,635250.0,57842.4,57905.44852262889,57852.73618385185,2144700,Flat
2026-08-03T15:25:02.422881+05:30,BANKNIFTY26AUGFUT,58002.5,58030.0,57835.0,635250.0,57842.4,57905.44852262889,57850.85687769697,2144700,Flat
2026-08-03T15:25:03.423525+05:30,BANKNIFTY26AUGFUT,58002.5,58030.0,57835.0,635250.0,57842.4,57905.44852262889,57849.31926357025,2144700,Flat
2026-08-03T15:25:05.416357+05:30,BANKNIFTY26AUGFUT,58002.5,58030.0,57835.0,635250.0,57842.4,57905.44852262889,57848.061215648384,2144700,Flat
2026-08-03T15:25:06.420409+05:30,BANKNIFTY26AUGFUT,58002.5,58030.0,57835.0,635250.0,57842.4,57905.44852262889,57847.03190371231,2144700,Flat
2026-08-03T15:25:07.416527+05:30,BANKNIFTY26AUGFUT,58002.5,58030.0,57835.0,635250.0,57842.4,57905.44852262889,57846.18973940098,2144700,Flat
2026-08-03T15:25:08.415991+05:30,BANKNIFTY26AUGFUT,58002.5,58030.0,57835.0,635250.0,57842.4,57905.44852262889,57845.50069587353,2144700,Flat
2026-08-03T15:25:09.423018+05:30,BANKNIFTY26AUGFUT,58002.5,58030.0,57835.0,635250.0,57844.0,57905.44852262889,57845.22784207835,2141820,Short Covering
2026-08-03T15:25:10.420386+05:30,BANKNIFTY26AUGFUT,58002.5,58030.0,57835.0,635280.0,57844.0,57905.445620828614,57845.0045980641,2141820,Flat
2026-08-03T15:25:11.409965+05:30,BANKNIFTY26AUGFUT,58002.5,58030.0,57835.0,635280.0,57844.0,57905.445620828614,57844.82194387063,2141820,Flat
2026-08-03T15:25:12.418691+05:30,BANKNIFTY26AUGFUT,58002.5,58030.0,57835.0,635280.0,57844.0,57905.445620828614,57844.67249953051,2141820,Flat
2026-08-03T15:25:13.434877+05:30,BANKNIFTY26AUGFUT,58002.5,58030.0,57835.0,635280.0,57844.0,57905.445620828614,57844.5502268886,2141820,Flat
2026-08-03T15:25:15.444186+05:30,BANKNIFTY26AUGFUT,58002.5,58030.0,57835.0,635280.0,57844.0,57905.445620828614,57844.450185636124,2141820,Flat
2026-08-03T15:25:16.459847+05:30,BANKNIFTY26AUGFUT,58002.5,58030.0,57835.0,635280.0,57844.0,57905.445620828614,57844.36833370228,2141820,Flat
2026-08-03T15:25:17.457417+05:30,BANKNIFTY26AUGFUT,58002.5,58030.0,57835.0,635280.0,57844.0,57905.445620828614,57844.30136393823,2141820,Flat
2026-08-03T15:25:18.440128+05:30,BANKNIFTY26AUGFUT,58002.5,58030.0,57835.0,635310.0,57845.4,57905.44278541185,57844.50111594946,2141820,Flat
2026-08-03T15:25:48.475180+05:30,BANKNIFTY26AUGFUT,58002.5,58030.0,57835.0,635310.0,57843.8,57905.40786571649,57844.37364032229,2141820,Flat
2026-08-03T15:26:18.558883+05:30,BANKNIFTY26AUGFUT,58002.5,58030.0,57835.0,635310.0,57850.0,57905.39517158944,57845.50091304956,2141940,Fresh Longs
2026-08-03T15:26:48.569237+05:30,BANKNIFTY26AUGFUT,58002.5,58030.0,57835.0,635310.0,57850.0,57905.346654096946,57845.50091304956,2141940,Fresh Longs
2026-08-03T15:27:18.726972+05:30,BANKNIFTY26AUGFUT,58002.5,58030.0,57835.0,635310.0,57842.0,57905.32728614959,57844.046367595016,2141610,Long Liquidation
2026-08-03T15:27:48.934693+05:30,BANKNIFTY26AUGFUT,58002.5,58030.0,57835.0,635310.0,57851.0,57904.81025378664,57845.682731231376,2141610,Short Covering
2026-08-03T15:28:19.134237+05:30,BANKNIFTY26AUGFUT,58002.5,58030.0,57835.0,635310.0,57852.0,57904.78562176567,57845.86454941319,2143290,Fresh Longs
2026-08-03T15:28:49.237637+05:30,BANKNIFTY26AUGFUT,58002.5,58030.0,57835.0,635310.0,57865.4,57904.76801722269,57848.300913049556,2143290,Fresh Longs
2026-08-03T15:29:19.370155+05:30,BANKNIFTY26AUGFUT,58002.5,58030.0,57835.0,635310.0,57858.6,57904.74819872122,57847.0645494132,2143230,Fresh Longs
2026-08-03T15:29:49.629958+05:30,BANKNIFTY26AUGFUT,58002.5,58030.0,57835.0,635310.0,57855.0,57904.6668737732,57846.41000395865,2143230,Fresh Longs
2026-08-03T15:30:00.616371+05:30,BANKNIFTY26AUGFUT,58002.5,58030.0,57835.0,647340.0,57865.0,57904.64252788334,57848.22818577683,2143230,Fresh Longs
2026-08-03T15:30:01.628298+05:30,BANKNIFTY26AUGFUT,58002.5,58030.0,57835.0,647340.0,57867.0,57904.64252788334,57851.641242908314,2143230,Flat
2026-08-03T15:30:02.632148+05:30,BANKNIFTY26AUGFUT,58002.5,58030.0,57835.0,647400.0,57869.0,57904.63922459067,57854.79738056135,2143230,Flat
2026-08-03T15:30:03.644176+05:30,BANKNIFTY26AUGFUT,58002.5,58030.0,57835.0,647400.0,57860.0,57904.63922459067,57855.74331136838,2143230,Flat
2026-08-03T15:30:04.656385+05:30,BANKNIFTY26AUGFUT,58002.5,58030.0,57835.0,647430.0,57860.0,57904.63715614043,57856.51725475595,2143230,Flat
2026-08-03T15:30:05.667602+05:30,BANKNIFTY26AUGFUT,58002.5,58030.0,57835.0,647430.0,57860.0,57904.63715614043,57857.15048116396,2143230,Flat
2026-08-03T15:30:07.692186+05:30,BANKNIFTY26AUGFUT,58002.5,58030.0,57835.0,647430.0,57860.0,57904.63715614043,57857.66857549779,2143230,Flat
2026-08-03T15:30:08.700196+05:30,BANKNIFTY26AUGFUT,58002.5,58030.0,57835.0,647430.0,57860.0,57904.63715614043,57858.092470861826,2143230,Flat
2026-08-03T15:30:09.699338+05:30,BANKNIFTY26AUGFUT,58002.5,58030.0,57835.0,647460.0,57869.0,57904.635504896054,57860.07565797786,2143230,Flat
2026-08-03T15:30:10.712660+05:30,BANKNIFTY26AUGFUT,58002.5,58030.0,57835.0,647670.0,57855.4,57904.61954081554,57859.22553834552,2143020,Long Liquidation
2026-08-03T15:30:12.721100+05:30,BANKNIFTY26AUGFUT,58002.5,58030.0,57835.0,647700.0,57855.6,57904.61727034121,57858.566349555425,2143020,Flat
2026-08-03T15:30:13.736472+05:30,BANKNIFTY26AUGFUT,58002.5,58030.0,57835.0,647700.0,57855.6,57904.61727034121,57858.02701327262,2143020,Flat
2026-08-03T15:30:14.756000+05:30,BANKNIFTY26AUGFUT,58002.5,58030.0,57835.0,647700.0,57855.6,57904.61727034121,57857.58573813215,2143020,Flat
2026-08-03T15:30:15.766467+05:30,BANKNIFTY26AUGFUT,58002.5,58030.0,57835.0,647700.0,57855.6,57904.61727034121,57857.22469483539,2143020,Flat
2026-08-03T15:30:16.766335+05:30,BANKNIFTY26AUGFUT,58002.5,58030.0,57835.0,647700.0,57875.0,57904.61727034121,57860.456568501686,2143020,Flat
2026-08-03T15:30:17.770523+05:30,BANKNIFTY26AUGFUT,58002.5,58030.0,57835.0,647730.0,57875.0,57904.615898599724,57863.100828774106,2143020,Flat
2026-08-03T15:30:18.779715+05:30,BANKNIFTY26AUGFUT,58002.5,58030.0,57835.0,647730.0,57875.0,57904.615898599724,57867.034439096715,2143020,Flat
2026-08-03T15:30:48.814633+05:30,BANKNIFTY26AUGFUT,58002.5,58030.0,57835.0,647730.0,57876.0,57904.550470200105,57867.21625727853,2143020,Flat
2026-08-03T15:31:18.942017+05:30,BANKNIFTY26AUGFUT,58002.5,58030.0,57835.0,647730.0,57900.0,57904.52976652498,57871.57989364217,2142210,Short Covering
2026-08-03T15:31:49.071308+05:30,BANKNIFTY26AUGFUT,58002.5,58030.0,57835.0,647730.0,57879.2,57904.51432570444,57867.79807546035,2142210,Short Covering
2026-08-05T10:31:28.964664+05:30,BANKNIFTY26AUGFUT,58107.5,58160.0,58055.0,309330.0,57925.0,58077.70818117753,58042.177072652776,2154090,Fresh Shorts
2026-08-05T10:31:59.357251+05:30,BANKNIFTY26AUGFUT,58107.5,58160.0,58055.0,309330.0,57886.0,58074.54300091204,58035.086163561864,2154300,Fresh Shorts
2026-08-05T10:32:29.507798+05:30,BANKNIFTY26AUGFUT,58107.5,58160.0,58055.0,309330.0,57850.0,58070.86941172834,58028.54070901641,2154300,Fresh Shorts
2026-08-05T10:32:59.652063+05:30,BANKNIFTY26AUGFUT,58107.5,58160.0,58055.0,309330.0,57904.0,58070.14331731954,58038.35889083459,2157570,Fresh Shorts
2026-08-05T10:33:30.517375+05:30,BANKNIFTY26AUGFUT,58107.5,58160.0,58055.0,309330.0,57910.8,58069.49293821707,58039.59525447096,2157570,Fresh Shorts
2026-08-05T10:34:00.578849+05:30,BANKNIFTY26AUGFUT,58107.5,58160.0,58055.0,309330.0,57925.0,58069.26721185948,58042.177072652776,2158170,Fresh Shorts
2026-08-05T10:34:30.823906+05:30,BANKNIFTY26AUGFUT,58107.5,58160.0,58055.0,309330.0,57935.0,58068.96139578941,58043.99525447096,2158170,Fresh Shorts
2026-08-05T10:35:00.962434+05:30,BANKNIFTY26AUGFUT,58107.5,58175.0,58055.0,327840.0,57942.0,58068.735895558806,58045.26798174368,2158470,Fresh Shorts
2026-08-05T10:35:30.992548+05:30,BANKNIFTY26AUGFUT,58107.5,58175.0,58055.0,327840.0,57950.0,58068.28096887916,58027.946530517554,2158470,Flat
2026-08-05T10:36:01.164819+05:30,BANKNIFTY26AUGFUT,58107.5,58175.0,58055.0,327840.0,57940.0,58067.81882360064,58026.12834869938,2158800,Fresh Shorts
2026-08-05T10:36:31.227505+05:30,BANKNIFTY26AUGFUT,58107.5,58175.0,58055.0,327840.0,57950.0,58067.66338351775,58027.946530517554,2158800,Fresh Longs
2026-08-05T10:36:57.486831+05:30,BANKNIFTY26AUGFUT,58107.5,58175.0,58055.0,328710.0,57971.0,58068.36509345653,58032.300249525826,2159070,Fresh Longs
2026-08-05T10:37:27.574556+05:30,BANKNIFTY26AUGFUT,58107.5,58175.0,58055.0,328710.0,57975.0,58068.05247983628,58033.0275222531,2159070,Fresh Longs
2026-08-05T10:37:57.781700+05:30,BANKNIFTY26AUGFUT,58107.5,58175.0,58055.0,328710.0,57985.4,58067.80580414754,58034.918431344006,2158860,Fresh Longs
2026-08-05T10:38:28.002165+05:30,BANKNIFTY26AUGFUT,58107.5,58175.0,58055.0,328710.0,57951.6,58067.54660679539,58028.77297679855,2158860,Fresh Longs
2026-08-05T10:38:58.157947+05:30,BANKNIFTY26AUGFUT,58107.5,58175.0,58055.0,328710.0,57958.6,58067.28527479092,58030.04570407128,2158920,Fresh Longs
2026-08-05T10:39:28.272788+05:30,BANKNIFTY26AUGFUT,58107.5,58175.0,58055.0,328710.0,57956.0,58067.186236944195,58029.572976798554,2158920,Fresh Longs
2026-08-05T10:39:58.325491+05:30,BANKNIFTY26AUGFUT,58107.5,58175.0,58055.0,328710.0,57960.0,58067.17664190016,58030.300249525826,2158920,Fresh Longs
2026-08-05T10:40:00.350370+05:30,BANKNIFTY26AUGFUT,58107.5,58175.0,58045.0,335130.0,57960.0,58067.17664190016,58030.300249525826,2158920,Fresh Longs
2026-08-05T10:40:30.447451+05:30,BANKNIFTY26AUGFUT,58107.5,58175.0,58045.0,335130.0,57975.0,58067.115572255025,58020.24565870295,2159220,Fresh Longs
2026-08-05T10:41:00.620053+05:30,BANKNIFTY26AUGFUT,58107.5,58175.0,58045.0,335130.0,57979.4,58066.891163261054,58021.04565870295,2159310,Fresh Longs
2026-08-05T10:41:30.685462+05:30,BANKNIFTY26AUGFUT,58107.5,58175.0,58045.0,335130.0,57988.6,58066.82807299097,58022.71838597568,2159310,Fresh Longs
2026-08-05T10:42:21.096077+05:30,BANKNIFTY26AUGFUT,58107.5,58175.0,58045.0,335430.0,57995,58066.70662514828,58026.11342729799,2160000,Fresh Longs
2026-08-05T10:42:51.186512+05:30,BANKNIFTY26AUGFUT,58107.5,58175.0,58045.0,335430.0,58000.0,58066.45369369369,58027.02251820708,2160210,Fresh Longs
2026-08-05T10:43:21.215935+05:30,BANKNIFTY26AUGFUT,58107.5,58175.0,58045.0,335430.0,58000.0,58066.26894073289,58027.02251820708,2160210,Fresh Longs
2026-08-05T10:43:51.374234+05:30,BANKNIFTY26AUGFUT,58107.5,58175.0,58045.0,335430.0,58000.0,58066.21569389257,58027.02251820708,2161080,Fresh Longs
2026-08-05T10:44:21.515381+05:30,BANKNIFTY26AUGFUT,58107.5,58175.0,58045.0,335430.0,58009.8,58066.15999764761,58028.8043363889,2161080,Fresh Longs
2026-08-05T10:44:52.460228+05:30,BANKNIFTY26AUGFUT,58107.5,58175.0,58045.0,335430.0,58010.8,58066.12623938405,58028.98615457072,2161440,Fresh Longs
2026-08-05T10:45:00.476951+05:30,BANKNIFTY26AUGFUT,58107.5,58175.0,58040.0,340530.0,58000.0,58066.08285907262,58027.02251820708,2161440,Fresh Longs
2026-08-05T10:45:30.609277+05:30,BANKNIFTY26AUGFUT,58107.5,58175.0,58040.0,340530.0,58010.0,58066.04825967013,58023.9275148967,2161440,Flat
2026-08-05T10:46:00.763901+05:30,BANKNIFTY26AUGFUT,58107.5,58175.0,58040.0,340530.0,58020.0,58065.91203630508,58025.74569671488,2161740,Fresh Longs
2026-08-05T10:46:30.934630+05:30,BANKNIFTY26AUGFUT,58107.5,58175.0,58040.0,340530.0,58024.0,58065.827666228266,58026.472969442155,2161740,Fresh Longs
2026-08-05T10:47:01.307584+05:30,BANKNIFTY26AUGFUT,58107.5,58175.0,58040.0,340530.0,58024.0,58065.802184834676,58026.472969442155,2162400,Fresh Longs
2026-08-05T10:47:31.407096+05:30,BANKNIFTY26AUGFUT,58107.5,58175.0,58040.0,340530.0,58033.0,58065.766255216084,58028.10933307852,2162400,Fresh Longs
2026-08-05T10:48:01.538547+05:30,BANKNIFTY26AUGFUT,58107.5,58175.0,58040.0,340530.0,58020.0,58065.732954379826,58025.74569671488,2162370,Fresh Longs
2026-08-05T10:48:31.611302+05:30,BANKNIFTY26AUGFUT,58107.5,58175.0,58040.0,340530.0,58030.0,58065.71071876001,58027.56387853307,2162370,Fresh Longs
2026-08-05T10:49:01.740987+05:30,BANKNIFTY26AUGFUT,58107.5,58175.0,58040.0,340530.0,58040.0,58065.63161901441,58029.38206035124,2162370,Fresh Longs
2026-08-05T10:49:31.813680+05:30,BANKNIFTY26AUGFUT,58107.5,58175.0,58040.0,340530.0,58033.8,58065.614908383424,58028.25478762398,2162370,Fresh Longs
2026-08-05T10:50:00.934807+05:30,BANKNIFTY26AUGFUT,58107.5,58175.0,58035.0,344670.0,58042.0,58065.59224765718,58029.74569671488,2162520,Fresh Longs
2026-08-05T10:50:31.162348+05:30,BANKNIFTY26AUGFUT,58107.5,58175.0,58035.0,344670.0,58075.0,58065.58057624574,58037.97375185763,2162520,Flat
2026-08-05T10:51:01.201346+05:30,BANKNIFTY26AUGFUT,58107.5,58175.0,58035.0,344670.0,58075.0,58065.62510419361,58037.97375185763,2162220,Short Covering
2026-08-05T10:51:31.328490+05:30,BANKNIFTY26AUGFUT,58107.5,58175.0,58035.0,344670.0,58080.0,58065.65223627966,58038.882842766725,2162220,Short Covering
2026-08-05T10:52:01.566887+05:30,BANKNIFTY26AUGFUT,58107.5,58175.0,58035.0,344670.0,58060.0,58065.650351012926,58035.24647913036,2162790,Fresh Longs
2026-08-05T10:52:31.692746+05:30,BANKNIFTY26AUGFUT,58107.5,58175.0,58035.0,344670.0,58042.6,58065.63860643536,58032.08284276672,2162790,Fresh Longs
2026-08-05T10:53:01.719383+05:30,BANKNIFTY26AUGFUT,58107.5,58175.0,58035.0,344670.0,58030.2,58065.629080815015,58029.828297312175,2162850,Fresh Shorts
2026-08-05T10:53:31.802441+05:30,BANKNIFTY26AUGFUT,58107.5,58175.0,58035.0,344670.0,58060.0,58065.61931645931,58035.24647913036,2162850,Fresh Longs
2026-08-05T10:54:02.766350+05:30,BANKNIFTY26AUGFUT,58107.5,58175.0,58035.0,344670.0,58070.4,58065.62117599977,58037.137388221265,2162880,Fresh Longs
2026-08-05T10:54:32.967072+05:30,BANKNIFTY26AUGFUT,58107.5,58175.0,58035.0,344670.0,58070.4,58065.6233119017,58037.137388221265,2162880,Fresh Longs
2026-08-05T10:55:00.130977+05:30,BANKNIFTY26AUGFUT,58107.5,58175.0,58035.0,350550.0,58060.0,58065.63735843674,58035.24647913036,2162880,Fresh Longs
2026-08-05T10:55:30.219029+05:30,BANKNIFTY26AUGFUT,58107.5,58175.0,58035.0,350550.0,58080.0,58065.64454138511,58043.38348292484,2162880,Flat
2026-08-05T10:56:00.341171+05:30,BANKNIFTY26AUGFUT,58107.5,58175.0,58035.0,350550.0,58087.0,58065.67189386175,58044.656210197565,2162910,Fresh Longs
2026-08-05T10:56:30.369350+05:30,BANKNIFTY26AUGFUT,58107.5,58175.0,58035.0,350550.0,58099.0,58065.78210648739,58046.83802837938,2162910,Fresh Longs
2026-08-05T10:57:00.393328+05:30,BANKNIFTY26AUGFUT,58107.5,58175.0,58035.0,350550.0,58099.0,58065.84332710492,58046.83802837938,2162190,Short Covering
2026-08-05T10:57:14.363761+05:30,BANKNIFTY26AUGFUT,58107.5,58175.0,58035.0,350670.0,58099.0,58065.99016811004,58054.63503678045,2162190,Short Covering
2026-08-05T10:57:44.368582+05:30,BANKNIFTY26AUGFUT,58107.5,58175.0,58035.0,350670.0,58101.2,58066.144878296145,58055.03503678044,2162190,Short Covering
2026-08-05T10:58:14.487569+05:30,BANKNIFTY26AUGFUT,58107.5,58175.0,58035.0,350670.0,58095.0,58066.272486950664,58053.907764053176,2161260,Short Covering
2026-08-05T10:58:44.551628+05:30,BANKNIFTY26AUGFUT,58107.5,58175.0,58035.0,350670.0,58068.0,58066.28174322733,58048.99867314408,2161260,Long Liquidation
2026-08-05T10:59:14.582751+05:30,BANKNIFTY26AUGFUT,58107.5,58175.0,58035.0,350670.0,58085.0,58066.28917668825,58052.08958223499,2162040,Short Covering
2026-08-05T10:59:44.658092+05:30,BANKNIFTY26AUGFUT,58107.5,58175.0,58035.0,350670.0,58090.0,58066.296948297604,58052.99867314408,2162040,Short Covering
2026-08-05T11:00:00.633800+05:30,BANKNIFTY26AUGFUT,58107.5,58175.0,58040.0,356970.0,58093.0,58066.30646272796,58053.544127689536,2161950,Short Covering
2026-08-05T11:00:30.664386+05:30,BANKNIFTY26AUGFUT,58107.5,58175.0,58040.0,356970.0,58091.6,58066.31755712366,58060.46337720053,2161950,Flat
2026-08-05T11:01:00.755331+05:30,BANKNIFTY26AUGFUT,58107.5,58175.0,58040.0,356970.0,58099.0,58066.32719180383,58061.808831745984,2161230,Short Covering
2026-08-05T11:01:31.751343+05:30,BANKNIFTY26AUGFUT,58107.5,58175.0,58040.0,356970.0,58112.6,58066.44968195514,58064.28155901871,2161230,Short Covering
2026-08-05T11:02:01.832577+05:30,BANKNIFTY26AUGFUT,58107.5,58175.0,58040.0,356970.0,58121.4,58066.54469045033,58065.881559018715,2160330,Short Covering
2026-08-05T11:02:31.965855+05:30,BANKNIFTY26AUGFUT,58107.5,58175.0,58040.0,356970.0,58108.8,58066.61596863007,58063.590649927806,2160330,Short Covering
2026-08-05T11:03:02.003831+05:30,BANKNIFTY26AUGFUT,58107.5,58175.0,58040.0,356970.0,58098.2,58066.77340195916,58061.66337720053,2162040,Fresh Longs
2026-08-05T11:03:32.050196+05:30,BANKNIFTY26AUGFUT,58107.5,58175.0,58040.0,356970.0,58087.2,58066.77742925898,58059.66337720053,2162040,Fresh Shorts
2026-08-05T11:04:02.093289+05:30,BANKNIFTY26AUGFUT,58107.5,58175.0,58040.0,356970.0,58091.8,58066.786063873915,58060.499740836894,2162040,Fresh Shorts
2026-08-05T11:04:32.150740+05:30,BANKNIFTY26AUGFUT,58107.5,58175.0,58040.0,356970.0,58096.0,58066.80318355165,58061.26337720053,2162160,Fresh Longs
2026-08-05T11:05:00.270193+05:30,BANKNIFTY26AUGFUT,58107.5,58175.0,58040.0,362190.0,58100.0,58066.82846020045,58061.9906499278,2162250,Fresh Longs
2026-08-05T11:05:30.320620+05:30,BANKNIFTY26AUGFUT,58107.5,58175.0,58040.0,362190.0,58070.0,58066.83151705863,58063.44689539547,2162250,Flat
2026-08-05T11:06:00.444631+05:30,BANKNIFTY26AUGFUT,58107.5,58175.0,58040.0,362190.0,58095.6,58066.83567880795,58068.10144085002,2162370,Fresh Shorts
2026-08-05T11:06:28.638104+05:30,BANKNIFTY26AUGFUT,58107.5,58175.0,58040.0,362280.0,58091.4,58066.51660598036,58062.87499456903,2162370,Fresh Longs
2026-08-05T11:06:58.649303+05:30,BANKNIFTY26AUGFUT,58107.5,58175.0,58040.0,362280.0,58086.4,58066.51825127569,58061.96590365994,2162520,Fresh Longs
2026-08-05T11:07:29.591983+05:30,BANKNIFTY26AUGFUT,58107.5,58175.0,58040.0,362280.0,58086.4,58066.52264593156,58061.96590365994,2162520,Fresh Longs
2026-08-05T11:08:00.569558+05:30,BANKNIFTY26AUGFUT,58107.5,58175.0,58040.0,362280.0,58050.0,58066.51031103771,58055.347721841754,2162580,Fresh Shorts
2026-08-05T11:08:31.556544+05:30,BANKNIFTY26AUGFUT,58107.5,58175.0,58040.0,362280.0,58041.0,58066.50411644929,58053.71135820539,2162580,Fresh Shorts
2026-08-05T11:09:01.622965+05:30,BANKNIFTY26AUGFUT,58107.5,58175.0,58040.0,362280.0,58052.2,58066.49820652473,58055.747721841755,2162490,Fresh Shorts
2026-08-05T11:09:31.705721+05:30,BANKNIFTY26AUGFUT,58107.5,58175.0,58040.0,362280.0,58050.0,58066.394830088444,58055.347721841754,2162490,Fresh Shorts
2026-08-05T11:10:00.826051+05:30,BANKNIFTY26AUGFUT,58107.5,58175.0,58040.0,365280.0,58023.0,58066.38553438458,58050.438630932666,2162490,Fresh Shorts
2026-08-05T11:10:31.091843+05:30,BANKNIFTY26AUGFUT,58107.5,58175.0,58040.0,365280.0,58011.0,58066.35511421146,58043.26797076309,2162550,Fresh Shorts
2026-08-05T11:11:02.019538+05:30,BANKNIFTY26AUGFUT,58107.5,58175.0,58040.0,365280.0,58000.0,58066.188250382016,58041.26797076309,2162940,Fresh Shorts
2026-08-05T11:11:32.042463+05:30,BANKNIFTY26AUGFUT,58107.5,58175.0,58040.0,365280.0,57986.4,58066.146394001364,58038.795243490364,2162940,Fresh Shorts
2026-08-05T11:12:02.078488+05:30,BANKNIFTY26AUGFUT,58107.5,58175.0,58040.0,365280.0,58018.8,58066.094269216104,58044.68615258127,2163060,Fresh Shorts
2026-08-05T11:12:32.111424+05:30,BANKNIFTY26AUGFUT,58107.5,58175.0,58040.0,365280.0,58012.0,58066.05124227828,58043.449788944905,2163060,Fresh Shorts
2026-08-05T11:13:03.106480+05:30,BANKNIFTY26AUGFUT,58107.5,58175.0,58040.0,365280.0,58000.0,58066.01351718886,58041.26797076309,2163300,Fresh Shorts
2026-08-05T11:13:33.323472+05:30,BANKNIFTY26AUGFUT,58107.5,58175.0,58040.0,365280.0,58023.0,58065.929613640685,58045.449788944905,2163300,Flat
2026-08-05T11:14:03.408838+05:30,BANKNIFTY26AUGFUT,58107.5,58175.0,58040.0,365280.0,58050.0,58065.92085538278,58050.358879854,2163870,Fresh Longs
2026-08-05T11:14:33.591533+05:30,BANKNIFTY26AUGFUT,58107.5,58175.0,58040.0,365280.0,58050.0,58065.90282862799,58050.358879854,2163870,Fresh Longs
2026-08-05T11:15:00.644610+05:30,BANKNIFTY26AUGFUT,58107.5,58175.0,58040.0,368850.0,58046.2,58065.896727667074,58049.66797076309,2163870,Fresh Longs
2026-08-05T11:15:30.690917+05:30,BANKNIFTY26AUGFUT,58107.5,58175.0,58040.0,368850.0,58041.8,58065.89225556369,58048.237430624344,2163930,Fresh Shorts
2026-08-05T11:16:00.856150+05:30,BANKNIFTY26AUGFUT,58107.5,58175.0,58040.0,368850.0,58043.6,58065.88260987373,58048.56470335162,2163870,Flat
2026-08-05T11:16:31.863224+05:30,BANKNIFTY26AUGFUT,58107.5,58175.0,58040.0,368850.0,58030.0,58065.875194365435,58046.09197607889,2163870,Flat
2026-08-05T11:17:01.968058+05:30,BANKNIFTY26AUGFUT,58107.5,58175.0,58040.0,368850.0,58042.0,58065.8677822002,58048.27379426071,2163900,Fresh Shorts
2026-08-05T11:17:32.000452+05:30,BANKNIFTY26AUGFUT,58107.5,58175.0,58040.0,368850.0,58030.0,58065.86094418277,58046.09197607889,2163900,Fresh Shorts
2026-08-05T11:18:02.083046+05:30,BANKNIFTY26AUGFUT,58107.5,58175.0,58040.0,368850.0,58031.4,58065.85814589254,58046.346521533436,2163900,Fresh Shorts
2026-08-05T11:18:32.188142+05:30,BANKNIFTY26AUGFUT,58107.5,58175.0,58040.0,368850.0,58005.2,58065.80893035835,58041.5828851698,2163960,Fresh Shorts
2026-08-05T11:19:03.032386+05:30,BANKNIFTY26AUGFUT,58107.5,58175.0,58040.0,368850.0,58015.4,58065.80075173738,58043.43743062435,2163960,Fresh Shorts
2026-08-05T11:19:33.170208+05:30,BANKNIFTY26AUGFUT,58107.5,58175.0,58040.0,368850.0,58008.0,58065.78714247094,58042.09197607889,2163990,Fresh Shorts
2026-08-05T11:20:00.277464+05:30,BANKNIFTY26AUGFUT,58107.5,58175.0,58040.0,369960.0,58020.4,58065.77974916207,58044.346521533436,2163990,Fresh Shorts
2026-08-05T11:20:30.412064+05:30,BANKNIFTY26AUGFUT,58107.5,58175.0,58040.0,369960.0,58017.8,58065.77585880699,58039.51988125463,2163960,Long Liquidation
2026-08-05T11:21:00.518169+05:30,BANKNIFTY26AUGFUT,58107.5,58175.0,58040.0,369960.0,58016.0,58065.76341331604,58039.19260852736,2164050,Fresh Shorts
2026-08-05T11:21:30.577963+05:30,BANKNIFTY26AUGFUT,58107.5,58175.0,58040.0,369960.0,58013.4,58065.75061728395,58038.71988125463,2164050,Fresh Shorts
2026-08-05T11:22:00.640424+05:30,BANKNIFTY26AUGFUT,58107.5,58175.0,58040.0,369960.0,58017.8,58065.730805789586,58039.51988125463,2164050,Fresh Shorts
2026-08-05T11:22:30.729722+05:30,BANKNIFTY26AUGFUT,58107.5,58175.0,58040.0,369960.0,58022.6,58065.716267141775,58040.392608527356,2164080,Fresh Longs
2026-08-05T11:23:00.867088+05:30,BANKNIFTY26AUGFUT,58107.5,58175.0,58040.0,369960.0,58025.0,58065.70959244265,58040.82897216372,2164080,Fresh Longs
2026-08-05T11:23:30.872105+05:30,BANKNIFTY26AUGFUT,58107.5,58175.0,58040.0,369960.0,58038.2,58065.699762560034,58043.22897216372,2164110,Fresh Longs
2026-08-05T11:24:01.247953+05:30,BANKNIFTY26AUGFUT,58107.5,58175.0,58040.0,369960.0,58035.0,58065.69242264843,58042.6471539819,2164110,Fresh Longs
2026-08-05T11:24:31.463768+05:30,BANKNIFTY26AUGFUT,58107.5,58175.0,58040.0,369960.0,58024.6,58065.6838403452,58040.756244890996,2164050,Fresh Longs
2026-08-05T11:25:00.586464+05:30,BANKNIFTY26AUGFUT,58107.5,58175.0,58035.0,372150.0,58008.0,58065.48152089211,58037.738063072815,2164050,Fresh Shorts
2026-08-05T11:25:30.596059+05:30,BANKNIFTY26AUGFUT,58107.5,58175.0,58035.0,372150.0,58005.0,58065.44334702865,58031.785687968666,2163960,Long Liquidation
2026-08-05T11:26:00.632249+05:30,BANKNIFTY26AUGFUT,58107.5,58175.0,58035.0,372150.0,58012.8,58065.366379749554,58033.20386978685,2164170,Fresh Longs
2026-08-05T11:26:30.745140+05:30,BANKNIFTY26AUGFUT,58107.5,58175.0,58035.0,372150.0,58002.0,58065.284211653816,58031.24023342321,2164170,Fresh Shorts
2026-08-05T11:27:01.673765+05:30,BANKNIFTY26AUGFUT,58107.5,58175.0,58035.0,372150.0,58000.0,58065.171252939916,58030.87659705958,2164170,Fresh Shorts
2026-08-05T11:27:31.768806+05:30,BANKNIFTY26AUGFUT,58107.5,58175.0,58035.0,372150.0,57984.0,58065.057701646256,58027.96750615048,2164170,Fresh Shorts
2026-08-05T11:28:01.841126+05:30,BANKNIFTY26AUGFUT,58107.5,58175.0,58035.0,372150.0,57980.0,58065.01843880844,58027.24023342321,2164170,Fresh Shorts
2026-08-05T11:28:35.644661+05:30,BANKNIFTY26AUGFUT,58107.5,58175.0,58035.0,372390.0,57987,58064.97418339866,58027.22112643226,2164200,Fresh Shorts
2026-08-05T11:29:05.701352+05:30,BANKNIFTY26AUGFUT,58107.5,58175.0,58035.0,372390.0,57989.4,58064.84237536266,58027.657490068625,2164200,Fresh Shorts
2026-08-05T11:29:35.868844+05:30,BANKNIFTY26AUGFUT,58107.5,58175.0,58035.0,372390.0,57990.0,58064.77621403117,58027.76658097771,2163600,Long Liquidation
2026-08-05T11:30:00.018146+05:30,BANKNIFTY26AUGFUT,58107.5,58175.0,58035.0,376380.0,57992.8,58064.70491524523,58028.275671886804,2163600,Long Liquidation
2026-08-05T11:30:30.219009+05:30,BANKNIFTY26AUGFUT,58107.5,58175.0,58035.0,376380.0,57990.0,58064.6814873838,58021.31645881647,2163630,Fresh Shorts
2026-08-05T11:31:00.408255+05:30,BANKNIFTY26AUGFUT,58107.5,58175.0,58035.0,376380.0,57975.2,58064.573489309776,58018.62554972557,2163630,Fresh Shorts
2026-08-05T11:31:30.536917+05:30,BANKNIFTY26AUGFUT,58107.5,58175.0,58035.0,376380.0,57971.2,58064.51643603203,58017.89827699829,2163690,Fresh Shorts
2026-08-05T11:32:00.614646+05:30,BANKNIFTY26AUGFUT,58107.5,58175.0,58035.0,376380.0,57971.2,58064.462316536854,58017.89827699829,2163690,Fresh Shorts
2026-08-05T11:32:30.658696+05:30,BANKNIFTY26AUGFUT,58107.5,58175.0,58035.0,376380.0,57977.4,58064.44789150244,58019.025549725564,2163570,Long Liquidation
2026-08-05T11:33:00.766081+05:30,BANKNIFTY26AUGFUT,58107.5,58175.0,58035.0,376380.0,57970.0,58064.42617515426,58017.68009518011,2163600,Flat
2026-08-05T11:33:30.899220+05:30,BANKNIFTY26AUGFUT,58107.5,58175.0,58035.0,376380.0,57978.6,58064.37500926367,58019.24373154375,2163600,Flat
2026-08-05T11:34:00.972368+05:30,BANKNIFTY26AUGFUT,58107.5,58175.0,58035.0,376380.0,57960.0,58064.19933946311,58015.86191336193,2163600,Flat
2026-08-05T11:34:31.169103+05:30,BANKNIFTY26AUGFUT,58107.5,58175.0,58035.0,376380.0,57960.0,58064.1342416561,58015.86191336193,2163540,Long Liquidation
2026-08-05T11:35:00.280852+05:30,BANKNIFTY26AUGFUT,58107.5,58175.0,58030.0,379380.0,57954.0,58063.944968105854,58014.771004271024,2163540,Long Liquidation
2026-08-05T11:35:30.336371+05:30,BANKNIFTY26AUGFUT,58107.5,58175.0,58030.0,379380.0,57949.0,58063.3271778739,58002.81263985811,2163450,Long Liquidation
2026-08-05T11:36:00.505569+05:30,BANKNIFTY26AUGFUT,58107.5,58175.0,58030.0,379380.0,57949.0,58063.30085443204,58002.81263985811,2163450,Long Liquidation
2026-08-05T11:36:30.558973+05:30,BANKNIFTY26AUGFUT,58107.5,58175.0,58030.0,379380.0,57959.4,58063.14160385259,58004.70354894902,2162610,Short Covering
2026-08-05T11:37:00.577615+05:30,BANKNIFTY26AUGFUT,58107.5,58175.0,58030.0,379380.0,57957.0,58063.08034738026,58004.26718531266,2162610,Short Covering
2026-08-05T11:37:30.595269+05:30,BANKNIFTY26AUGFUT,58107.5,58175.0,58030.0,379380.0,57940.0,58062.926290491116,58001.17627622175,2162190,Long Liquidation
2026-08-05T11:38:00.828588+05:30,BANKNIFTY26AUGFUT,58107.5,58175.0,58030.0,379380.0,57959.0,58062.90817008828,58004.63082167629,2162100,Short Covering
2026-08-05T11:38:31.039251+05:30,BANKNIFTY26AUGFUT,58107.5,58175.0,58030.0,379380.0,57945.0,58062.77755863401,58002.085367130836,2162100,Long Liquidation
2026-08-05T11:39:01.181483+05:30,BANKNIFTY26AUGFUT,58107.5,58175.0,58030.0,379380.0,57945.0,58062.7409957489,58002.085367130836,2162100,Long Liquidation
2026-08-05T11:39:31.374726+05:30,BANKNIFTY26AUGFUT,58107.5,58175.0,58030.0,379380.0,57951.0,58062.68796955241,58003.17627622175,2162040,Long Liquidation
2026-08-05T11:40:00.484581+05:30,BANKNIFTY26AUGFUT,58107.5,58175.0,58025.0,383730.0,57955.0,58062.65546608292,58003.90354894902,2162040,Short Covering
2026-08-05T11:40:30.627578+05:30,BANKNIFTY26AUGFUT,58107.5,58175.0,58025.0,383730.0,57966.6,58062.63311448075,57997.12108550374,2162040,Flat
2026-08-05T11:41:00.746101+05:30,BANKNIFTY26AUGFUT,58107.5,58175.0,58025.0,383730.0,57964.6,58062.61801083672,57996.75744914011,2162040,Flat
2026-08-05T11:41:30.786691+05:30,BANKNIFTY26AUGFUT,58107.5,58175.0,58025.0,383730.0,57963.6,58062.594457900355,57996.57563095829,2162010,Short Covering
2026-08-05T11:42:00.842396+05:30,BANKNIFTY26AUGFUT,58107.5,58175.0,58025.0,383730.0,57959.2,58062.19735824575,57995.77563095829,2162010,Short Covering
2026-08-05T11:42:31.041386+05:30,BANKNIFTY26AUGFUT,58107.5,58175.0,58025.0,383730.0,57949.0,58062.0994062897,57993.921085503745,2162190,Fresh Shorts
2026-08-05T11:43:01.206955+05:30,BANKNIFTY26AUGFUT,58107.5,58175.0,58025.0,383730.0,57945.0,58062.06402819895,57993.19381277647,2162190,Fresh Shorts
2026-08-05T11:43:32.208021+05:30,BANKNIFTY26AUGFUT,58107.5,58175.0,58025.0,383730.0,57968.0,58062.008398093465,57997.37563095829,2162310,Fresh Longs
2026-08-05T11:44:02.229506+05:30,BANKNIFTY26AUGFUT,58107.5,58175.0,58025.0,383730.0,57954.6,58062.000051804076,57994.939267321926,2162310,Fresh Shorts
2026-08-05T11:44:32.339153+05:30,BANKNIFTY26AUGFUT,58107.5,58175.0,58025.0,383730.0,57950.0,58061.97394862233,57994.10290368556,2162400,Fresh Shorts
2026-08-05T11:45:00.418821+05:30,BANKNIFTY26AUGFUT,58107.5,58175.0,58025.0,386310.0,57965.4,58061.93127798918,57996.902903685565,2162400,Fresh Longs
2026-08-05T11:45:30.574097+05:30,BANKNIFTY26AUGFUT,58107.5,58175.0,58025.0,386310.0,57935.0,58061.7550920182,57985.64783028819,2162340,Long Liquidation
2026-08-05T11:46:01.475740+05:30,BANKNIFTY26AUGFUT,58107.5,58175.0,58025.0,386310.0,57945.0,58061.70078024079,57987.46601210637,2162340,Long Liquidation
2026-08-05T11:46:31.536529+05:30,BANKNIFTY26AUGFUT,58107.5,58175.0,58025.0,386310.0,57940.0,58061.64331164136,57986.55692119728,2162250,Long Liquidation
2026-08-05T11:47:01.564652+05:30,BANKNIFTY26AUGFUT,58107.5,58175.0,58025.0,386310.0,57932.6,58061.42063934004,57985.211466651825,2162250,Long Liquidation
2026-08-05T11:47:31.665670+05:30,BANKNIFTY26AUGFUT,58107.5,58175.0,58025.0,386310.0,57918.0,58061.07488556293,57982.55692119728,2162220,Long Liquidation
2026-08-05T11:48:01.778370+05:30,BANKNIFTY26AUGFUT,58107.5,58175.0,58025.0,386310.0,57912.6,58060.86312816167,57981.575103015464,2162220,Long Liquidation
2026-08-05T11:48:31.828484+05:30,BANKNIFTY26AUGFUT,58107.5,58175.0,58025.0,386310.0,57918.8,58060.79580092913,57982.70237574274,2161920,Long Liquidation
2026-08-05T11:49:01.968981+05:30,BANKNIFTY26AUGFUT,58107.5,58175.0,58025.0,386310.0,57918.8,58060.281913968596,57982.70237574274,2161920,Long Liquidation
2026-08-05T11:49:32.393652+05:30,BANKNIFTY26AUGFUT,58107.5,58175.0,58025.0,386310.0,57900.0,58058.93744424169,57979.284193924555,2162520,Fresh Shorts
2026-08-05T11:53:29.651203+05:30,BANKNIFTY26AUGFUT,58107.5,58175.0,58015.0,395130.0,57888.2,58057.16563744272,57963.67851518615,2163540,Fresh Shorts
2026-08-05T11:53:46.819598+05:30,BANKNIFTY26AUGFUT,58107.5,58175.0,58015.0,395130.0,57888.2,58057.05155155155,57963.67851518615,2163540,Fresh Shorts
2026-08-05T11:54:16.823825+05:30,BANKNIFTY26AUGFUT,58107.5,58175.0,58015.0,395130.0,57898.0,58056.64404004094,57965.46033336796,2163870,Fresh Shorts
2026-08-05T11:54:47.786143+05:30,BANKNIFTY26AUGFUT,58107.5,58175.0,58015.0,395130.0,57887.4,58056.27106528183,57963.53306064069,2163870,Fresh Shorts
2026-08-05T11:55:00.803330+05:30,BANKNIFTY26AUGFUT,58107.5,58175.0,58010.0,401550.0,57880.0,58056.24596687835,57962.18760609524,2163870,Fresh Shorts
2026-08-05T11:55:30.845389+05:30,BANKNIFTY26AUGFUT,58107.5,58175.0,58010.0,401550.0,57875.0,58056.167236701265,57946.33531407792,2164170,Fresh Shorts
2026-08-05T11:56:00.858404+05:30,BANKNIFTY26AUGFUT,58107.5,58175.0,58010.0,401550.0,57868.0,58055.718181366705,57945.0625868052,2164170,Fresh Shorts
2026-08-05T11:56:30.969351+05:30,BANKNIFTY26AUGFUT,58107.5,58175.0,58010.0,401550.0,57860.0,58055.33201001165,57943.60804135065,2164560,Fresh Shorts
2026-08-05T11:57:01.052003+05:30,BANKNIFTY26AUGFUT,58107.5,58175.0,58010.0,401550.0,57860.0,58054.978010289895,57943.60804135065,2164560,Fresh Shorts
2026-08-05T11:57:31.126625+05:30,BANKNIFTY26AUGFUT,58107.5,58175.0,58010.0,401550.0,57851.0,58054.72900516317,57941.97167771429,2164530,Fresh Shorts
2026-08-05T11:58:01.204279+05:30,BANKNIFTY26AUGFUT,58107.5,58175.0,58010.0,401550.0,57850.0,58054.41313206058,57941.78985953247,2164530,Fresh Shorts
2026-08-05T11:58:31.454841+05:30,BANKNIFTY26AUGFUT,58107.5,58175.0,58010.0,401550.0,57850.0,58054.09649550548,57941.78985953247,2164470,Fresh Shorts
2026-08-05T11:59:01.512946+05:30,BANKNIFTY26AUGFUT,58107.5,58175.0,58010.0,401550.0,57859.0,58053.99338847044,57943.42622316883,2164470,Fresh Shorts
2026-08-05T11:59:31.621876+05:30,BANKNIFTY26AUGFUT,58107.5,58175.0,58010.0,401550.0,57870.6,58053.872530932524,57945.535314077926,2164440,Fresh Shorts
2026-08-05T12:00:00.787902+05:30,BANKNIFTY26AUGFUT,58107.5,58175.0,58005.0,406770.0,57889.6,58053.77013545739,57948.98985953247,2164440,Fresh Longs
2026-08-05T12:00:30.801518+05:30,BANKNIFTY26AUGFUT,58107.5,58175.0,58005.0,406770.0,57896.8,58053.5888217671,57939.50079416293,2164320,Short Covering
2026-08-05T12:01:00.948484+05:30,BANKNIFTY26AUGFUT,58107.5,58175.0,58005.0,406770.0,57871.4,58053.21726453004,57934.88261234475,2164320,Long Liquidation
2026-08-05T12:01:30.956612+05:30,BANKNIFTY26AUGFUT,58107.5,58175.0,58005.0,406770.0,57871.6,58053.11108335782,57934.91897598111,2164740,Fresh Shorts
2026-08-05T12:02:01.025813+05:30,BANKNIFTY26AUGFUT,58107.5,58175.0,58005.0,406770.0,57875.4,58052.978392795965,57935.60988507202,2164740,Fresh Shorts
2026-08-05T12:02:31.031108+05:30,BANKNIFTY26AUGFUT,58107.5,58175.0,58005.0,406770.0,57897.0,58052.65759996092,57939.53715779929,2165100,Fresh Longs
2026-08-05T12:03:01.965622+05:30,BANKNIFTY26AUGFUT,58107.5,58175.0,58005.0,406770.0,57885.0,58052.45073301622,57937.355339617476,2165100,Fresh Shorts
2026-08-05T12:03:32.081537+05:30,BANKNIFTY26AUGFUT,58107.5,58175.0,58005.0,406770.0,57899.0,58052.38151317875,57939.90079416293,2165340,Fresh Longs
2026-08-05T12:04:03.075798+05:30,BANKNIFTY26AUGFUT,58107.5,58175.0,58005.0,406770.0,57899.0,58052.3254070391,57939.90079416293,2165340,Fresh Longs
2026-08-05T12:04:33.233285+05:30,BANKNIFTY26AUGFUT,58107.5,58175.0,58005.0,406770.0,57888.0,58052.220509073195,57937.90079416293,2165310,Fresh Shorts
2026-08-05T12:05:00.302720+05:30,BANKNIFTY26AUGFUT,58107.5,58175.0,58000.0,410790.0,57897.0,58052.127953455536,57939.53715779929,2165310,Fresh Longs
2026-08-05T12:05:30.459309+05:30,BANKNIFTY26AUGFUT,58107.5,58175.0,58000.0,410790.0,57898.0,58052.02195786503,57931.98494729033,2165430,Fresh Longs
2026-08-05T12:06:00.633352+05:30,BANKNIFTY26AUGFUT,58107.5,58175.0,58000.0,410790.0,57889.2,58051.9618637679,57930.38494729033,2165430,Fresh Shorts
2026-08-05T12:06:30.796270+05:30,BANKNIFTY26AUGFUT,58107.5,58175.0,58000.0,410790.0,57885.8,58051.89015289628,57929.76676547215,2165280,Long Liquidation
2026-08-05T12:07:00.958678+05:30,BANKNIFTY26AUGFUT,58107.5,58175.0,58000.0,410790.0,57880.0,58051.81795077387,57928.7122200176,2165280,Long Liquidation
2026-08-05T12:07:31.117496+05:30,BANKNIFTY26AUGFUT,58107.5,58175.0,58000.0,410790.0,57894.0,58051.74655494839,57931.25767456306,2165220,Long Liquidation
2026-08-05T12:08:01.220986+05:30,BANKNIFTY26AUGFUT,58107.5,58175.0,58000.0,410790.0,57894.4,58051.711455905206,57931.33040183578,2165220,Long Liquidation
2026-08-05T12:08:31.381922+05:30,BANKNIFTY26AUGFUT,58107.5,58175.0,58000.0,410790.0,57884.6,58051.67538173962,57929.54858365397,2165310,Flat
2026-08-05T12:09:01.554763+05:30,BANKNIFTY26AUGFUT,58107.5,58175.0,58000.0,410790.0,57898.8,58051.60849287811,57932.130401835784,2165310,Flat
2026-08-05T12:09:31.724136+05:30,BANKNIFTY26AUGFUT,58107.5,58175.0,58000.0,410790.0,57898.8,58051.541735186394,57932.130401835784,2165280,Short Covering
2026-08-05T12:10:00.822773+05:30,BANKNIFTY26AUGFUT,58107.5,58175.0,58000.0,412920.0,57924.4,58051.3401821176,57936.78494729033,2165280,Short Covering
2026-08-05T12:10:30.933414+05:30,BANKNIFTY26AUGFUT,58107.5,58175.0,58000.0,412920.0,57899.8,58051.164944613745,57930.06041141936,2165400,Fresh Shorts
2026-08-05T12:11:01.065307+05:30,BANKNIFTY26AUGFUT,58107.5,58175.0,58000.0,412920.0,57909.6,58051.13404908717,57931.84222960118,2165400,Fresh Shorts
2026-08-05T12:11:31.161827+05:30,BANKNIFTY26AUGFUT,58107.5,58175.0,58000.0,412920.0,57915.0,58051.10424040228,57932.824047783,2165400,Fresh Shorts
2026-08-05T12:12:01.305957+05:30,BANKNIFTY26AUGFUT,58107.5,58175.0,58000.0,412920.0,57880.0,58051.00199077094,57926.460411419364,2165400,Fresh Shorts
2026-08-05T12:12:31.407488+05:30,BANKNIFTY26AUGFUT,58107.5,58175.0,58000.0,412920.0,57880.2,58050.84678252474,57926.496775055726,2165280,Flat
2026-08-05T12:13:01.501448+05:30,BANKNIFTY26AUGFUT,58107.5,58175.0,58000.0,412920.0,57896.0,58050.68364197531,57929.36950232845,2165280,Flat
2026-08-05T12:13:31.641968+05:30,BANKNIFTY26AUGFUT,58107.5,58175.0,58000.0,412920.0,57900.0,58050.5739096911,57930.096775055725,2165070,Long Liquidation
2026-08-05T12:14:01.761283+05:30,BANKNIFTY26AUGFUT,58107.5,58175.0,58000.0,412920.0,57911.2,58050.55396550063,57932.13313869209,2165070,Long Liquidation
2026-08-05T12:14:31.870648+05:30,BANKNIFTY26AUGFUT,58107.5,58175.0,58000.0,412920.0,57921.4,58050.53482198776,57933.98768414664,2165100,Long Liquidation
2026-08-05T12:53:21.989584+05:30,BANKNIFTY26AUGFUT,58107.5,58175.0,57965.0,450180.0,57800,58032.65268639262,57848.40850805234,2177370,Fresh Longs
2026-08-05T12:53:52.081029+05:30,BANKNIFTY26AUGFUT,58107.5,58175.0,57965.0,450180.0,57780.0,58032.518170591866,57844.772144415976,2177610,Fresh Shorts
2026-08-05T12:54:22.264808+05:30,BANKNIFTY26AUGFUT,58107.5,58175.0,57965.0,450180.0,57781.8,58032.34186994557,57845.09941714325,2177610,Fresh Shorts
2026-08-05T12:54:52.422927+05:30,BANKNIFTY26AUGFUT,58107.5,58175.0,57965.0,450180.0,57781.0,58032.162126216586,57844.95396259779,2177760,Fresh Shorts
2026-08-05T12:55:00.479340+05:30,BANKNIFTY26AUGFUT,58107.5,58175.0,57960.0,454200.0,57781.0,58032.129013650374,57844.95396259779,2177760,Fresh Shorts
2026-08-05T12:55:30.659338+05:30,BANKNIFTY26AUGFUT,58107.5,58175.0,57960.0,454200.0,57788.4,58032.06298644128,57834.67142394365,2177760,Flat
2026-08-05T12:56:00.835326+05:30,BANKNIFTY26AUGFUT,58107.5,58175.0,57960.0,454200.0,57795.4,58032.00007041634,57835.944151216376,2178150,Fresh Longs
2026-08-05T12:56:30.886938+05:30,BANKNIFTY26AUGFUT,58107.5,58175.0,57960.0,454200.0,57795.8,58031.73140357818,57836.01687848911,2176650,Short Covering
2026-08-05T12:57:00.947807+05:30,BANKNIFTY26AUGFUT,58107.5,58175.0,57960.0,454200.0,57819.0,58031.6603300156,57840.235060307285,2176650,Short Covering
2026-08-05T12:57:31.042268+05:30,BANKNIFTY26AUGFUT,58107.5,58175.0,57960.0,454200.0,57814.0,58031.617626642066,57839.325969398196,2176860,Short Covering
2026-08-05T12:58:01.068982+05:30,BANKNIFTY26AUGFUT,58107.5,58175.0,57960.0,454200.0,57795.0,58030.97794865054,57835.871423943645,2176860,Short Covering
2026-08-05T12:58:31.171321+05:30,BANKNIFTY26AUGFUT,58107.5,58175.0,57960.0,454200.0,57799.4,58030.884250864976,57836.67142394365,2178240,Fresh Longs
2026-08-05T12:59:01.317507+05:30,BANKNIFTY26AUGFUT,58107.5,58175.0,57960.0,454200.0,57788.4,58030.77635213518,57834.67142394365,2178240,Fresh Longs
2026-08-05T12:59:31.403308+05:30,BANKNIFTY26AUGFUT,58107.5,58175.0,57960.0,454200.0,57793.8,58030.71352108361,57835.65324212547,2178240,Fresh Longs
2026-08-05T13:00:00.492406+05:30,BANKNIFTY26AUGFUT,58107.5,58175.0,57960.0,457710.0,57777.0,58030.31654104127,57832.598696670924,2178180,Fresh Shorts
2026-08-05T13:00:30.607450+05:30,BANKNIFTY26AUGFUT,58107.5,58175.0,57960.0,457710.0,57750.0,58027.8604120677,57817.58075182167,2180340,Fresh Shorts
2026-08-05T13:01:00.723859+05:30,BANKNIFTY26AUGFUT,58107.5,58175.0,57960.0,457710.0,57751.0,58027.447654240954,57817.762570003484,2180340,Fresh Shorts
2026-08-05T13:01:30.880295+05:30,BANKNIFTY26AUGFUT,58107.5,58175.0,57960.0,457710.0,57769.8,58027.28053557931,57821.18075182167,2181270,Fresh Shorts
2026-08-05T13:02:01.034475+05:30,BANKNIFTY26AUGFUT,58107.5,58175.0,57960.0,457710.0,57763.8,58027.17561470544,57820.089842730755,2181270,Fresh Shorts
2026-08-05T13:02:31.182898+05:30,BANKNIFTY26AUGFUT,58107.5,58175.0,57960.0,457710.0,57760.0,58026.641356428816,57819.398933639844,2181270,Fresh Shorts
2026-08-05T13:03:01.360950+05:30,BANKNIFTY26AUGFUT,58107.5,58175.0,57960.0,457710.0,57770.4,58026.27833645302,57821.28984273076,2181270,Fresh Shorts
2026-08-05T13:03:31.419002+05:30,BANKNIFTY26AUGFUT,58107.5,58175.0,57960.0,457710.0,57776.0,58026.18130632084,57822.30802454894,2181270,Fresh Shorts
2026-08-05T13:04:01.421699+05:30,BANKNIFTY26AUGFUT,58107.5,58175.0,57960.0,457710.0,57796.4,58026.07757427233,57826.01711545803,2181330,Fresh Longs
2026-08-05T13:04:31.459811+05:30,BANKNIFTY26AUGFUT,58107.5,58175.0,57960.0,457710.0,57813.6,58025.820090618225,57829.144388185305,2181330,Fresh Longs
2026-08-05T13:05:00.500619+05:30,BANKNIFTY26AUGFUT,58107.5,58175.0,57955.0,465840.0,57800.0,58025.75349476215,57826.67166091257,2181660,Fresh Longs
2026-08-05T13:05:30.678792+05:30,BANKNIFTY26AUGFUT,58107.5,58175.0,57955.0,465840.0,57799.2,58025.37373451631,57821.676813473925,2181690,Fresh Shorts
2026-08-05T13:06:00.693867+05:30,BANKNIFTY26AUGFUT,58107.5,58175.0,57955.0,465840.0,57780.0,58024.73659057878,57818.18590438301,2181690,Fresh Shorts
2026-08-05T13:06:30.828703+05:30,BANKNIFTY26AUGFUT,58107.5,58175.0,57955.0,465840.0,57750.0,58023.329051324574,57812.73135892847,2183550,Fresh Shorts
2026-08-05T13:07:00.955935+05:30,BANKNIFTY26AUGFUT,58107.5,58175.0,57955.0,465840.0,57753.6,58022.93146084114,57813.385904383016,2183550,Fresh Shorts
2026-08-05T13:07:31.062088+05:30,BANKNIFTY26AUGFUT,58107.5,58175.0,57955.0,465840.0,57759.0,58022.81173075291,57814.367722564835,2183730,Fresh Shorts
2026-08-05T13:08:01.077713+05:30,BANKNIFTY26AUGFUT,58107.5,58175.0,57955.0,465840.0,57760.0,58022.74421249151,57814.54954074665,2183730,Fresh Shorts
2026-08-05T13:08:32.038409+05:30,BANKNIFTY26AUGFUT,58107.5,58175.0,57955.0,465840.0,57765.0,58022.29474977233,57815.45863165574,2183250,Fresh Shorts
2026-08-05T13:09:02.156630+05:30,BANKNIFTY26AUGFUT,58107.5,58175.0,57955.0,465840.0,57798.6,58021.26158356534,57821.56772256483,2183250,Fresh Shorts
2026-08-05T13:09:32.163843+05:30,BANKNIFTY26AUGFUT,58107.5,58175.0,57955.0,465840.0,57770.8,58020.781441259416,57816.51317711029,2183160,Fresh Shorts
2026-08-05T13:10:00.600371+05:30,BANKNIFTY26AUGFUT,58107.5,58175.0,57945.0,475650.0,57772.8,58020.5222873962,57816.87681347392,2183160,Fresh Shorts
2026-08-05T13:10:30.716537+05:30,BANKNIFTY26AUGFUT,58107.5,58175.0,57945.0,475650.0,57775.6,58020.07761200294,57809.37193829685,2183490,Fresh Longs
2026-08-05T13:11:00.852692+05:30,BANKNIFTY26AUGFUT,58107.5,58175.0,57945.0,475650.0,57773.0,58019.70579263822,57808.899211024116,2183490,Fresh Longs
2026-08-05T13:11:30.934773+05:30,BANKNIFTY26AUGFUT,58107.5,58175.0,57945.0,475650.0,57773.0,58019.5103407854,57808.899211024116,2184090,Fresh Longs
2026-08-05T13:12:01.112343+05:30,BANKNIFTY26AUGFUT,58107.5,58175.0,57945.0,475650.0,57781.2,58019.223249492985,57810.39012011503,2184090,Fresh Longs
2026-08-05T13:12:31.267768+05:30,BANKNIFTY26AUGFUT,58107.5,58175.0,57945.0,475650.0,57757.2,58018.58380046713,57806.02648375139,2184720,Fresh Shorts
2026-08-05T13:13:01.516004+05:30,BANKNIFTY26AUGFUT,58107.5,58175.0,57945.0,475650.0,57758.0,58018.321679166664,57806.171938296844,2184720,Fresh Shorts
2026-08-05T13:13:31.626804+05:30,BANKNIFTY26AUGFUT,58107.5,58175.0,57945.0,475650.0,57756.6,58017.95682872537,57805.9173928423,2185320,Fresh Shorts
2026-08-05T13:14:01.676928+05:30,BANKNIFTY26AUGFUT,58107.5,58175.0,57945.0,475650.0,57750.0,58017.65756914573,57804.7173928423,2185320,Fresh Shorts
2026-08-05T13:14:31.763556+05:30,BANKNIFTY26AUGFUT,58107.5,58175.0,57945.0,475650.0,57750.0,58017.5411930874,57804.7173928423,2185860,Fresh Shorts
2026-08-05T13:15:00.879238+05:30,BANKNIFTY26AUGFUT,58107.5,58175.0,57940.0,481800.0,57755.0,58017.34203403902,57805.62648375139,2185860,Fresh Shorts
2026-08-05T13:15:31.823422+05:30,BANKNIFTY26AUGFUT,58107.5,58175.0,57940.0,481800.0,57760.0,58017.18345156607,57797.33075943295,2186190,Fresh Longs
2026-08-05T13:16:02.764847+05:30,BANKNIFTY26AUGFUT,58107.5,58175.0,57940.0,481800.0,57750.0,58017.02175787728,57795.51257761477,2186190,Fresh Shorts
2026-08-05T13:16:33.680675+05:30,BANKNIFTY26AUGFUT,58107.5,58175.0,57940.0,481800.0,57777.8,58016.80270063167,57800.56712306932,2186250,Fresh Longs
2026-08-05T13:17:03.767137+05:30,BANKNIFTY26AUGFUT,58107.5,58175.0,57940.0,481800.0,57777.8,58016.715922406474,57800.56712306932,2186250,Fresh Longs
2026-08-05T13:17:33.803243+05:30,BANKNIFTY26AUGFUT,58107.5,58175.0,57940.0,481800.0,57787.6,58016.52745852468,57802.34894125113,2186250,Fresh Longs
2026-08-05T13:18:04.011925+05:30,BANKNIFTY26AUGFUT,58107.5,58175.0,57940.0,481800.0,57800.0,58016.362772334534,57804.60348670568,2186670,Fresh Longs
2026-08-05T13:18:34.150096+05:30,BANKNIFTY26AUGFUT,58107.5,58175.0,57940.0,481800.0,57787.6,58016.26552201492,57802.34894125113,2186820,Fresh Longs
2026-08-05T13:19:05.130768+05:30,BANKNIFTY26AUGFUT,58107.5,58175.0,57940.0,481800.0,57787.6,58016.15593003325,57802.34894125113,2186820,Fresh Longs
2026-08-05T13:19:35.243117+05:30,BANKNIFTY26AUGFUT,58107.5,58175.0,57940.0,481800.0,57785.0,58016.04185192066,57801.87621397841,2187120,Fresh Longs
2026-08-05T13:20:00.365942+05:30,BANKNIFTY26AUGFUT,58107.5,58175.0,57940.0,484620.0,57787.0,58015.970834880936,57802.23985034205,2187120,Fresh Longs
2026-08-05T13:44:43.311247+05:30,BANKNIFTY26AUGFUT,58107.5,58175.0,57930.0,497640.0,57735,58007.59194029851,57772.315906977245,2193450,Fresh Shorts
2026-08-05T13:45:00.648426+05:30,BANKNIFTY26AUGFUT,58107.5,58175.0,57920.0,507510.0,57706.0,58004.691671100074,57767.04317970452,2194560,Fresh Shorts
2026-08-05T13:45:30.913812+05:30,BANKNIFTY26AUGFUT,58107.5,58175.0,57920.0,507510.0,57715.6,58004.1974387725,57757.689874303695,2194560,Flat
2026-08-05T13:46:01.074460+05:30,BANKNIFTY26AUGFUT,58107.5,58175.0,57920.0,507510.0,57722.4,58003.82536688867,57758.92623794006,2197710,Fresh Longs
2026-08-05T13:46:31.167613+05:30,BANKNIFTY26AUGFUT,58107.5,58175.0,57920.0,507510.0,57735.2,58003.71310239189,57761.25351066733,2197710,Fresh Longs
2026-08-05T13:47:02.133156+05:30,BANKNIFTY26AUGFUT,58107.5,58175.0,57920.0,507510.0,57753.0,58003.38914974993,57764.4898743037,2197830,Fresh Longs
2026-08-05T13:47:32.283564+05:30,BANKNIFTY26AUGFUT,58107.5,58175.0,57920.0,507510.0,57755.0,58003.17761316872,57764.85351066733,2197830,Fresh Longs
2026-08-05T13:48:02.289758+05:30,BANKNIFTY26AUGFUT,58107.5,58175.0,57920.0,507510.0,57781.0,58003.10631795475,57769.5807833946,2197470,Fresh Longs
2026-08-05T13:48:32.382481+05:30,BANKNIFTY26AUGFUT,58107.5,58175.0,57920.0,507510.0,57780.0,58002.834644282695,57769.398965212786,2197470,Fresh Longs
2026-08-05T13:57:59.480577+05:30,BANKNIFTY26AUGFUT,58107.5,58175.0,57915.0,516120.0,57786.2,58000.691282468164,57780.15324486377,2200080,Fresh Shorts
2026-08-05T13:58:29.756576+05:30,BANKNIFTY26AUGFUT,58107.5,58175.0,57915.0,516120.0,57784.6,58000.678735799025,57779.862335772865,2200080,Fresh Shorts
2026-08-05T13:58:59.862228+05:30,BANKNIFTY26AUGFUT,58107.5,58175.0,57915.0,516120.0,57783.4,58000.55177082729,57779.64415395468,2200170,Fresh Shorts
2026-08-05T13:59:29.909423+05:30,BANKNIFTY26AUGFUT,58107.5,58175.0,57915.0,516120.0,57784.0,58000.45049977766,57779.75324486377,2200170,Fresh Shorts
2026-08-05T14:00:00.093657+05:30,BANKNIFTY26AUGFUT,58107.5,58175.0,57915.0,517410.0,57789.0,58000.37689259968,57780.66233577286,2200260,Fresh Shorts
2026-08-05T14:00:30.184791+05:30,BANKNIFTY26AUGFUT,58107.5,58175.0,57915.0,517410.0,57790.0,58000.27923886796,57782.360092905066,2200260,Flat
2026-08-05T14:01:00.307746+05:30,BANKNIFTY26AUGFUT,58107.5,58175.0,57915.0,517410.0,57800.0,58000.198312285174,57784.17827472325,2200470,Fresh Longs
2026-08-05T14:01:30.367780+05:30,BANKNIFTY26AUGFUT,58107.5,58175.0,57915.0,517410.0,57781.0,58000.06857330323,57780.723729268706,2200470,Fresh Shorts
2026-08-05T14:02:00.392478+05:30,BANKNIFTY26AUGFUT,58107.5,58175.0,57915.0,517410.0,57788.4,58000.019324342575,57782.06918381416,2200950,Fresh Shorts
2026-08-05T14:02:30.507289+05:30,BANKNIFTY26AUGFUT,58107.5,58175.0,57915.0,517410.0,57780.0,57999.970260208705,57780.54191108688,2200950,Fresh Shorts
2026-08-05T14:03:00.908516+05:30,BANKNIFTY26AUGFUT,58107.5,58175.0,57915.0,517410.0,57787.8,57999.95798325811,57781.960092905065,2201100,Fresh Shorts
2026-08-05T14:03:30.940050+05:30,BANKNIFTY26AUGFUT,58107.5,58175.0,57915.0,517410.0,57782.0,57999.85808367072,57780.90554745052,2201100,Fresh Shorts
2026-08-05T14:04:00.978698+05:30,BANKNIFTY26AUGFUT,58107.5,58175.0,57915.0,517410.0,57790.0,57999.6555189615,57782.360092905066,2201220,Fresh Longs
2026-08-05T14:04:35.043671+05:30,BANKNIFTY26AUGFUT,58107.5,58175.0,57915.0,517440.0,57786.4,57999.60336202414,57781.82455571499,2201220,Fresh Shorts
2026-08-05T14:05:00.964213+05:30,BANKNIFTY26AUGFUT,58107.5,58175.0,57910.0,519540.0,57820.0,57999.52726642799,57787.93364662408,2201310,Fresh Longs
2026-08-05T14:05:31.023002+05:30,BANKNIFTY26AUGFUT,58107.5,58175.0,57910.0,519540.0,57790.0,57999.49271981987,57788.30934723788,2201310,Flat
2026-08-05T14:06:01.023392+05:30,BANKNIFTY26AUGFUT,58107.5,58175.0,57910.0,519540.0,57800.0,57999.38482400461,57790.127529056066,2201460,Fresh Shorts
2026-08-05T14:06:31.029180+05:30,BANKNIFTY26AUGFUT,58107.5,58175.0,57910.0,519540.0,57800.0,57999.32731468128,57790.127529056066,2201460,Fresh Shorts
2026-08-05T14:07:01.074464+05:30,BANKNIFTY26AUGFUT,58107.5,58175.0,57910.0,519540.0,57822.0,57999.23406365314,57794.127529056066,2201460,Fresh Longs
2026-08-05T14:07:31.303047+05:30,BANKNIFTY26AUGFUT,58107.5,58175.0,57910.0,519540.0,57820.6,57999.11479603595,57793.87298360152,2201460,Fresh Longs
2026-08-05T14:08:02.126224+05:30,BANKNIFTY26AUGFUT,58107.5,58175.0,57910.0,519600.0,57820.6,57999.13094058455,57792.71265302301,2201460,Fresh Longs
2026-08-05T14:08:32.348471+05:30,BANKNIFTY26AUGFUT,58107.5,58175.0,57910.0,519600.0,57831.0,57999.04368438226,57794.603562113916,2201580,Fresh Longs
2026-08-05T14:09:02.558334+05:30,BANKNIFTY26AUGFUT,58107.5,58175.0,57910.0,519600.0,57835.0,57998.96707146283,57795.33083484119,2201280,Short Covering
2026-08-05T14:09:32.686366+05:30,BANKNIFTY26AUGFUT,58107.5,58175.0,57910.0,519600.0,57829.2,57998.78415837789,57794.27628938664,2201280,Short Covering
2026-08-05T14:10:00.683164+05:30,BANKNIFTY26AUGFUT,58107.5,58175.0,57910.0,521940.0,57822.2,57998.73022569644,57793.00356211392,2201640,Fresh Longs
2026-08-05T14:10:30.740282+05:30,BANKNIFTY26AUGFUT,58107.5,58175.0,57910.0,521940.0,57812.6,57998.69935444323,57796.56655082048,2201640,Flat
2026-08-05T14:11:00.744705+05:30,BANKNIFTY26AUGFUT,58107.5,58175.0,57910.0,521940.0,57812.6,57998.67832366067,57796.56655082048,2201700,Fresh Shorts
2026-08-05T14:11:30.829376+05:30,BANKNIFTY26AUGFUT,58107.5,58175.0,57910.0,521940.0,57801.0,57998.594386690405,57794.457459911384,2201700,Fresh Shorts
2026-08-05T14:12:00.881248+05:30,BANKNIFTY26AUGFUT,58107.5,58175.0,57910.0,521940.0,57820.8,57998.58417566429,57798.05745991139,2201730,Fresh Shorts
2026-08-05T14:12:30.903954+05:30,BANKNIFTY26AUGFUT,58107.5,58175.0,57910.0,521940.0,57835.4,57998.43616402723,57800.71200536593,2201730,Fresh Longs
2026-08-05T14:13:01.038323+05:30,BANKNIFTY26AUGFUT,58107.5,58175.0,57910.0,521940.0,57830.0,57998.389013174245,57799.73018718411,2201610,Short Covering
2026-08-05T14:13:31.134540+05:30,BANKNIFTY26AUGFUT,58107.5,58175.0,57910.0,521940.0,57839.8,57998.3143435965,57801.512005365934,2201610,Short Covering
2026-08-05T14:14:01.484712+05:30,BANKNIFTY26AUGFUT,58107.5,58175.0,57910.0,521940.0,57830.2,57998.21852424885,57799.76655082048,2201850,Fresh Longs
2026-08-05T14:14:31.647401+05:30,BANKNIFTY26AUGFUT,58107.5,58175.0,57910.0,521940.0,57806.6,57998.19724211693,57795.47564172957,2201850,Fresh Shorts
2026-08-05T14:15:00.704545+05:30,BANKNIFTY26AUGFUT,58107.5,58175.0,57910.0,524010.0,57800.0,57998.03838476365,57794.27564172957,2202360,Fresh Shorts
2026-08-05T14:15:30.854577+05:30,BANKNIFTY26AUGFUT,58107.5,58175.0,57910.0,524010.0,57799.6,57997.99078854483,57795.243706869645,2202360,Flat
2026-08-05T14:16:00.953543+05:30,BANKNIFTY26AUGFUT,58107.5,58175.0,57910.0,524010.0,57797.2,57997.95659074435,57794.80734323328,2202450,Fresh Shorts
2026-08-05T14:16:31.964491+05:30,BANKNIFTY26AUGFUT,58107.5,58175.0,57910.0,524010.0,57790.0,57997.92144342088,57793.49825232419,2202450,Fresh Shorts
2026-08-05T14:17:02.074253+05:30,BANKNIFTY26AUGFUT,58107.5,58175.0,57910.0,524010.0,57785.0,57997.84851951419,57792.589161415104,2202570,Fresh Shorts
2026-08-05T14:17:32.992227+05:30,BANKNIFTY26AUGFUT,58107.5,58175.0,57910.0,524010.0,57780.0,57997.7988257944,57791.68007050601,2202570,Fresh Shorts
2026-08-05T14:18:02.996351+05:30,BANKNIFTY26AUGFUT,58107.5,58175.0,57910.0,524010.0,57786.8,57997.70338191864,57792.916434142375,2202450,Fresh Shorts
2026-08-05T14:18:33.130000+05:30,BANKNIFTY26AUGFUT,58107.5,58175.0,57910.0,524010.0,57748.0,57997.31143449561,57785.861888687825,2202450,Fresh Shorts
2026-08-05T14:19:03.469475+05:30,BANKNIFTY26AUGFUT,58107.5,58175.0,57910.0,524010.0,57751.4,57997.25624845477,57786.48007050601,2202870,Fresh Shorts
2026-08-05T14:19:33.609461+05:30,BANKNIFTY26AUGFUT,58107.5,58175.0,57910.0,524010.0,57775.4,57997.20314110243,57790.843706869644,2202870,Fresh Shorts
2026-08-05T14:20:00.627247+05:30,BANKNIFTY26AUGFUT,58107.5,58175.0,57910.0,526020.0,57788.8,57997.167164746585,57793.28007050601,2202870,Fresh Shorts
2026-08-05T14:20:31.527486+05:30,BANKNIFTY26AUGFUT,58107.5,58175.0,57910.0,526020.0,57793.8,57997.155566961315,57793.37460314128,2202870,Flat
2026-08-05T14:21:01.639866+05:30,BANKNIFTY26AUGFUT,58107.5,58175.0,57910.0,526020.0,57798.0,57997.132899963886,57794.138239504915,2202930,Fresh Longs
2026-08-05T14:21:31.709787+05:30,BANKNIFTY26AUGFUT,58107.5,58175.0,57910.0,526020.0,57788.8,57996.50336308001,57792.465512232186,2202930,Flat
2026-08-05T14:22:01.800490+05:30,BANKNIFTY26AUGFUT,58107.5,58175.0,57910.0,526020.0,57788.8,57996.48014019134,57792.465512232186,2204490,Flat
2026-08-05T14:22:31.870292+05:30,BANKNIFTY26AUGFUT,58107.5,58175.0,57910.0,526020.0,57797.4,57996.423015151515,57794.02914859582,2204490,Fresh Longs
2026-08-05T14:23:01.914396+05:30,BANKNIFTY26AUGFUT,58107.5,58175.0,57910.0,526020.0,57775.2,57996.38731276866,57789.99278495946,2204640,Fresh Shorts
2026-08-05T14:23:31.940383+05:30,BANKNIFTY26AUGFUT,58107.5,58175.0,57910.0,526020.0,57752.2,57996.26030015708,57785.810966777644,2204640,Fresh Shorts
2026-08-05T14:24:01.981667+05:30,BANKNIFTY26AUGFUT,58107.5,58175.0,57910.0,526020.0,57783.6,57996.04330742905,57791.520057686736,2204940,Fresh Shorts
2026-08-05T14:24:37.614758+05:30,BANKNIFTY26AUGFUT,58107.5,58175.0,57910.0,526080.0,57784,57995.87194494858,57789.31146537747,2204940,Fresh Shorts
2026-08-05T14:25:03.399008+05:30,BANKNIFTY26AUGFUT,58107.5,58175.0,57905.0,528990.0,,57995.845656817706,57787.92964719565,2204970,Fresh Shorts
2026-08-05T14:25:33.693430+05:30,BANKNIFTY26AUGFUT,58107.5,58175.0,57905.0,528990.0,57778.6,57995.83333711391,57786.23334770553,2204970,Flat
2026-08-05T14:26:03.698113+05:30,BANKNIFTY26AUGFUT,58107.5,58175.0,57905.0,528990.0,57778.4,57995.808327663115,57786.19698406917,2205030,Fresh Longs
2026-08-05T14:26:33.785533+05:30,BANKNIFTY26AUGFUT,58107.5,58175.0,57905.0,528990.0,57767.2,57995.782688891406,57784.160620432805,2205030,Fresh Shorts
2026-08-05T14:27:03.896713+05:30,BANKNIFTY26AUGFUT,58107.5,58175.0,57905.0,528990.0,57766.6,57995.74430398882,57784.05152952371,2205030,Fresh Shorts
2026-08-05T14:27:34.045683+05:30,BANKNIFTY26AUGFUT,58107.5,58175.0,57905.0,528990.0,57757.2,57995.675261626806,57782.34243861462,2205210,Fresh Shorts
2026-08-05T14:28:04.150982+05:30,BANKNIFTY26AUGFUT,58107.5,58175.0,57905.0,528990.0,57755.8,57995.59708059521,57782.087893160075,2205180,Fresh Shorts
2026-08-05T14:28:34.205634+05:30,BANKNIFTY26AUGFUT,58107.5,58175.0,57905.0,528990.0,57787.2,57995.51591724242,57787.796984069166,2205180,Fresh Longs
2026-08-05T14:29:04.299592+05:30,BANKNIFTY26AUGFUT,58107.5,58175.0,57905.0,528990.0,57786.6,57995.468580379726,57787.68789316007,2205330,Fresh Longs
2026-08-05T14:29:34.320676+05:30,BANKNIFTY26AUGFUT,58107.5,58175.0,57905.0,528990.0,57779.4,57995.015304066146,57786.37880225098,2205330,Fresh Longs
2026-08-05T14:30:00.325301+05:30,BANKNIFTY26AUGFUT,58107.5,58175.0,57905.0,531090.0,57760.0,57994.96508313092,57782.85152952371,2205330,Fresh Shorts
2026-08-05T14:30:30.372675+05:30,BANKNIFTY26AUGFUT,58107.5,58175.0,57905.0,531090.0,57780.0,57994.93967052622,57782.33306961031,2206230,Fresh Longs
2026-08-05T14:31:00.475650+05:30,BANKNIFTY26AUGFUT,58107.5,58175.0,57905.0,531090.0,57787.4,57994.91654524576,57783.67852415576,2206230,Fresh Longs
2026-08-05T14:31:30.707924+05:30,BANKNIFTY26AUGFUT,58107.5,58175.0,57905.0,531090.0,57778.6,57994.78118780217,57782.07852415576,2206290,Fresh Longs
2026-08-05T14:32:00.959395+05:30,BANKNIFTY26AUGFUT,58107.5,58175.0,57905.0,531090.0,57778.6,57994.75706036153,57782.07852415576,2206440,Fresh Longs
2026-08-05T14:32:31.094340+05:30,BANKNIFTY26AUGFUT,58107.5,58175.0,57905.0,531090.0,57761.6,57994.66724202768,57778.98761506485,2206440,Fresh Longs
2026-08-05T14:33:02.061424+05:30,BANKNIFTY26AUGFUT,58107.5,58175.0,57905.0,531090.0,57750.0,57994.38777771518,57776.87852415576,2207070,Fresh Shorts
2026-08-05T14:33:32.245236+05:30,BANKNIFTY26AUGFUT,58107.5,58175.0,57905.0,531090.0,57768.6,57994.36239460688,57780.26034233758,2207070,Fresh Longs
2026-08-05T14:34:03.173435+05:30,BANKNIFTY26AUGFUT,58107.5,58175.0,57905.0,531090.0,57750.2,57994.34864052877,57776.914887792125,2207070,Fresh Shorts
2026-08-05T14:34:33.210999+05:30,BANKNIFTY26AUGFUT,58107.5,58175.0,57905.0,531090.0,57768.6,57994.32319852803,57780.26034233758,2207190,Fresh Longs
2026-08-05T14:35:00.358766+05:30,BANKNIFTY26AUGFUT,58107.5,58175.0,57905.0,532770.0,57750.0,57994.255401017326,57776.87852415576,2207250,Fresh Shorts
2026-08-05T14:35:30.503356+05:30,BANKNIFTY26AUGFUT,58107.5,58175.0,57905.0,532770.0,57769.2,57994.22952911811,57775.48242885472,2207250,Flat
2026-08-05T14:36:00.592111+05:30,BANKNIFTY26AUGFUT,58107.5,58175.0,57905.0,532770.0,57751.0,57994.20289740847,57772.17333794563,2207340,Fresh Longs
2026-08-05T14:36:30.699085+05:30,BANKNIFTY26AUGFUT,58107.5,58175.0,57905.0,532770.0,57768.8,57994.16458778941,57775.409701581986,2207340,Fresh Longs
2026-08-05T14:37:00.884508+05:30,BANKNIFTY26AUGFUT,58107.5,58175.0,57905.0,532770.0,57785.0,57994.052234411625,57778.35515612744,2207400,Fresh Longs
2026-08-05T14:37:30.936077+05:30,BANKNIFTY26AUGFUT,58107.5,58175.0,57905.0,532770.0,57794.8,57994.00719200555,57780.13697430926,2207400,Fresh Longs
2026-08-05T14:38:01.156121+05:30,BANKNIFTY26AUGFUT,58107.5,58175.0,57905.0,532770.0,57794.8,57993.962383549835,57780.13697430926,2207430,Fresh Longs
2026-08-05T14:38:31.193179+05:30,BANKNIFTY26AUGFUT,58107.5,58175.0,57905.0,532770.0,57795.0,57993.642696460985,57780.17333794563,2207430,Fresh Longs
2026-08-05T14:39:01.360011+05:30,BANKNIFTY26AUGFUT,58107.5,58175.0,57905.0,532770.0,57799.8,57993.59781457573,57781.046065218354,2208030,Fresh Longs
2026-08-05T14:39:31.487857+05:30,BANKNIFTY26AUGFUT,58107.5,58175.0,57905.0,532770.0,57800.0,57993.45384040087,57781.082428854716,2208030,Fresh Longs
2026-08-05T14:40:00.451527+05:30,BANKNIFTY26AUGFUT,58107.5,58175.0,57900.0,535050.0,57794.2,57993.37775534997,57780.02788340017,2208030,Fresh Longs
2026-08-05T14:40:30.518652+05:30,BANKNIFTY26AUGFUT,58107.5,58175.0,57900.0,535050.0,57775.0,57993.220263708354,57779.113722781956,2208300,Fresh Shorts
2026-08-05T14:41:00.634680+05:30,BANKNIFTY26AUGFUT,58107.5,58175.0,57900.0,535050.0,57756.0,57993.18213358729,57775.65917732741,2208750,Fresh Shorts
2026-08-05T14:41:30.777697+05:30,BANKNIFTY26AUGFUT,58107.5,58175.0,57900.0,535050.0,57756.6,57993.168881171114,57775.768268236505,2208750,Fresh Shorts
2026-08-05T14:42:00.951923+05:30,BANKNIFTY26AUGFUT,58107.5,58175.0,57900.0,535050.0,57756.6,57993.13011854756,57775.768268236505,2208870,Fresh Shorts
2026-08-05T14:42:31.174293+05:30,BANKNIFTY26AUGFUT,58107.5,58175.0,57900.0,535050.0,57769.8,57992.84318529291,57778.168268236506,2208870,Fresh Shorts
2026-08-05T14:43:01.237082+05:30,BANKNIFTY26AUGFUT,58107.5,58175.0,57900.0,535050.0,57763.4,57992.59840569183,57777.00463187287,2208990,Fresh Shorts
2026-08-05T14:43:31.301259+05:30,BANKNIFTY26AUGFUT,58107.5,58175.0,57900.0,535050.0,57763.2,57992.490492413664,57776.9682682365,2208990,Fresh Shorts
2026-08-05T14:44:01.410513+05:30,BANKNIFTY26AUGFUT,58107.5,58175.0,57900.0,535050.0,57760.6,57992.42461567095,57776.49554096378,2209380,Fresh Shorts
2026-08-05T14:44:31.457419+05:30,BANKNIFTY26AUGFUT,58107.5,58175.0,57900.0,535050.0,57746.6,57992.38381436201,57773.95008641832,2209380,Fresh Shorts
2026-08-05T14:45:00.518030+05:30,BANKNIFTY26AUGFUT,58107.5,58175.0,57900.0,538110.0,57748.2,57992.05362472357,57774.24099550923,2209380,Fresh Shorts
2026-08-05T14:45:31.482843+05:30,BANKNIFTY26AUGFUT,58107.5,58175.0,57900.0,538110.0,57748.2,57991.93111928378,57769.506269053,2209500,Flat
2026-08-05T14:46:01.606798+05:30,BANKNIFTY26AUGFUT,58107.5,58175.0,57900.0,538110.0,57747.6,57991.551333407515,57769.39717814392,2209500,Fresh Shorts
2026-08-05T14:46:31.623134+05:30,BANKNIFTY26AUGFUT,58107.5,58175.0,57900.0,538110.0,57746.0,57990.96107596107,57769.10626905301,2209050,Long Liquidation
2026-08-05T14:47:01.652803+05:30,BANKNIFTY26AUGFUT,58107.5,58175.0,57900.0,538110.0,57746.0,57990.93421013688,57769.10626905301,2210310,Fresh Shorts
2026-08-05T14:47:31.839837+05:30,BANKNIFTY26AUGFUT,58107.5,58175.0,57900.0,538110.0,57759.2,57990.761241427754,57771.506269053,2210310,Fresh Longs
2026-08-05T14:48:01.992229+05:30,BANKNIFTY26AUGFUT,58107.5,58175.0,57900.0,538110.0,57778.2,57990.282292185395,57774.960814507554,2209980,Fresh Longs
2026-08-05T14:48:32.119418+05:30,BANKNIFTY26AUGFUT,58107.5,58175.0,57900.0,538110.0,57774.2,57989.997240794975,57774.233541780275,2209980,Fresh Longs
2026-08-05T14:49:02.285688+05:30,BANKNIFTY26AUGFUT,58107.5,58175.0,57900.0,538110.0,57772.8,57989.66820781609,57773.978996325735,2209980,Fresh Longs
2026-08-05T14:49:32.399686+05:30,BANKNIFTY26AUGFUT,58107.5,58175.0,57900.0,538110.0,57772.6,57989.6325279494,57773.942632689366,2211450,Fresh Longs
2026-08-05T14:50:00.449062+05:30,BANKNIFTY26AUGFUT,58107.5,58175.0,57895.0,544020.0,57754.8,57989.56080658799,57770.70626905301,2211450,Fresh Longs
2026-08-05T14:50:30.617160+05:30,BANKNIFTY26AUGFUT,58107.5,58175.0,57895.0,544020.0,57757.0,57989.498652994465,57768.21422013428,2211600,Fresh Longs
2026-08-05T14:51:00.785207+05:30,BANKNIFTY26AUGFUT,58107.5,58175.0,57895.0,544020.0,57770.0,57989.44904738283,57770.57785649791,2211690,Fresh Longs
2026-08-05T14:51:30.835780+05:30,BANKNIFTY26AUGFUT,58107.5,58175.0,57895.0,544020.0,57770.0,57989.37641008687,57770.57785649791,2211690,Fresh Longs
2026-08-05T14:52:01.014360+05:30,BANKNIFTY26AUGFUT,58107.5,58175.0,57895.0,544020.0,57760.0,57989.23950807636,57768.759674679735,2212110,Fresh Longs
2026-08-05T14:52:31.571690+05:30,BANKNIFTY26AUGFUT,58107.5,58175.0,57895.0,544020.0,57755.0,57988.7908053556,57767.85058377064,2212110,Fresh Longs
2026-08-05T14:53:01.670127+05:30,BANKNIFTY26AUGFUT,58107.5,58175.0,57895.0,544020.0,57751.0,57988.60874466956,57767.12331104337,2212860,Fresh Shorts
2026-08-05T14:53:31.807467+05:30,BANKNIFTY26AUGFUT,58107.5,58175.0,57895.0,544020.0,57770.4,57988.53643266187,57770.65058377064,2212860,Fresh Longs
2026-08-05T14:54:01.908091+05:30,BANKNIFTY26AUGFUT,58107.5,58175.0,57895.0,544020.0,57770.4,57988.38159646044,57770.65058377064,2212860,Fresh Longs
2026-08-05T14:54:32.113067+05:30,BANKNIFTY26AUGFUT,58107.5,58175.0,57895.0,544020.0,57786.6,57988.23374440486,57773.5960383161,2212680,Fresh Longs
2026-08-05T14:55:00.249237+05:30,BANKNIFTY26AUGFUT,58107.5,58175.0,57890.0,547560.0,57777.8,57988.1544743955,57771.996038316094,2212680,Fresh Longs
2026-08-05T14:55:30.331495+05:30,BANKNIFTY26AUGFUT,58107.5,58175.0,57890.0,547560.0,57772.2,57988.09609830019,57772.033122258625,2212740,Fresh Shorts
2026-08-05T14:56:01.309262+05:30,BANKNIFTY26AUGFUT,58107.5,58175.0,57890.0,547560.0,57766.0,57988.07209960385,57770.90584953135,2212740,Fresh Shorts
2026-08-05T14:56:31.438762+05:30,BANKNIFTY26AUGFUT,58107.5,58175.0,57890.0,547560.0,57766.0,57988.047449026155,57770.90584953135,2212800,Fresh Shorts
2026-08-05T14:57:01.541970+05:30,BANKNIFTY26AUGFUT,58107.5,58175.0,57890.0,547560.0,57754.8,57987.95861980877,57768.86948589499,2212860,Fresh Shorts
2026-08-05T14:57:31.633573+05:30,BANKNIFTY26AUGFUT,58107.5,58175.0,57890.0,547560.0,57744.0,57986.99810624648,57766.90584953135,2212860,Fresh Shorts
2026-08-05T14:58:01.738517+05:30,BANKNIFTY26AUGFUT,58107.5,58175.0,57890.0,547560.0,57766.4,57986.96106992295,57770.978576804075,2212860,Fresh Shorts
2026-08-05T14:58:31.844283+05:30,BANKNIFTY26AUGFUT,58107.5,58175.0,57890.0,547560.0,57772.0,57986.17951475647,57771.996758622256,2212200,Long Liquidation
2026-08-05T14:59:01.977550+05:30,BANKNIFTY26AUGFUT,58107.5,58175.0,57890.0,547560.0,57798.8,57986.064907804495,57776.86948589499,2210550,Short Covering
2026-08-05T14:59:32.051347+05:30,BANKNIFTY26AUGFUT,58107.5,58175.0,57890.0,547560.0,57798.8,57985.93206393982,57776.86948589499,2210550,Short Covering
2026-08-05T15:00:00.181010+05:30,BANKNIFTY26AUGFUT,58107.5,58175.0,57890.0,553230.0,57795.0,57985.85663828787,57776.17857680408,2210550,Short Covering
2026-08-05T15:00:30.466001+05:30,BANKNIFTY26AUGFUT,58107.5,58175.0,57890.0,553230.0,57782.0,57985.6880894331,57777.23701738515,2210760,Fresh Shorts
2026-08-05T15:01:00.686919+05:30,BANKNIFTY26AUGFUT,58107.5,58175.0,57890.0,553230.0,57789.8,57985.589183725046,57778.655199203335,2210550,Flat
2026-08-05T15:01:30.811201+05:30,BANKNIFTY26AUGFUT,58107.5,58175.0,57890.0,553230.0,57790.6,57985.444332611834,57778.80065374879,2210550,Flat
2026-08-05T15:02:00.937961+05:30,BANKNIFTY26AUGFUT,58107.5,58175.0,57890.0,553230.0,57750.2,57985.32845141518,57771.45519920334,2210640,Fresh Shorts
2026-08-05T15:02:31.047593+05:30,BANKNIFTY26AUGFUT,58107.5,58175.0,57890.0,553230.0,57769.0,57984.93589951232,57774.87338102152,2210640,Fresh Shorts
2026-08-05T15:03:01.069776+05:30,BANKNIFTY26AUGFUT,58107.5,58175.0,57890.0,553230.0,57790.6,57984.75177274362,57778.80065374879,2210940,Fresh Shorts
2026-08-05T15:03:31.995170+05:30,BANKNIFTY26AUGFUT,58107.5,58175.0,57890.0,553230.0,57800.0,57984.290760070304,57780.50974465788,2210940,Fresh Longs
2026-08-05T15:04:02.099139+05:30,BANKNIFTY26AUGFUT,58107.5,58175.0,57890.0,553230.0,57805.0,57984.21036176544,57781.418835566976,2210940,Fresh Longs
2026-08-05T15:04:32.236763+05:30,BANKNIFTY26AUGFUT,58107.5,58175.0,57890.0,553230.0,57808.0,57984.15314336918,57781.96429011243,2211690,Fresh Longs
2026-08-05T15:05:00.424085+05:30,BANKNIFTY26AUGFUT,58107.5,58175.0,57885.0,558240.0,57809.0,57984.07698122671,57782.14610829425,2211420,Fresh Longs
2026-08-05T15:05:30.482648+05:30,BANKNIFTY26AUGFUT,58107.5,58175.0,57885.0,558240.0,57807.6,57983.94318905954,57786.77408860438,2211420,Flat
2026-08-05T15:06:00.757887+05:30,BANKNIFTY26AUGFUT,58107.5,58175.0,57885.0,558240.0,57810.0,57983.79583981685,57787.210452240746,2211420,Flat
2026-08-05T15:06:30.953680+05:30,BANKNIFTY26AUGFUT,58107.5,58175.0,57885.0,558240.0,57781.0,57983.764134477824,57781.93772496802,2211870,Fresh Shorts
2026-08-05T15:07:00.985919+05:30,BANKNIFTY26AUGFUT,58107.5,58175.0,57885.0,558240.0,57785.0,57983.584052455735,57782.66499769529,2211900,Fresh Shorts
2026-08-05T15:07:31.097437+05:30,BANKNIFTY26AUGFUT,58107.5,58175.0,57885.0,558240.0,57804.0,57983.48259852503,57786.11954314984,2211900,Fresh Shorts
2026-08-05T15:08:01.304277+05:30,BANKNIFTY26AUGFUT,58107.5,58175.0,57885.0,558240.0,57808.8,57983.30441328624,57786.99227042257,2211900,Fresh Shorts
2026-08-05T15:08:31.429006+05:30,BANKNIFTY26AUGFUT,58107.5,58175.0,57885.0,558240.0,57815.8,57983.16207179268,57788.264997695296,2211870,Fresh Longs
2026-08-05T15:09:01.524271+05:30,BANKNIFTY26AUGFUT,58107.5,58175.0,57885.0,558240.0,57825.0,57983.00847578348,57789.93772496802,2211870,Fresh Longs
2026-08-05T15:09:31.658351+05:30,BANKNIFTY26AUGFUT,58107.5,58175.0,57885.0,558240.0,57829.0,57982.89843947401,57790.66499769529,2211630,Fresh Longs
2026-08-05T15:10:00.678705+05:30,BANKNIFTY26AUGFUT,58107.5,58175.0,57885.0,562350.0,57815.0,57982.7924495421,57788.11954314984,2211630,Fresh Longs
2026-08-05T15:10:30.806668+05:30,BANKNIFTY26AUGFUT,58107.5,58175.0,57885.0,562350.0,57825.0,57982.62368594014,57794.825080758965,2212020,Fresh Longs
2026-08-05T15:11:00.850234+05:30,BANKNIFTY26AUGFUT,58107.5,58175.0,57885.0,562350.0,57825.0,57982.39550139251,57794.825080758965,2212020,Fresh Longs
2026-08-05T15:11:30.887535+05:30,BANKNIFTY26AUGFUT,58107.5,58175.0,57885.0,562350.0,57822.6,57982.36174869203,57794.388717122594,2211720,Fresh Longs
2026-08-05T15:12:01.070454+05:30,BANKNIFTY26AUGFUT,58107.5,58175.0,57885.0,562350.0,57830.0,57981.98469568294,57795.73417166805,2211720,Fresh Longs
2026-08-05T15:12:31.183834+05:30,BANKNIFTY26AUGFUT,58107.5,58175.0,57885.0,562350.0,57830.0,57981.89371739784,57795.73417166805,2209980,Short Covering
2026-08-05T15:13:01.354307+05:30,BANKNIFTY26AUGFUT,58107.5,58175.0,57885.0,562350.0,57830.4,57981.69991346578,57795.80689894078,2209980,Short Covering
2026-08-05T15:13:31.489415+05:30,BANKNIFTY26AUGFUT,58107.5,58175.0,57885.0,562350.0,57840.0,57981.5687733785,57797.55235348624,2209860,Short Covering
2026-08-05T15:14:01.636446+05:30,BANKNIFTY26AUGFUT,58107.5,58175.0,57885.0,562350.0,57843.0,57981.138137948015,57798.097808031685,2209860,Short Covering
2026-08-05T15:14:31.852233+05:30,BANKNIFTY26AUGFUT,58107.5,58175.0,57885.0,562350.0,57856.0,57980.87643569222,57800.461444395325,2209350,Short Covering
2026-08-05T15:15:00.920675+05:30,BANKNIFTY26AUGFUT,58107.5,58175.0,57880.0,570180.0,57856.0,57980.78496615104,57800.461444395325,2209350,Short Covering
2026-08-05T15:15:31.044757+05:30,BANKNIFTY26AUGFUT,58107.5,58175.0,57880.0,570180.0,57856.0,57980.445968447195,57810.55936359618,2209140,Flat
2026-08-05T15:16:01.291274+05:30,BANKNIFTY26AUGFUT,58107.5,58175.0,57880.0,570180.0,57859.0,57980.211723836954,57811.104818141626,2209140,Short Covering
2026-08-05T15:16:31.467580+05:30,BANKNIFTY26AUGFUT,58107.5,58175.0,57880.0,570180.0,57839.4,57979.76679191455,57807.541181778,2208870,Long Liquidation
2026-08-05T15:17:01.519417+05:30,BANKNIFTY26AUGFUT,58107.5,58175.0,57880.0,570180.0,57854.4,57979.54619218812,57810.26845450527,2208870,Long Liquidation
2026-08-05T15:17:31.789848+05:30,BANKNIFTY26AUGFUT,58107.5,58175.0,57880.0,570180.0,57855.0,57979.47562313407,57810.377545414354,2208630,Long Liquidation
2026-08-05T15:18:01.977579+05:30,BANKNIFTY26AUGFUT,58107.5,58175.0,57880.0,570180.0,57860.0,57979.37906585497,57811.28663632345,2208630,Short Covering
2026-08-05T15:18:32.167766+05:30,BANKNIFTY26AUGFUT,58107.5,58175.0,57880.0,570180.0,57842.8,57979.32569130216,57808.159363596176,2208600,Long Liquidation
2026-08-05T15:19:02.246285+05:30,BANKNIFTY26AUGFUT,58107.5,58175.0,57880.0,570180.0,57842.8,57979.28469124248,57808.159363596176,2208600,Long Liquidation
2026-08-05T15:19:33.247603+05:30,BANKNIFTY26AUGFUT,58107.5,58175.0,57880.0,570180.0,57846.0,57979.23611573112,57808.741181777994,2208570,Long Liquidation
2026-08-05T15:20:41.311703+05:30,BANKNIFTY26AUGFUT,58107.5,58175.0,57870.0,578100.0,57835,57978.94806631745,57812.77196148987,2208180,Flat
2026-08-05T15:21:11.471356+05:30,BANKNIFTY26AUGFUT,58107.5,58175.0,57870.0,578100.0,57840.0,57978.92594897324,57813.68105239896,2208030,Long Liquidation
2026-08-05T15:21:41.590251+05:30,BANKNIFTY26AUGFUT,58107.5,58175.0,57870.0,578100.0,57841.4,57978.774213934215,57813.93559785351,2208030,Long Liquidation
2026-08-05T15:22:11.702972+05:30,BANKNIFTY26AUGFUT,58107.5,58175.0,57870.0,578100.0,57840.0,57978.1021083561,57813.68105239896,2206110,Long Liquidation
2026-08-05T15:22:41.875069+05:30,BANKNIFTY26AUGFUT,58107.5,58175.0,57870.0,578100.0,57840.2,57978.02419371458,57813.717416035324,2206110,Long Liquidation
2026-08-05T15:23:12.063733+05:30,BANKNIFTY26AUGFUT,58107.5,58175.0,57870.0,578100.0,57842.0,57977.996250128774,57814.044688762595,2204820,Long Liquidation
2026-08-05T15:23:42.095948+05:30,BANKNIFTY26AUGFUT,58107.5,58175.0,57870.0,578100.0,57844.0,57977.97540299737,57814.408325126235,2204820,Short Covering
2026-08-05T15:24:12.212616+05:30,BANKNIFTY26AUGFUT,58107.5,58175.0,57870.0,578100.0,57839.6,57977.85502727179,57813.60832512623,2204970,Long Liquidation
2026-08-05T15:24:42.344903+05:30,BANKNIFTY26AUGFUT,58107.5,58175.0,57870.0,578100.0,57832.0,57977.78961065679,57812.22650694442,2204970,Long Liquidation
2026-08-05T15:25:00.390263+05:30,BANKNIFTY26AUGFUT,58107.5,58175.0,57865.0,583410.0,57832.0,57977.760168663546,57812.22650694442,2204970,Long Liquidation
2026-08-05T15:25:30.447589+05:30,BANKNIFTY26AUGFUT,58107.5,58175.0,57865.0,583410.0,57830.0,57977.57074774035,57815.458051136346,2205090,Fresh Shorts
2026-08-05T15:26:00.543108+05:30,BANKNIFTY26AUGFUT,58107.5,58175.0,57865.0,583410.0,57828.0,57977.5251873909,57815.094414772706,2205090,Fresh Shorts
2026-08-05T15:26:30.690654+05:30,BANKNIFTY26AUGFUT,58107.5,58175.0,57865.0,583410.0,57818.4,57977.398563660616,57813.34896022725,2205540,Fresh Shorts
2026-08-05T15:27:00.823662+05:30,BANKNIFTY26AUGFUT,58107.5,58175.0,57865.0,583410.0,57826.6,57977.22057798729,57814.83986931816,2205540,Fresh Shorts
2026-08-05T15:27:31.034113+05:30,BANKNIFTY26AUGFUT,58107.5,58175.0,57865.0,583410.0,57825.0,57977.09588367807,57814.54896022725,2204130,Long Liquidation
2026-08-05T15:28:01.162611+05:30,BANKNIFTY26AUGFUT,58107.5,58175.0,57865.0,583410.0,57830.0,57976.99599897672,57815.458051136346,2204130,Long Liquidation
2026-08-05T15:28:31.180022+05:30,BANKNIFTY26AUGFUT,58107.5,58175.0,57865.0,583410.0,57839.0,57976.79210176765,57817.094414772706,2203860,Short Covering
2026-08-05T15:29:01.267648+05:30,BANKNIFTY26AUGFUT,58107.5,58175.0,57865.0,583410.0,57830.8,57976.73984985445,57815.6035056818,2203860,Long Liquidation
2026-08-05T15:29:31.466815+05:30,BANKNIFTY26AUGFUT,58107.5,58175.0,57865.0,583410.0,57823.6,57975.684462474645,57814.2944147727,2203200,Long Liquidation
2026-08-05T15:30:00.734131+05:30,BANKNIFTY26AUGFUT,58107.5,58175.0,57860.0,595230.0,57819.2,57974.75384305227,57813.49441477271,2203200,Long Liquidation
2026-08-05T15:30:30.805012+05:30,BANKNIFTY26AUGFUT,58107.5,58175.0,57860.0,595230.0,57820.2,57974.437610018605,57814.71361208676,2196750,Short Covering
2026-08-05T15:31:00.902431+05:30,BANKNIFTY26AUGFUT,58107.5,58175.0,57860.0,595230.0,57819.8,57974.39095982704,57814.640884814035,2196750,Short Covering
2026-08-05T15:31:30.962333+05:30,BANKNIFTY26AUGFUT,58107.5,58175.0,57860.0,595230.0,57830.0,57974.37644160676,57816.49543026858,2196570,Short Covering
2026-08-05T15:32:01.059638+05:30,BANKNIFTY26AUGFUT,58107.5,58175.0,57860.0,595230.0,57830.0,57974.32081009096,57816.49543026858,2196570,Short Covering
2026-08-05T15:32:31.136602+05:30,BANKNIFTY26AUGFUT,58107.5,58175.0,57860.0,595230.0,57830.0,57974.2096213719,57816.49543026858,2196570,Short Covering
2026-08-05T15:33:01.203829+05:30,BANKNIFTY26AUGFUT,58107.5,58175.0,57860.0,595230.0,57840.0,57974.13189460477,57818.313612086764,2196570,Short Covering
2026-08-05T15:33:31.223426+05:30,BANKNIFTY26AUGFUT,58107.5,58175.0,57860.0,595230.0,57821.6,57974.01409086351,57814.968157541305,2196030,Short Covering
2026-08-05T15:34:01.301986+05:30,BANKNIFTY26AUGFUT,58107.5,58175.0,57860.0,595230.0,57838.0,57973.85655897821,57817.949975723124,2196030,Short Covering
2026-08-05T15:34:31.475930+05:30,BANKNIFTY26AUGFUT,58107.5,58175.0,57860.0,595230.0,57838.0,57973.84295086894,57817.949975723124,2195850,Short Covering
2026-08-05T15:35:00.537727+05:30,BANKNIFTY26AUGFUT,58107.5,58175.0,57855.0,599160.0,57821.0,57973.80483677148,57814.85906663221,2195850,Short Covering
2026-08-05T15:35:31.513537+05:30,BANKNIFTY26AUGFUT,58107.5,58175.0,57855.0,599160.0,57838.0,57973.72862933493,57819.06650906272,2195820,Short Covering
2026-08-05T15:36:01.709948+05:30,BANKNIFTY26AUGFUT,58107.5,58175.0,57855.0,599160.0,57821.2,57973.669351208046,57816.01196360817,2195820,Short Covering
2026-08-05T15:36:31.785432+05:30,BANKNIFTY26AUGFUT,58107.5,58175.0,57855.0,599160.0,57835.0,57973.518294937785,57818.52105451727,2195970,Fresh Longs
2026-08-05T15:37:01.871701+05:30,BANKNIFTY26AUGFUT,58107.5,58175.0,57855.0,599160.0,57812.0,57973.47462656742,57814.33923633544,2195970,Fresh Shorts
2026-08-05T15:37:31.950156+05:30,BANKNIFTY26AUGFUT,58107.5,58175.0,57855.0,599160.0,57802.0,57973.33560946391,57812.52105451727,2196000,Fresh Shorts
2026-08-05T15:38:01.970096+05:30,BANKNIFTY26AUGFUT,58107.5,58175.0,57855.0,599160.0,57810.0,57973.327456950334,57813.97559997181,2196000,Fresh Shorts
2026-08-05T15:38:32.047887+05:30,BANKNIFTY26AUGFUT,58107.5,58175.0,57855.0,599160.0,57801.0,57973.25122729994,57812.33923633544,2195850,Flat
2026-08-05T15:39:02.087447+05:30,BANKNIFTY26AUGFUT,58107.5,58175.0,57855.0,599160.0,57790.0,57972.97318057285,57810.33923633544,2195850,Flat
2026-08-05T15:39:32.258130+05:30,BANKNIFTY26AUGFUT,58107.5,58175.0,57855.0,599160.0,57790.0,57972.74651741293,57810.33923633544,2195280,Long Liquidation
2026-08-05T15:40:00.349654+05:30,BANKNIFTY26AUGFUT,58107.5,58175.0,57850.0,604680.0,57800.0,57972.22444929549,57812.15741815363,2195280,Long Liquidation
2026-08-05T15:40:30.389212+05:30,BANKNIFTY26AUGFUT,58107.5,58175.0,57850.0,604680.0,57803.0,57972.14390280189,57810.492433034786,2194020,Short Covering
2026-08-05T15:41:01.389395+05:30,BANKNIFTY26AUGFUT,58107.5,58175.0,57850.0,604680.0,57803.0,57972.14390280189,57810.492433034786,2194020,Short Covering
2026-08-05T15:41:31.435419+05:30,BANKNIFTY26AUGFUT,58107.5,58175.0,57850.0,604680.0,57803.0,57972.14390280189,57810.492433034786,2194020,Short Covering
2026-08-05T15:42:01.494503+05:30,BANKNIFTY26AUGFUT,58107.5,58175.0,57850.0,604680.0,57803.0,57972.14390280189,57810.492433034786,2194020,Short Covering
2026-08-06T09:30:53.704735+05:30,BANKNIFTY26AUGFUT,57932.5,57975.0,57875.0,56220.0,57991.6,57949.43621268327,57902.29097783429,2148270,Short Covering
2026-08-06T09:31:23.828939+05:30,BANKNIFTY26AUGFUT,57932.5,57975.0,57875.0,56220.0,57980.6,57949.75137502189,57900.29097783429,2148270,Short Covering
2026-08-06T09:31:53.950072+05:30,BANKNIFTY26AUGFUT,57932.5,57975.0,57875.0,56220.0,57990.2,57950.28717150761,57902.03643237975,2147700,Short Covering
2026-08-06T09:32:24.079812+05:30,BANKNIFTY26AUGFUT,57932.5,57975.0,57875.0,56220.0,58000.0,57950.51763896059,57903.81825056156,2147700,Short Covering
2026-08-06T09:32:54.081746+05:30,BANKNIFTY26AUGFUT,57932.5,57975.0,57875.0,56220.0,58000.0,57950.75249828884,57903.81825056156,2147670,Short Covering
2026-08-06T09:33:24.158373+05:30,BANKNIFTY26AUGFUT,57932.5,57975.0,57875.0,56220.0,57998.0,57951.54416583083,57903.45461419793,2147670,Short Covering
2026-08-06T09:33:54.283193+05:30,BANKNIFTY26AUGFUT,57932.5,57975.0,57875.0,56220.0,57982.4,57951.85865209472,57900.618250561565,2148150,Short Covering
2026-08-06T09:34:24.461066+05:30,BANKNIFTY26AUGFUT,57932.5,57975.0,57875.0,56220.0,57972.2,57952.09717291256,57898.76370510702,2148150,Long Liquidation
2026-08-06T09:34:54.535335+05:30,BANKNIFTY26AUGFUT,57932.5,57975.0,57875.0,56220.0,57973.2,57952.53067056341,57898.945523288836,2147520,Long Liquidation
2026-08-06T09:35:00.563749+05:30,BANKNIFTY26AUGFUT,57957.5,58005.0,57910.0,61800.0,57960.0,57952.58430420712,57896.545523288834,2147520,Long Liquidation
2026-08-06T09:35:30.626696+05:30,BANKNIFTY26AUGFUT,57957.5,58005.0,57910.0,61800.0,57951.4,57952.906918238994,57906.51906450905,2147520,Flat
2026-08-06T09:36:00.777580+05:30,BANKNIFTY26AUGFUT,57957.5,58005.0,57910.0,61800.0,57988.0,57953.10845026505,57913.17360996359,2146620,Short Covering
2026-08-06T09:36:31.000050+05:30,BANKNIFTY26AUGFUT,57957.5,58005.0,57910.0,61800.0,57995.0,57953.43663746734,57914.44633723632,2146050,Short Covering
2026-08-06T09:37:01.133567+05:30,BANKNIFTY26AUGFUT,57957.5,58005.0,57910.0,61800.0,57997.8,57953.59516153728,57914.95542814541,2146050,Short Covering
2026-08-06T09:37:31.212009+05:30,BANKNIFTY26AUGFUT,57957.5,58005.0,57910.0,61800.0,57990.0,57954.20669971459,57913.53724632723,2146050,Short Covering
2026-08-06T09:38:01.408751+05:30,BANKNIFTY26AUGFUT,57957.5,58005.0,57910.0,61800.0,57981.2,57954.523860430585,57911.93724632723,2145000,Short Covering
2026-08-06T09:38:31.571217+05:30,BANKNIFTY26AUGFUT,57957.5,58005.0,57910.0,61800.0,57985.0,57954.58038518519,57912.62815541814,2145060,Short Covering
2026-08-06T09:39:01.730650+05:30,BANKNIFTY26AUGFUT,57957.5,58005.0,57910.0,61800.0,57998.0,57954.8755027154,57914.99179178177,2145060,Short Covering
2026-08-06T09:39:31.941721+05:30,BANKNIFTY26AUGFUT,57957.5,58005.0,57910.0,61800.0,58018.0,57956.7152465734,57918.62815541814,2143440,Short Covering
2026-08-06T09:40:00.075377+05:30,BANKNIFTY26AUGFUT,57957.5,58020.0,57930.0,71580.0,58018.8,57957.44495669181,57918.773609963595,2143440,Short Covering
2026-08-06T09:40:30.094950+05:30,BANKNIFTY26AUGFUT,57957.5,58020.0,57930.0,71580.0,58019.8,57957.59726867336,57937.14204451567,2143440,Flat
2026-08-06T09:41:00.177570+05:30,BANKNIFTY26AUGFUT,57957.5,58020.0,57930.0,71580.0,58018.8,57957.92227304227,57936.96022633385,2142780,Flat
2026-08-06T09:41:30.269197+05:30,BANKNIFTY26AUGFUT,57957.5,58020.0,57930.0,71580.0,58015.2,57958.04641770401,57936.305680879304,2142780,Long Liquidation
2026-08-06T09:42:00.326453+05:30,BANKNIFTY26AUGFUT,57957.5,58020.0,57930.0,71580.0,58017.2,57958.215997793406,57936.669317242944,2142810,Long Liquidation
2026-08-06T09:42:30.499859+05:30,BANKNIFTY26AUGFUT,57957.5,58020.0,57930.0,71580.0,58020.0,57958.907845545094,57937.17840815203,2142810,Short Covering
2026-08-06T09:43:00.665242+05:30,BANKNIFTY26AUGFUT,57957.5,58020.0,57930.0,71580.0,58025.6,57959.68959849097,57938.19658997021,2142750,Short Covering
2026-08-06T09:43:30.812861+05:30,BANKNIFTY26AUGFUT,57957.5,58020.0,57930.0,71580.0,58024.8,57959.91762652705,57938.05113542476,2142750,Short Covering
2026-08-06T09:44:00.956097+05:30,BANKNIFTY26AUGFUT,57957.5,58020.0,57930.0,71580.0,58020.4,57960.09416331995,57937.25113542476,2142870,Short Covering
2026-08-06T09:44:31.119165+05:30,BANKNIFTY26AUGFUT,57957.5,58020.0,57930.0,71580.0,58026.0,57960.3260770975,57938.26931724294,2142870,Short Covering
2026-08-06T09:48:42.962169+05:30,BANKNIFTY26AUGFUT,57947.5,58025.0,57930.0,76200.0,58050.8,57967.13289949385,57958.2386552321,2141610,Short Covering
2026-08-06T09:49:13.138427+05:30,BANKNIFTY26AUGFUT,57947.5,58025.0,57930.0,76200.0,58058.0,57968.97720353982,57959.54774614119,2141610,Short Covering
2026-08-06T09:49:43.348742+05:30,BANKNIFTY26AUGFUT,57947.5,58025.0,57930.0,76200.0,58060.0,57970.232332402236,57959.911382504826,2140290,Short Covering
2026-08-06T09:50:00.521087+05:30,BANKNIFTY26AUGFUT,57947.5,58040.0,57930.0,86340.0,58050.2,57970.62654621265,57958.129564323004,2140290,Short Covering
2026-08-06T09:50:30.637973+05:30,BANKNIFTY26AUGFUT,57947.5,58040.0,57930.0,86340.0,58060.0,57971.01556554825,57976.65146171882,2140290,Flat
2026-08-06T09:51:00.852691+05:30,BANKNIFTY26AUGFUT,57947.5,58040.0,57930.0,86820.0,58064.0,57973.46817822899,57978.83658568576,2140320,Fresh Longs
2026-08-06T09:51:30.950270+05:30,BANKNIFTY26AUGFUT,57947.5,58040.0,57930.0,86820.0,58058.0,57973.75192804947,57977.74567659486,2140320,Fresh Shorts
2026-08-06T09:52:01.054193+05:30,BANKNIFTY26AUGFUT,57947.5,58040.0,57930.0,86820.0,58050.0,57974.11026071389,57976.291131140315,2140230,Long Liquidation
2026-08-06T09:52:31.106029+05:30,BANKNIFTY26AUGFUT,57947.5,58040.0,57930.0,86820.0,58059.0,57975.003671754035,57977.927494776675,2140230,Long Liquidation
2026-08-06T09:53:01.270065+05:30,BANKNIFTY26AUGFUT,57947.5,58040.0,57930.0,86820.0,58061.8,57976.35183371422,57978.43658568577,2139360,Short Covering
2026-08-06T09:53:31.335208+05:30,BANKNIFTY26AUGFUT,57947.5,58040.0,57930.0,86820.0,58050.0,57977.86720034155,57976.291131140315,2139360,Long Liquidation
2026-08-06T09:54:01.407212+05:30,BANKNIFTY26AUGFUT,57947.5,58040.0,57930.0,86820.0,58046.6,57978.34626802375,57975.67294932213,2137980,Long Liquidation
2026-08-06T09:55:03.018238+05:30,BANKNIFTY26AUGFUT,57947.5,58050.0,57930.0,95040.0,58051.8,57978.76792929293,57990.763818040425,2137860,Flat
2026-08-06T09:55:33.022313+05:30,BANKNIFTY26AUGFUT,57947.5,58050.0,57930.0,95040.0,58044.2,57979.8302615193,57989.381999858604,2137860,Flat
2026-08-06T09:56:03.115533+05:30,BANKNIFTY26AUGFUT,57947.5,58050.0,57930.0,95040.0,58043.0,57980.26889301175,57989.16381804042,2136960,Long Liquidation
2026-08-06T09:56:33.228046+05:30,BANKNIFTY26AUGFUT,57947.5,58050.0,57930.0,95040.0,58037.6,57980.78731228931,57988.1819998586,2136960,Long Liquidation
2026-08-06T09:57:03.355798+05:30,BANKNIFTY26AUGFUT,57947.5,58050.0,57930.0,95040.0,58034.0,57981.349515151516,57987.52745440406,2136990,Long Liquidation
2026-08-06T09:57:33.461767+05:30,BANKNIFTY26AUGFUT,57947.5,58050.0,57930.0,95040.0,58017.0,57981.73703481392,57984.43654531315,2136990,Long Liquidation
2026-08-06T09:58:03.490876+05:30,BANKNIFTY26AUGFUT,57947.5,58050.0,57930.0,95040.0,58028.0,57982.03798749628,57986.43654531315,2136000,Long Liquidation
2026-08-06T09:58:34.396232+05:30,BANKNIFTY26AUGFUT,57947.5,58050.0,57930.0,95040.0,58024.2,57982.1713268032,57985.74563622224,2136000,Long Liquidation
2026-08-06T09:59:04.445973+05:30,BANKNIFTY26AUGFUT,57947.5,58050.0,57930.0,95040.0,58029.0,57982.34322885866,57986.61836349496,2135520,Long Liquidation
2026-08-06T09:59:34.551837+05:30,BANKNIFTY26AUGFUT,57947.5,58050.0,57930.0,95040.0,58018.2,57982.413046044865,57984.65472713133,2135520,Long Liquidation
2026-08-06T10:00:12.116291+05:30,BANKNIFTY26AUGFUT,57947.5,58050.0,57930.0,102660.0,,57982.17636859536,57981.86133870158,2135340,Long Liquidation
2026-08-06T10:00:42.195810+05:30,BANKNIFTY26AUGFUT,57947.5,58050.0,57930.0,103560.0,57990.4,57981.9589565887,57981.53944240873,2134710,Flat
2026-08-06T10:01:13.110636+05:30,BANKNIFTY26AUGFUT,57947.5,58050.0,57930.0,103560.0,57975.6,57981.94742671632,57978.84853331782,2134710,Long Liquidation
2026-08-06T10:01:43.181199+05:30,BANKNIFTY26AUGFUT,57947.5,58050.0,57930.0,103560.0,57970.0,57981.928850902186,57977.83035149964,2134710,Long Liquidation
2026-08-06T10:02:13.261401+05:30,BANKNIFTY26AUGFUT,57947.5,58050.0,57930.0,103560.0,57990.0,57981.922357838965,57981.466715136004,2134110,Long Liquidation
2026-08-06T10:02:43.412447+05:30,BANKNIFTY26AUGFUT,57947.5,58050.0,57930.0,103560.0,57995.2,57981.97004147813,57982.412169681455,2134140,Short Covering
2026-08-06T10:03:13.573476+05:30,BANKNIFTY26AUGFUT,57947.5,58050.0,57930.0,103560.0,57977.2,57981.99410494696,57979.13944240873,2134140,Long Liquidation
2026-08-06T10:03:43.728881+05:30,BANKNIFTY26AUGFUT,57947.5,58050.0,57930.0,103560.0,57985.0,57981.98511854559,57980.55762422691,2133930,Long Liquidation
2026-08-06T10:04:13.857785+05:30,BANKNIFTY26AUGFUT,57947.5,58050.0,57930.0,103560.0,57961.4,57981.917770944,57976.266715136,2133930,Long Liquidation
2026-08-06T10:04:44.041971+05:30,BANKNIFTY26AUGFUT,57947.5,58050.0,57930.0,103560.0,57954.0,57981.80168893838,57974.92126059055,2133720,Long Liquidation
2026-08-06T10:05:00.002197+05:30,BANKNIFTY26AUGFUT,57952.5,58050.0,57930.0,107940.0,57950.2,57981.75365944043,57974.23035149964,2133720,Long Liquidation
2026-08-06T10:05:30.102408+05:30,BANKNIFTY26AUGFUT,57952.5,58050.0,57930.0,107940.0,57970.0,57981.69965788257,57973.46119668152,2133720,Flat
2026-08-06T10:06:00.160062+05:30,BANKNIFTY26AUGFUT,57952.5,58050.0,57930.0,107940.0,57951.2,57981.66662972199,57970.04301486334,2133630,Short Covering
2026-08-06T10:06:30.342778+05:30,BANKNIFTY26AUGFUT,57952.5,58050.0,57930.0,107940.0,57951.6,57981.54890054283,57970.11574213607,2133630,Short Covering
2026-08-06T10:07:00.484369+05:30,BANKNIFTY26AUGFUT,57952.5,58050.0,57930.0,107940.0,57955.0,57980.836327668374,57970.73392395425,2134680,Fresh Longs
2026-08-06T10:07:38.810683+05:30,BANKNIFTY26AUGFUT,57952.5,58050.0,57930.0,108090.0,57980.0,57980.84805241429,57975.487642962515,2134680,Fresh Longs
2026-08-06T10:08:09.000398+05:30,BANKNIFTY26AUGFUT,57952.5,58050.0,57930.0,108090.0,57975.0,57980.84297091723,57974.57855205343,2135640,Fresh Longs
2026-08-06T10:08:39.264595+05:30,BANKNIFTY26AUGFUT,57952.5,58050.0,57930.0,108090.0,57992.0,57980.84381309747,57977.66946114433,2135640,Fresh Longs
2026-08-06T10:09:09.404810+05:30,BANKNIFTY26AUGFUT,57952.5,58050.0,57930.0,108090.0,57990.0,57980.88830799324,57977.3058247807,2135460,Fresh Longs
2026-08-06T10:09:39.571821+05:30,BANKNIFTY26AUGFUT,57952.5,58050.0,57930.0,108090.0,57973.0,57980.88103983675,57974.21491568979,2135460,Fresh Longs
2026-08-06T10:10:00.667359+05:30,BANKNIFTY26AUGFUT,57952.5,58045.0,57930.0,112740.0,57975.0,57980.87947489799,57974.57855205343,2135880,Fresh Longs
2026-08-06T10:10:30.742597+05:30,BANKNIFTY26AUGFUT,57952.5,58045.0,57930.0,112740.0,57990.0,57980.88488877071,57977.382451680074,2135880,Flat
2026-08-06T10:11:00.893507+05:30,BANKNIFTY26AUGFUT,57952.5,58045.0,57930.0,112740.0,57987.8,57980.931796095065,57976.98245168008,2135730,Short Covering
2026-08-06T10:11:31.075372+05:30,BANKNIFTY26AUGFUT,57952.5,58045.0,57930.0,112740.0,58000.0,57980.94694562147,57979.20063349826,2135730,Short Covering
2026-08-06T10:12:01.137535+05:30,BANKNIFTY26AUGFUT,57952.5,58045.0,57930.0,112740.0,58000.2,57980.95708487736,57979.23699713462,2135640,Short Covering
2026-08-06T10:12:31.179767+05:30,BANKNIFTY26AUGFUT,57952.5,58045.0,57930.0,112740.0,58005.0,57980.982513661205,57980.109724407346,2135640,Short Covering
2026-08-06T10:13:01.240048+05:30,BANKNIFTY26AUGFUT,57952.5,58045.0,57930.0,112740.0,58010.0,57981.015016283774,57981.01881531644,2135580,Short Covering
2026-08-06T10:13:31.353845+05:30,BANKNIFTY26AUGFUT,57952.5,58045.0,57930.0,112740.0,58010.0,57981.13871363477,57981.01881531644,2135580,Short Covering
2026-08-06T10:17:07.289151+05:30,BANKNIFTY26AUGFUT,57952.5,58045.0,57930.0,116070.0,58000.2,57982.090284929625,57988.282111104134,2135010,Fresh Shorts
2026-08-06T10:17:37.398676+05:30,BANKNIFTY26AUGFUT,57952.5,58045.0,57930.0,116070.0,57995.2,57982.23273596177,57987.37302019504,2135010,Fresh Shorts
2026-08-06T10:18:07.470991+05:30,BANKNIFTY26AUGFUT,57952.5,58045.0,57930.0,116070.0,58014.0,57982.24899351757,57990.79120201322,2135070,Fresh Shorts
2026-08-06T10:18:37.739965+05:30,BANKNIFTY26AUGFUT,57952.5,58045.0,57930.0,116070.0,58015.8,57982.377545647556,57991.1184747405,2135070,Fresh Shorts
2026-08-06T10:19:07.862486+05:30,BANKNIFTY26AUGFUT,57952.5,58045.0,57930.0,116070.0,58015.4,57982.539074636945,57991.04574746777,2135700,Fresh Shorts
2026-08-06T10:19:37.963250+05:30,BANKNIFTY26AUGFUT,57952.5,58045.0,57930.0,116070.0,58019.0,57982.57314439946,57991.700292922316,2135700,Fresh Shorts
2026-08-06T10:20:00.127220+05:30,BANKNIFTY26AUGFUT,57952.5,58045.0,57930.0,118620.0,58008.2,57982.586562131175,57989.73665655868,2135550,Fresh Shorts
2026-08-06T10:20:26.012286+05:30,BANKNIFTY26AUGFUT,57952.5,58045.0,57930.0,118800.0,57999.0,57982.47964318775,57988.8919752009,2135550,Flat
2026-08-06T10:20:56.231710+05:30,BANKNIFTY26AUGFUT,57952.5,58045.0,57930.0,118800.0,58000.0,57982.49731820093,57989.07379338272,2135640,Fresh Longs
2026-08-06T10:21:26.402079+05:30,BANKNIFTY26AUGFUT,57952.5,58045.0,57930.0,118800.0,58010.0,57982.539473242745,57990.8919752009,2135640,Fresh Longs
2026-08-06T10:21:56.541531+05:30,BANKNIFTY26AUGFUT,57952.5,58045.0,57930.0,118800.0,58010.0,57982.584388609714,57990.8919752009,2135460,Short Covering
2026-08-06T10:22:26.631035+05:30,BANKNIFTY26AUGFUT,57952.5,58045.0,57930.0,118800.0,58020.0,57982.64370872001,57992.71015701908,2135460,Short Covering
2026-08-06T10:22:56.667654+05:30,BANKNIFTY26AUGFUT,57952.5,58045.0,57930.0,118800.0,58020.0,57982.65307589435,57992.71015701908,2135460,Short Covering
2026-08-06T10:23:26.701838+05:30,BANKNIFTY26AUGFUT,57952.5,58045.0,57930.0,118800.0,58020.0,57982.65307589435,57992.71015701908,2135460,Short Covering
2026-08-06T10:23:56.780067+05:30,BANKNIFTY26AUGFUT,57952.5,58045.0,57930.0,118800.0,58020.0,57982.82658343737,57992.71015701908,2135310,Short Covering
2026-08-06T10:24:26.985283+05:30,BANKNIFTY26AUGFUT,57952.5,58045.0,57930.0,118800.0,58037.4,57983.1159262017,57995.87379338272,2134890,Short Covering
2026-08-06T10:24:57.024952+05:30,BANKNIFTY26AUGFUT,57952.5,58045.0,57930.0,118800.0,58049.6,57983.48499054198,57998.0919752009,2134020,Short Covering
2026-08-06T10:25:00.021729+05:30,BANKNIFTY26AUGFUT,57952.5,58045.0,57930.0,121590.0,58049.6,57983.48499054198,57998.0919752009,2134020,Short Covering
2026-08-06T10:25:30.092812+05:30,BANKNIFTY26AUGFUT,57952.5,58045.0,57930.0,121590.0,58050.0,57983.90896461551,58007.52979789164,2134020,Flat
2026-08-06T10:26:00.164504+05:30,BANKNIFTY26AUGFUT,57952.5,58045.0,57930.0,121590.0,58031.8,57984.24305420318,58004.22070698255,2133780,Long Liquidation
2026-08-06T10:26:30.347729+05:30,BANKNIFTY26AUGFUT,57952.5,58045.0,57930.0,121590.0,58030.0,57984.27693180897,58003.89343425528,2133780,Long Liquidation
2026-08-06T10:27:00.517411+05:30,BANKNIFTY26AUGFUT,57952.5,58045.0,57930.0,121590.0,58031.8,57984.30594717226,58004.22070698255,2133720,Long Liquidation
2026-08-06T10:27:30.683853+05:30,BANKNIFTY26AUGFUT,57952.5,58045.0,57930.0,121590.0,58041.0,57984.355868544604,58005.89343425528,2133720,Long Liquidation
2026-08-06T10:28:00.700100+05:30,BANKNIFTY26AUGFUT,57952.5,58045.0,57930.0,121590.0,58050.0,57984.63250342438,58007.52979789164,2133510,Short Covering
2026-08-06T10:28:30.747149+05:30,BANKNIFTY26AUGFUT,57952.5,58045.0,57930.0,121590.0,58049.6,57984.99073940559,58007.45707061892,2133510,Flat
2026-08-06T10:29:00.886182+05:30,BANKNIFTY26AUGFUT,57952.5,58045.0,57930.0,121590.0,58054.0,57985.34231994901,58008.257070618914,2133000,Short Covering
2026-08-06T10:29:30.950271+05:30,BANKNIFTY26AUGFUT,57952.5,58045.0,57930.0,121590.0,58052.0,57985.582249742,58007.89343425528,2133000,Short Covering
2026-08-06T10:30:00.006657+05:30,BANKNIFTY26AUGFUT,57952.5,58045.0,57930.0,126360.0,58055.2,57985.792086103196,58008.4752524371,2132760,Short Covering
2026-08-06T10:30:30.272428+05:30,BANKNIFTY26AUGFUT,57952.5,58045.0,57930.0,126360.0,58055.0,57986.00029980276,58016.93429744853,2132760,Flat
2026-08-06T10:31:00.292106+05:30,BANKNIFTY26AUGFUT,57952.5,58045.0,57930.0,126360.0,58050.4,57986.10093752462,58016.097933812176,2132430,Long Liquidation
2026-08-06T10:31:30.457841+05:30,BANKNIFTY26AUGFUT,57952.5,58045.0,57930.0,126360.0,58058.0,57986.19656990009,58017.47975199399,2132430,Short Covering
2026-08-06T10:32:00.490206+05:30,BANKNIFTY26AUGFUT,57952.5,58045.0,57930.0,126360.0,58058.0,57986.382360326425,58017.47975199399,2132280,Short Covering
2026-08-06T10:32:30.577607+05:30,BANKNIFTY26AUGFUT,57952.5,58045.0,57930.0,126360.0,58065.0,57987.039063836404,58018.75247926672,2132280,Short Covering
2026-08-06T10:33:00.674351+05:30,BANKNIFTY26AUGFUT,57952.5,58045.0,57930.0,126360.0,58066.0,57987.59487417014,58018.93429744853,2131620,Short Covering
2026-08-06T10:33:30.714932+05:30,BANKNIFTY26AUGFUT,57952.5,58045.0,57930.0,126360.0,58080.0,57990.022937776776,58021.47975199399,2131620,Short Covering
2026-08-06T10:34:00.807912+05:30,BANKNIFTY26AUGFUT,57952.5,58045.0,57930.0,126360.0,58081.0,57991.45118994826,58021.661570175806,2132670,Short Covering
2026-08-06T10:34:30.885961+05:30,BANKNIFTY26AUGFUT,57952.5,58045.0,57930.0,126360.0,58059.0,57992.95247424176,58017.661570175806,2132670,Short Covering
2026-08-06T10:35:00.895327+05:30,BANKNIFTY26AUGFUT,58042.5,58065.0,57950.0,138360.0,58060.0,57993.24363978028,58017.84338835763,2134650,Fresh Longs
2026-08-06T10:35:30.988654+05:30,BANKNIFTY26AUGFUT,58042.5,58065.0,57950.0,138360.0,58040.2,57993.43609910688,58021.90822683806,2134650,Flat
2026-08-06T10:36:01.950229+05:30,BANKNIFTY26AUGFUT,58042.5,58065.0,57950.0,138360.0,58025.8,57993.674230053,58019.29004501988,2135400,Fresh Shorts
2026-08-06T10:36:32.108451+05:30,BANKNIFTY26AUGFUT,58042.5,58065.0,57950.0,138360.0,58044.2,57993.89429992893,58022.63549956533,2135400,Fresh Shorts
2026-08-06T10:37:02.201210+05:30,BANKNIFTY26AUGFUT,58042.5,58065.0,57950.0,138360.0,58050.0,57993.97399758711,58023.69004501988,2135820,Fresh Shorts
2026-08-06T10:37:32.329965+05:30,BANKNIFTY26AUGFUT,58042.5,58065.0,57950.0,138360.0,58056.0,57994.061621315195,58024.780954110785,2135820,Fresh Shorts
2026-08-06T10:38:02.401008+05:30,BANKNIFTY26AUGFUT,58042.5,58065.0,57950.0,138360.0,58050.0,57994.48727144866,58023.69004501988,2136480,Fresh Shorts
2026-08-06T10:38:32.515564+05:30,BANKNIFTY26AUGFUT,58042.5,58065.0,57950.0,138360.0,58044.2,57994.63203590715,58022.63549956533,2136480,Fresh Shorts
2026-08-06T10:39:02.564600+05:30,BANKNIFTY26AUGFUT,58042.5,58065.0,57950.0,138360.0,58044.2,57994.70843660295,58022.63549956533,2136570,Fresh Shorts
2026-08-06T10:39:32.681161+05:30,BANKNIFTY26AUGFUT,58042.5,58065.0,57950.0,138360.0,58056.0,57994.741029946825,58024.780954110785,2136570,Fresh Shorts
2026-08-06T10:40:00.737937+05:30,BANKNIFTY26AUGFUT,58042.5,58065.0,57950.0,143190.0,58065.0,57994.86668063412,58026.41731774715,2136390,Fresh Longs
2026-08-06T10:40:30.991484+05:30,BANKNIFTY26AUGFUT,58042.5,58065.0,57950.0,143190.0,58060.2,57994.908849804575,58032.559623611305,2136390,Flat
2026-08-06T10:40:56.753065+05:30,BANKNIFTY26AUGFUT,58042.5,58065.0,57950.0,143250.0,58060.0,57993.80069589422,58028.443292759584,2136390,Flat
2026-08-06T10:41:26.766551+05:30,BANKNIFTY26AUGFUT,58042.5,58065.0,57950.0,143250.0,58056.0,57993.80069589422,58027.71602003231,2136300,Long Liquidation
2026-08-06T10:41:56.956024+05:30,BANKNIFTY26AUGFUT,58042.5,58065.0,57950.0,143250.0,58040.0,57993.84803614877,58024.806929123224,2136180,Long Liquidation
2026-08-06T10:42:27.155186+05:30,BANKNIFTY26AUGFUT,58042.5,58065.0,57950.0,143250.0,58050.8,57994.09413067553,58026.77056548686,2136180,Long Liquidation
2026-08-06T10:42:57.250144+05:30,BANKNIFTY26AUGFUT,58042.5,58065.0,57950.0,143250.0,58050.0,57994.29136517125,58026.62511094141,2136180,Long Liquidation
2026-08-06T10:43:27.378345+05:30,BANKNIFTY26AUGFUT,58042.5,58065.0,57950.0,143250.0,58058.0,57994.36063046321,58028.07965639595,2136540,Fresh Shorts
2026-08-06T10:43:58.378464+05:30,BANKNIFTY26AUGFUT,58042.5,58065.0,57950.0,143250.0,58049.0,57994.558834019204,58026.443292759584,2136360,Long Liquidation
2026-08-06T10:44:28.548942+05:30,BANKNIFTY26AUGFUT,58042.5,58065.0,57950.0,143250.0,58050.0,57994.635415810386,58026.62511094141,2136360,Long Liquidation
2026-08-06T10:44:58.626564+05:30,BANKNIFTY26AUGFUT,58042.5,58065.0,57950.0,143250.0,58049.4,57994.66919969877,58026.516020032315,2136270,Long Liquidation
2026-08-06T10:45:00.626443+05:30,BANKNIFTY26AUGFUT,58042.5,58065.0,57955.0,146070.0,58049.4,57994.66919969877,58026.516020032315,2136270,Long Liquidation
2026-08-06T10:45:30.772407+05:30,BANKNIFTY26AUGFUT,58042.5,58065.0,57955.0,146070.0,58049.8,57994.70322933771,58030.74947093553,2136270,Flat
2026-08-06T11:06:15.225800+05:30,BANKNIFTY26AUGFUT,58042.5,58070.0,57955.0,162450.0,58090.0,58003.698801132596,58057.05340653569,2129460,Short Covering
2026-08-06T11:06:45.283520+05:30,BANKNIFTY26AUGFUT,58042.5,58070.0,57955.0,162450.0,58080.0,58003.86238576238,58055.23522471751,2129460,Long Liquidation
2026-08-06T11:07:15.333945+05:30,BANKNIFTY26AUGFUT,58042.5,58070.0,57955.0,162450.0,58080.0,58004.0338011275,58055.23522471751,2129520,Long Liquidation
2026-08-06T11:07:45.539901+05:30,BANKNIFTY26AUGFUT,58042.5,58070.0,57955.0,162450.0,58079.8,58004.27208079359,58055.198861081146,2129520,Long Liquidation
2026-08-06T11:08:15.594240+05:30,BANKNIFTY26AUGFUT,58042.5,58070.0,57955.0,162450.0,58074.6,58004.28468662245,58054.25340653569,2128800,Long Liquidation
2026-08-06T11:08:45.754342+05:30,BANKNIFTY26AUGFUT,58042.5,58070.0,57955.0,162450.0,58074.6,58004.372228189524,58054.25340653569,2128800,Long Liquidation
2026-08-06T11:09:16.686952+05:30,BANKNIFTY26AUGFUT,58042.5,58070.0,57955.0,162450.0,58072.2,58004.39632545932,58053.817042899325,2128740,Long Liquidation
2026-08-06T11:09:46.833514+05:30,BANKNIFTY26AUGFUT,58042.5,58070.0,57955.0,162450.0,58090.0,58004.65872421378,58057.05340653569,2128740,Short Covering
2026-08-06T11:10:00.935019+05:30,BANKNIFTY26AUGFUT,58042.5,58090.0,57965.0,168240.0,58095.0,58004.67483357109,58057.96249744478,2128740,Short Covering
2026-08-06T11:10:31.094952+05:30,BANKNIFTY26AUGFUT,58042.5,58090.0,57965.0,168240.0,58072.8,58004.78569817815,58060.660225182095,2128590,Long Liquidation
2026-08-06T11:11:01.181578+05:30,BANKNIFTY26AUGFUT,58042.5,58090.0,57965.0,168240.0,58090.0,58004.86133143636,58063.78749790937,2128350,Long Liquidation
2026-08-06T11:11:31.283991+05:30,BANKNIFTY26AUGFUT,58042.5,58090.0,57965.0,168240.0,58095.0,58004.909396847965,58064.69658881846,2128350,Flat
2026-08-06T11:12:01.362095+05:30,BANKNIFTY26AUGFUT,58042.5,58090.0,57965.0,168240.0,58095.0,58004.925407262606,58064.69658881846,2128350,Flat
2026-08-06T11:12:31.504745+05:30,BANKNIFTY26AUGFUT,58042.5,58090.0,57965.0,168240.0,58076.6,58005.003562340964,58061.351134273,2128410,Long Liquidation
2026-08-06T11:13:01.574444+05:30,BANKNIFTY26AUGFUT,58042.5,58090.0,57965.0,168240.0,58076.6,58005.04397918145,58061.351134273,2128230,Long Liquidation
2026-08-06T11:13:31.699433+05:30,BANKNIFTY26AUGFUT,58042.5,58090.0,57965.0,168240.0,58090.0,58005.05905032228,58063.78749790937,2128230,Long Liquidation
2026-08-06T11:14:01.847778+05:30,BANKNIFTY26AUGFUT,58042.5,58090.0,57965.0,168240.0,58090.0,58005.05905032228,58063.78749790937,2128230,Long Liquidation
2026-08-06T11:14:32.011580+05:30,BANKNIFTY26AUGFUT,58042.5,58090.0,57965.0,168240.0,58090.0,58005.132553468036,58063.78749790937,2128230,Long Liquidation
2026-08-06T11:15:00.192628+05:30,BANKNIFTY26AUGFUT,58042.5,58090.0,57965.0,169350.0,58090.0,58005.17673457337,58063.78749790937,2128230,Long Liquidation
2026-08-06T11:15:30.337637+05:30,BANKNIFTY26AUGFUT,58042.5,58090.0,57965.0,169350.0,58096.0,58005.47501177024,58069.6443164713,2128140,Short Covering
2026-08-06T11:16:00.360453+05:30,BANKNIFTY26AUGFUT,58042.5,58090.0,57965.0,169350.0,58090.4,58005.603149976494,58068.62613465312,2128140,Short Covering
2026-08-06T11:16:30.433859+05:30,BANKNIFTY26AUGFUT,58042.5,58090.0,57965.0,169350.0,58083.4,58005.69007866619,58067.35340738039,2127930,Long Liquidation
2026-08-06T11:17:00.543792+05:30,BANKNIFTY26AUGFUT,58042.5,58090.0,57965.0,169350.0,58091.0,58005.972874612366,58068.73522556221,2127900,Short Covering
2026-08-06T11:17:30.648897+05:30,BANKNIFTY26AUGFUT,58042.5,58090.0,57965.0,169350.0,58080.0,58006.21282006416,58066.73522556221,2127900,Long Liquidation
2026-08-06T11:18:00.772936+05:30,BANKNIFTY26AUGFUT,58042.5,58090.0,57965.0,169350.0,58085.8,58006.432152620255,58067.78977101676,2127900,Long Liquidation
2026-08-06T11:18:30.849585+05:30,BANKNIFTY26AUGFUT,58042.5,58090.0,57965.0,169350.0,58079.0,58006.77379174625,58066.553407380394,2127780,Long Liquidation
2026-08-06T11:19:01.090671+05:30,BANKNIFTY26AUGFUT,58042.5,58090.0,57965.0,169350.0,58071.6,58006.899092852604,58065.207952834935,2127660,Long Liquidation
2026-08-06T11:19:31.270819+05:30,BANKNIFTY26AUGFUT,58042.5,58090.0,57965.0,169350.0,58090.4,58007.19521095954,58068.62613465312,2127660,Short Covering
2026-08-06T11:20:00.366408+05:30,BANKNIFTY26AUGFUT,58042.5,58090.0,57965.0,174300.0,58094.4,58007.48417670683,58069.35340738039,2127660,Short Covering
2026-08-06T11:20:30.438030+05:30,BANKNIFTY26AUGFUT,58042.5,58090.0,57965.0,174300.0,58087.2,58007.70112732475,58072.598242402135,2128290,Fresh Shorts
2026-08-06T11:21:00.597987+05:30,BANKNIFTY26AUGFUT,58042.5,58090.0,57965.0,174300.0,58086.0,58007.897322600904,58072.38006058396,2128290,Fresh Shorts
2026-08-06T11:21:30.747036+05:30,BANKNIFTY26AUGFUT,58042.5,58090.0,57965.0,174300.0,58090.6,58008.08012075644,58073.21642422032,2128530,Fresh Shorts
2026-08-06T11:22:00.872473+05:30,BANKNIFTY26AUGFUT,58042.5,58090.0,57965.0,174300.0,58077.8,58008.53132823563,58070.889151493044,2128530,Fresh Shorts
2026-08-06T11:22:31.027131+05:30,BANKNIFTY26AUGFUT,58042.5,58090.0,57965.0,174300.0,58077.8,58008.53132823563,58070.889151493044,2128530,Fresh Shorts
2026-08-06T11:23:01.141555+05:30,BANKNIFTY26AUGFUT,58042.5,58090.0,57965.0,174300.0,58087.4,58008.58554366899,58072.634606038504,2129130,Fresh Shorts
2026-08-06T11:23:31.289834+05:30,BANKNIFTY26AUGFUT,58042.5,58090.0,57965.0,174300.0,58079.6,58008.790324583686,58071.21642422032,2129250,Fresh Shorts
2026-08-06T11:24:02.254531+05:30,BANKNIFTY26AUGFUT,58042.5,58090.0,57965.0,174300.0,58086.2,58008.89919963927,58072.41642422032,2129250,Fresh Shorts
2026-08-06T11:24:32.515338+05:30,BANKNIFTY26AUGFUT,58042.5,58090.0,57965.0,174300.0,58089.0,58008.978558558556,58072.92551512941,2129580,Fresh Shorts
2026-08-06T11:25:00.597855+05:30,BANKNIFTY26AUGFUT,58042.5,58090.0,57965.0,177810.0,58092.0,58009.0731679883,58073.47096967486,2129580,Fresh Shorts
2026-08-06T11:25:30.832471+05:30,BANKNIFTY26AUGFUT,58042.5,58090.0,57965.0,177810.0,58093.4,58009.199202605574,58077.09442973398,2129520,Short Covering
2026-08-06T11:26:00.957615+05:30,BANKNIFTY26AUGFUT,58042.5,58090.0,57965.0,177810.0,58090.8,58009.29205227439,58076.62170246125,2129520,Long Liquidation
2026-08-06T11:26:30.990766+05:30,BANKNIFTY26AUGFUT,58042.5,58090.0,57965.0,177810.0,58086.2,58009.5458927473,58075.785338824884,2129790,Fresh Shorts
2026-08-06T11:27:01.025487+05:30,BANKNIFTY26AUGFUT,58042.5,58090.0,57965.0,177810.0,58079.6,58009.68661531592,58074.58533882489,2129790,Fresh Shorts
2026-08-06T11:27:31.156447+05:30,BANKNIFTY26AUGFUT,58042.5,58090.0,57965.0,177810.0,58084.6,58009.80402318065,58075.494429733975,2130270,Fresh Shorts
2026-08-06T11:28:01.311466+05:30,BANKNIFTY26AUGFUT,58042.5,58090.0,57965.0,177810.0,58087.6,58009.89411699226,58076.03988427943,2130270,Fresh Shorts
2026-08-06T11:28:31.500927+05:30,BANKNIFTY26AUGFUT,58042.5,58090.0,57965.0,177810.0,58082.2,58009.978863686905,58075.05806609761,2130540,Fresh Shorts
2026-08-06T11:29:01.640072+05:30,BANKNIFTY26AUGFUT,58042.5,58090.0,57965.0,177810.0,58084.0,58010.21028539762,58075.38533882489,2130540,Fresh Shorts
2026-08-06T11:29:29.986420+05:30,BANKNIFTY26AUGFUT,58042.5,58090.0,57965.0,177990.0,58088.4,58010.228843176286,58074.401399575836,2130570,Fresh Shorts
2026-08-06T11:29:49.515631+05:30,BANKNIFTY26AUGFUT,58042.5,58090.0,57965.0,177990.0,58085.2,58010.26211317418,58073.81958139401,2130570,Fresh Shorts
2026-08-06T11:30:00.804418+05:30,BANKNIFTY26AUGFUT,58042.5,58090.0,57965.0,181140.0,58085.0,58010.33651319421,58073.78321775765,2130570,Fresh Shorts
2026-08-06T11:30:30.891524+05:30,BANKNIFTY26AUGFUT,58042.5,58090.0,57965.0,181140.0,58077.8,58010.35997792494,58074.513541801716,2131020,Fresh Shorts
2026-08-06T11:31:00.987383+05:30,BANKNIFTY26AUGFUT,58042.5,58090.0,57965.0,181140.0,58085.0,58010.46636909682,58075.822632710806,2131020,Flat
2026-08-06T11:31:31.082231+05:30,BANKNIFTY26AUGFUT,58042.5,58090.0,57965.0,181140.0,58080.0,58010.93878578858,58074.91354180171,2131080,Fresh Shorts
2026-08-06T11:32:01.456199+05:30,BANKNIFTY26AUGFUT,58042.5,58090.0,57965.0,181140.0,58078.8,58011.10586050576,58074.69535998353,2131080,Fresh Shorts
2026-08-06T11:32:31.528628+05:30,BANKNIFTY26AUGFUT,58042.5,58090.0,57965.0,181140.0,58069.6,58011.173955264596,58073.0226327108,2131110,Fresh Shorts
2026-08-06T11:33:01.545271+05:30,BANKNIFTY26AUGFUT,58042.5,58090.0,57965.0,181140.0,58065.8,58011.220387026435,58072.33172361989,2131110,Fresh Shorts
2026-08-06T11:33:31.787004+05:30,BANKNIFTY26AUGFUT,58042.5,58090.0,57965.0,181140.0,58069.8,58011.256719507546,58073.058996347165,2130930,Fresh Shorts
2026-08-06T11:34:01.821467+05:30,BANKNIFTY26AUGFUT,58042.5,58090.0,57965.0,181140.0,58070.0,58011.5005478709,58073.095359983534,2130930,Fresh Shorts
2026-08-06T11:34:31.976812+05:30,BANKNIFTY26AUGFUT,58042.5,58090.0,57965.0,181140.0,58067.4,58011.519971801965,58072.6226327108,2131500,Fresh Shorts
2026-08-06T11:35:00.920538+05:30,BANKNIFTY26AUGFUT,58042.5,58095.0,57970.0,184470.0,58063.0,58011.53671599718,58071.822632710806,2131500,Fresh Shorts
2026-08-06T11:35:31.015089+05:30,BANKNIFTY26AUGFUT,58042.5,58095.0,57970.0,184470.0,58060.0,58011.68600302637,58069.673063127026,2131530,Fresh Shorts
2026-08-06T11:35:56.613327+05:30,BANKNIFTY26AUGFUT,58042.5,58095.0,57970.0,185070.0,58061,58011.63912996546,58068.53226673333,2131530,Flat
2026-08-06T11:36:19.079659+05:30,BANKNIFTY26AUGFUT,58042.5,58095.0,57970.0,185070.0,58070,58011.66328909032,58070.16863036969,2131530,Flat
2026-08-06T11:36:49.338711+05:30,BANKNIFTY26AUGFUT,58042.5,58095.0,57970.0,185070.0,58070.0,58011.672536009064,58070.16863036969,2130960,Short Covering
2026-08-06T11:37:19.413319+05:30,BANKNIFTY26AUGFUT,58042.5,58095.0,57970.0,185070.0,58051.0,58011.827884460225,58066.71408491515,2130930,Long Liquidation
2026-08-06T11:37:49.514343+05:30,BANKNIFTY26AUGFUT,58042.5,58095.0,57970.0,185070.0,58046.2,58011.900821388306,58065.84135764242,2130930,Long Liquidation
2026-08-06T11:38:19.629262+05:30,BANKNIFTY26AUGFUT,58042.5,58095.0,57970.0,185070.0,58046.2,58011.900821388306,58065.84135764242,2130930,Long Liquidation
2026-08-06T11:38:49.679327+05:30,BANKNIFTY26AUGFUT,58042.5,58095.0,57970.0,185070.0,58046.2,58011.91757887959,58065.84135764242,2130750,Long Liquidation
2026-08-06T11:39:19.717639+05:30,BANKNIFTY26AUGFUT,58042.5,58095.0,57970.0,185070.0,58061.4,58011.9557986167,58068.604994006055,2130690,Short Covering
2026-08-06T11:39:49.818081+05:30,BANKNIFTY26AUGFUT,58042.5,58095.0,57970.0,185070.0,58064.8,58011.98067524116,58069.22317582424,2130690,Short Covering
2026-08-06T11:40:00.814931+05:30,BANKNIFTY26AUGFUT,58047.5,58095.0,57970.0,186600.0,58064.8,58011.98067524116,58069.22317582424,2130690,Short Covering
2026-08-06T11:40:30.933842+05:30,BANKNIFTY26AUGFUT,58047.5,58095.0,57970.0,186600.0,58066.4,58011.98942292236,58068.70987112892,2130660,Short Covering
2026-08-06T11:41:01.034633+05:30,BANKNIFTY26AUGFUT,58047.5,58095.0,57970.0,186600.0,58070.0,58012.02621686747,58069.36441658347,2130660,Short Covering
2026-08-06T11:41:31.144476+05:30,BANKNIFTY26AUGFUT,58047.5,58095.0,57970.0,186600.0,58064.0,58012.08825417201,58068.27350749256,2130630,Long Liquidation
2026-08-06T11:42:01.251519+05:30,BANKNIFTY26AUGFUT,58047.5,58095.0,57970.0,186600.0,58064.0,58012.104748155274,58068.27350749256,2130630,Long Liquidation
2026-08-06T11:42:31.454236+05:30,BANKNIFTY26AUGFUT,58047.5,58095.0,57970.0,186600.0,58061.0,58012.1201411161,58067.72805294711,2130750,Fresh Shorts
2026-08-06T11:43:01.606510+05:30,BANKNIFTY26AUGFUT,58047.5,58095.0,57970.0,186600.0,58056.4,58012.16318487664,58066.891689310745,2130750,Fresh Shorts
2026-08-06T11:43:31.671518+05:30,BANKNIFTY26AUGFUT,58047.5,58095.0,57970.0,186600.0,58030.2,58012.2734439834,58062.128052947104,2130570,Long Liquidation
2026-08-06T11:44:01.867847+05:30,BANKNIFTY26AUGFUT,58047.5,58095.0,57970.0,186600.0,58025.0,58012.290659866114,58061.182598401654,2130570,Long Liquidation
2026-08-06T11:44:31.974311+05:30,BANKNIFTY26AUGFUT,58047.5,58095.0,57970.0,186600.0,58023.8,58012.30575333757,58060.96441658347,2130480,Long Liquidation
2026-08-06T11:45:00.058079+05:30,BANKNIFTY26AUGFUT,58047.5,58095.0,57970.0,189180.0,58020.2,58012.34119885823,58060.30987112893,2130480,Long Liquidation
2026-08-06T11:45:30.135764+05:30,BANKNIFTY26AUGFUT,58047.5,58095.0,57970.0,189180.0,58020.2,58012.349112801014,58053.017167287304,2130120,Flat
2026-08-06T11:46:00.291257+05:30,BANKNIFTY26AUGFUT,58047.5,58095.0,57970.0,189180.0,58030.0,58012.36153237296,58054.798985469126,2130120,Short Covering
2026-08-06T11:46:30.465992+05:30,BANKNIFTY26AUGFUT,58047.5,58095.0,57970.0,189180.0,58027.2,58012.38767772512,58054.28989456003,2130090,Short Covering
2026-08-06T11:47:00.575548+05:30,BANKNIFTY26AUGFUT,58047.5,58095.0,57970.0,189180.0,58027.2,58012.394062845415,58054.28989456003,2130090,Short Covering
2026-08-06T11:47:30.639281+05:30,BANKNIFTY26AUGFUT,58047.5,58095.0,57970.0,189180.0,58027.0,58012.39870560379,58054.25353092367,2130060,Short Covering
2026-08-06T11:48:00.741715+05:30,BANKNIFTY26AUGFUT,58047.5,58095.0,57970.0,189180.0,58024.2,58012.447413928625,58053.744440014576,2130060,Short Covering
2026-08-06T11:48:30.799557+05:30,BANKNIFTY26AUGFUT,58047.5,58095.0,57970.0,189180.0,58015.0,58012.47629768605,58052.07171274185,2129790,Long Liquidation
2026-08-06T11:49:00.853651+05:30,BANKNIFTY26AUGFUT,58047.5,58095.0,57970.0,189180.0,58013.4,58012.48001249219,58051.78080365094,2129790,Long Liquidation
2026-08-06T11:49:30.887084+05:30,BANKNIFTY26AUGFUT,58047.5,58095.0,57970.0,189180.0,58014.0,58012.48780487805,58051.88989456003,2129730,Long Liquidation
2026-08-06T11:50:00.156341+05:30,BANKNIFTY26AUGFUT,58047.5,58095.0,57970.0,193290.0,58014.0,58012.489213099485,58051.88989456003,2129730,Long Liquidation
2026-08-06T11:50:30.290735+05:30,BANKNIFTY26AUGFUT,58047.5,58095.0,57970.0,193290.0,58025.0,58012.493329196404,58047.00082282184,2129010,Short Covering
2026-08-06T11:51:01.297641+05:30,BANKNIFTY26AUGFUT,58047.5,58095.0,57970.0,193290.0,58030.0,58012.501689660516,58047.90991373093,2129010,Short Covering
2026-08-06T11:51:31.540473+05:30,BANKNIFTY26AUGFUT,58047.5,58095.0,57970.0,193290.0,58045.8,58012.50956144429,58050.782641003665,2128920,Short Covering
2026-08-06T11:52:01.650040+05:30,BANKNIFTY26AUGFUT,58047.5,58095.0,57970.0,193290.0,58050.0,58012.542313051556,58051.5462773673,2128920,Short Covering
2026-08-06T11:52:31.726085+05:30,BANKNIFTY26AUGFUT,58047.5,58095.0,57970.0,193290.0,58050.0,58012.563422559186,58051.5462773673,2128920,Short Covering
2026-08-06T11:53:01.847599+05:30,BANKNIFTY26AUGFUT,58047.5,58095.0,57970.0,193290.0,58061.4,58012.62036779478,58053.61900464002,2128920,Short Covering
2026-08-06T11:53:32.754849+05:30,BANKNIFTY26AUGFUT,58047.5,58095.0,57970.0,193290.0,58061.6,58012.643095458756,58053.65536827639,2128860,Short Covering
2026-08-06T11:54:02.914926+05:30,BANKNIFTY26AUGFUT,58047.5,58095.0,57970.0,193290.0,58065.0,58012.699645116496,58054.27355009457,2128860,Short Covering
2026-08-06T11:54:33.894818+05:30,BANKNIFTY26AUGFUT,58047.5,58095.0,57970.0,193290.0,58066.6,58012.71611908067,58054.56445918548,2128860,Short Covering
2026-08-06T11:55:00.053323+05:30,BANKNIFTY26AUGFUT,58047.5,58095.0,57975.0,194520.0,58066.8,58012.72446020975,58054.60082282184,2128860,Short Covering
2026-08-06T11:55:30.075086+05:30,BANKNIFTY26AUGFUT,58047.5,58095.0,57975.0,194520.0,58068.6,58012.741658957755,58057.14612776333,2128830,Short Covering
2026-08-06T11:56:00.262749+05:30,BANKNIFTY26AUGFUT,58047.5,58095.0,57975.0,194520.0,58073.4,58012.75977188656,58058.018855036054,2128830,Short Covering
2026-08-06T11:56:30.454002+05:30,BANKNIFTY26AUGFUT,58047.5,58095.0,57975.0,194520.0,58080.0,58013.15560661765,58059.21885503605,2128410,Short Covering
2026-08-06T11:57:00.634431+05:30,BANKNIFTY26AUGFUT,58047.5,58095.0,57975.0,194520.0,58087.4,58013.395083969466,58060.56430958151,2128410,Short Covering
2026-08-06T11:57:30.823625+05:30,BANKNIFTY26AUGFUT,58047.5,58095.0,57975.0,194520.0,58099.0,58014.02690093911,58062.673400490596,2128050,Short Covering
2026-08-06T11:58:00.997669+05:30,BANKNIFTY26AUGFUT,58047.5,58095.0,57975.0,194520.0,58090.4,58014.3032754717,58061.10976412696,2128050,Short Covering
2026-08-06T11:58:31.181611+05:30,BANKNIFTY26AUGFUT,58047.5,58095.0,57975.0,194520.0,58100.0,58015.75175074184,58062.85521867242,2128050,Short Covering
2026-08-06T11:59:01.233864+05:30,BANKNIFTY26AUGFUT,58047.5,58095.0,57975.0,194520.0,58100.0,58015.91239449134,58062.85521867242,2128050,Short Covering
2026-08-06T11:59:31.449464+05:30,BANKNIFTY26AUGFUT,58047.5,58095.0,57975.0,194520.0,58115.0,58017.29855706165,58065.58249139969,2127570,Short Covering
2026-08-06T12:00:00.578922+05:30,BANKNIFTY26AUGFUT,58047.5,58100.0,57975.0,206580.0,58114.8,58017.64876561138,58065.54612776332,2127570,Short Covering
2026-08-06T12:00:30.760630+05:30,BANKNIFTY26AUGFUT,58047.5,58100.0,57975.0,206580.0,58112.4,58017.91954821894,58074.06501362454,2127780,Fresh Shorts
2026-08-06T12:01:00.829809+05:30,BANKNIFTY26AUGFUT,58047.5,58100.0,57975.0,206580.0,58101.6,58018.03927125506,58072.1013772609,2127780,Fresh Shorts
2026-08-06T12:01:30.844273+05:30,BANKNIFTY26AUGFUT,58047.5,58100.0,57975.0,206580.0,58097.2,58018.26523431867,58071.3013772609,2128230,Fresh Shorts
2026-08-06T12:02:00.979998+05:30,BANKNIFTY26AUGFUT,58047.5,58100.0,57975.0,206580.0,58100.8,58018.35768399827,58071.955922715446,2128230,Fresh Shorts
2026-08-06T12:02:30.992065+05:30,BANKNIFTY26AUGFUT,58047.5,58100.0,57975.0,206580.0,58105.0,58018.394701986756,58072.71955907908,2128230,Fresh Shorts
2026-08-06T12:03:00.996345+05:30,BANKNIFTY26AUGFUT,58047.5,58100.0,57975.0,206580.0,58104.2,58018.40705340435,58072.574104533625,2128320,Fresh Shorts
2026-08-06T12:03:31.004070+05:30,BANKNIFTY26AUGFUT,58047.5,58100.0,57975.0,206580.0,58099.2,58018.485418464195,58071.66501362454,2128350,Fresh Shorts
2026-08-06T12:04:01.194051+05:30,BANKNIFTY26AUGFUT,58047.5,58100.0,57975.0,206580.0,58095.2,58018.49644859813,58070.937740897265,2128350,Fresh Shorts
2026-08-06T12:04:31.277024+05:30,BANKNIFTY26AUGFUT,58047.5,58100.0,57975.0,206580.0,58090.4,58018.53976145998,58070.06501362454,2128260,Fresh Shorts
2026-08-06T12:05:23.267032+05:30,BANKNIFTY26AUGFUT,58047.5,58100.0,57975.0,208860.0,58090.0,58018.570726802645,58069.99228635181,2128260,Fresh Shorts
2026-08-06T12:06:02.668825+05:30,BANKNIFTY26AUGFUT,58047.5,58100.0,57975.0,209010.0,58094.2,58018.66555746797,58074.05705160668,2128290,Flat
2026-08-06T12:06:32.923225+05:30,BANKNIFTY26AUGFUT,58047.5,58100.0,57975.0,209010.0,58100.0,58018.769841951966,58075.11159706123,2127750,Short Covering
2026-08-06T12:07:03.045683+05:30,BANKNIFTY26AUGFUT,58047.5,58100.0,57975.0,209010.0,58096.2,58018.81409687425,58074.42068797032,2127750,Short Covering
2026-08-06T12:07:33.120042+05:30,BANKNIFTY26AUGFUT,58047.5,58100.0,57975.0,209010.0,58088.0,58019.09283711203,58072.929778879414,2127810,Long Liquidation
2026-08-06T12:08:03.251805+05:30,BANKNIFTY26AUGFUT,58047.5,58100.0,57975.0,209010.0,58096.0,58019.15458992259,58074.38432433396,2127810,Short Covering
2026-08-06T12:08:33.468391+05:30,BANKNIFTY26AUGFUT,58047.5,58100.0,57975.0,209010.0,58096.0,58019.27119013751,58074.38432433396,2127840,Short Covering
2026-08-06T12:09:03.505982+05:30,BANKNIFTY26AUGFUT,58047.5,58100.0,57975.0,209010.0,58090.6,58019.456933409005,58073.40250615214,2127840,Short Covering
2026-08-06T12:09:33.624608+05:30,BANKNIFTY26AUGFUT,58047.5,58100.0,57975.0,209010.0,58089.2,58019.476661938534,58073.14796069759,2128260,Long Liquidation
2026-08-06T12:10:00.637225+05:30,BANKNIFTY26AUGFUT,58047.5,58100.0,57975.0,211590.0,58084.8,58019.505297981945,58072.347960697596,2128260,Long Liquidation
2026-08-06T12:10:31.618467+05:30,BANKNIFTY26AUGFUT,58047.5,58100.0,57975.0,211590.0,58087.0,58019.623307383816,58075.011967843486,2128230,Short Covering
2026-08-06T12:11:01.643375+05:30,BANKNIFTY26AUGFUT,58047.5,58100.0,57975.0,211590.0,58082.4,58019.749324292505,58074.17560420712,2128230,Long Liquidation
2026-08-06T12:11:31.650699+05:30,BANKNIFTY26AUGFUT,58047.5,58100.0,57975.0,211590.0,58087.2,58019.81220246496,58075.04833147985,2128050,Short Covering
2026-08-06T12:12:01.977856+05:30,BANKNIFTY26AUGFUT,58047.5,58100.0,57975.0,211590.0,58095.8,58019.91742765877,58076.61196784349,2128050,Short Covering
2026-08-06T12:12:32.145188+05:30,BANKNIFTY26AUGFUT,58047.5,58100.0,57975.0,211590.0,58090.6,58020.21519532164,58075.666513298034,2128080,Short Covering
2026-08-06T12:13:03.148961+05:30,BANKNIFTY26AUGFUT,58047.5,58100.0,57975.0,211590.0,58088.8,58020.27203290796,58075.339240570764,2128080,Short Covering
2026-08-06T12:13:33.180211+05:30,BANKNIFTY26AUGFUT,58047.5,58100.0,57975.0,211590.0,58085.0,58020.308152300866,58074.64833147985,2128260,Flat
2026-08-06T12:14:03.391219+05:30,BANKNIFTY26AUGFUT,58047.5,58100.0,57975.0,211590.0,58084.4,58020.32619681472,58074.53924057076,2128260,Flat
2026-08-06T12:14:33.535650+05:30,BANKNIFTY26AUGFUT,58047.5,58100.0,57975.0,211590.0,58085.4,58020.43453163613,58074.72105875258,2128230,Short Covering
2026-08-06T12:15:00.676663+05:30,BANKNIFTY26AUGFUT,58087.5,58100.0,57980.0,214920.0,58083.6,58020.578736273965,58074.393786025306,2128230,Long Liquidation
2026-08-06T12:15:30.856298+05:30,BANKNIFTY26AUGFUT,58087.5,58100.0,57980.0,214920.0,58094.8,58020.64290429043,58078.10400674798,2127900,Short Covering
2026-08-06T12:16:01.092417+05:30,BANKNIFTY26AUGFUT,58087.5,58100.0,57980.0,214920.0,58098.0,58020.81845668707,58078.685824929795,2127900,Short Covering
2026-08-06T12:16:31.302934+05:30,BANKNIFTY26AUGFUT,58087.5,58100.0,57980.0,214920.0,58098.2,58021.243069969096,58078.72218856616,2127270,Short Covering
2026-08-06T12:17:01.445429+05:30,BANKNIFTY26AUGFUT,58087.5,58100.0,57980.0,214920.0,58118.0,58022.213882428056,58082.32218856616,2127270,Short Covering
2026-08-06T12:17:31.532673+05:30,BANKNIFTY26AUGFUT,58087.5,58100.0,57980.0,214920.0,58110.4,58022.486884947706,58080.94037038434,2127300,Short Covering
2026-08-06T12:18:01.685345+05:30,BANKNIFTY26AUGFUT,58087.5,58100.0,57980.0,214920.0,58120.0,58022.77166303954,58082.685824929795,2127300,Short Covering
2026-08-06T12:18:32.663990+05:30,BANKNIFTY26AUGFUT,58087.5,58100.0,57980.0,214920.0,58119.8,58023.35049576347,58082.64946129343,2127360,Short Covering
2026-08-06T12:19:02.731756+05:30,BANKNIFTY26AUGFUT,58087.5,58100.0,57980.0,214920.0,58115.0,58025.15464720195,58081.77673402071,2127360,Short Covering
2026-08-06T12:19:32.806707+05:30,BANKNIFTY26AUGFUT,58087.5,58100.0,57980.0,214920.0,58114.0,58025.46920601332,58081.59491583889,2129910,Fresh Longs
2026-08-06T12:20:00.853205+05:30,BANKNIFTY26AUGFUT,58087.5,58105.0,57980.0,227130.0,58103.4,58025.57890195042,58079.667643111614,2129910,Fresh Longs
2026-08-06T12:20:31.170682+05:30,BANKNIFTY26AUGFUT,58087.5,58105.0,57980.0,227130.0,58097.8,58025.78246399719,58082.96443527314,2130240,Fresh Shorts
2026-08-06T12:21:01.194107+05:30,BANKNIFTY26AUGFUT,58087.5,58105.0,57980.0,227130.0,58092.4,58025.90170501863,58081.98261709132,2130240,Fresh Shorts
2026-08-06T12:21:24.422775+05:30,BANKNIFTY26AUGFUT,58087.5,58105.0,57980.0,227820.0,58100,58025.225587810324,58082.97397014098,2130240,Flat
2026-08-06T12:21:54.681593+05:30,BANKNIFTY26AUGFUT,58087.5,58105.0,57980.0,227820.0,58094.0,58025.295735467786,58081.883061050066,2129220,Long Liquidation
2026-08-06T12:22:24.782609+05:30,BANKNIFTY26AUGFUT,58087.5,58105.0,57980.0,227820.0,58102.0,58025.43886851755,58083.33760650461,2129220,Short Covering
2026-08-06T12:22:44.100304+05:30,BANKNIFTY26AUGFUT,58087.5,58105.0,57980.0,227820.0,58099,58025.51149199704,58082.792151959155,2129220,Short Covering
2026-08-06T12:23:14.356074+05:30,BANKNIFTY26AUGFUT,58087.5,58105.0,57980.0,227820.0,58099.0,58025.64758173349,58082.792151959155,2129220,Short Covering
2026-08-06T12:23:44.513055+05:30,BANKNIFTY26AUGFUT,58087.5,58105.0,57980.0,227820.0,58094.0,58025.758916851395,58081.883061050066,2129280,Long Liquidation
2026-08-06T12:24:14.694801+05:30,BANKNIFTY26AUGFUT,58087.5,58105.0,57980.0,227820.0,58100.8,58025.92281203921,58083.11942468643,2129280,Short Covering
2026-08-06T12:24:44.862116+05:30,BANKNIFTY26AUGFUT,58087.5,58105.0,57980.0,227820.0,58103.8,58026.15559591766,58083.66487923189,2129400,Short Covering
2026-08-06T12:25:00.913203+05:30,BANKNIFTY26AUGFUT,58087.5,58110.0,57985.0,231300.0,58101.2,58026.175322092524,58083.192151959156,2129400,Short Covering
2026-08-06T12:25:31.001315+05:30,BANKNIFTY26AUGFUT,58087.5,58110.0,57985.0,231300.0,58102.6,58026.32662869963,58086.72085160294,2129640,Fresh Longs
2026-08-06T12:26:01.108168+05:30,BANKNIFTY26AUGFUT,58087.5,58110.0,57985.0,231300.0,58097.4,58026.37386280343,58085.77539705749,2129640,Fresh Shorts
2026-08-06T12:26:31.451945+05:30,BANKNIFTY26AUGFUT,58087.5,58110.0,57985.0,231300.0,58101.6,58026.41196293902,58086.539033421126,2129640,Fresh Longs
2026-08-06T12:27:01.501733+05:30,BANKNIFTY26AUGFUT,58087.5,58110.0,57985.0,231300.0,58104.6,58026.460714900946,58087.08448796658,2129400,Flat
2026-08-06T12:27:31.537783+05:30,BANKNIFTY26AUGFUT,58087.5,58110.0,57985.0,231300.0,58099.2,58026.71516009958,58086.10266978476,2129190,Long Liquidation
2026-08-06T12:28:01.537901+05:30,BANKNIFTY26AUGFUT,58087.5,58110.0,57985.0,231300.0,58102.0,58026.87703113624,58086.61176069386,2129190,Short Covering
2026-08-06T12:28:31.710238+05:30,BANKNIFTY26AUGFUT,58087.5,58110.0,57985.0,231300.0,58099.8,58027.008712752766,58086.211760693855,2129910,Fresh Shorts
2026-08-06T12:29:01.900814+05:30,BANKNIFTY26AUGFUT,58087.5,58110.0,57985.0,231300.0,58102.0,58027.096968144164,58086.61176069386,2129910,Fresh Longs
2026-08-06T12:29:32.049306+05:30,BANKNIFTY26AUGFUT,58087.5,58110.0,57985.0,231300.0,58106.0,58027.15710872162,58087.33903342113,2129940,Fresh Longs
2026-08-06T12:30:00.154495+05:30,BANKNIFTY26AUGFUT,58087.5,58110.0,57985.0,234990.0,58104.8,58027.356840716624,58087.120851602944,2129940,Fresh Longs
2026-08-06T12:30:30.527822+05:30,BANKNIFTY26AUGFUT,58087.5,58110.0,57985.0,234990.0,58109.8,58027.44997874692,58091.24433312968,2130360,Fresh Longs
2026-08-06T12:31:00.689794+05:30,BANKNIFTY26AUGFUT,58087.5,58110.0,57985.0,234990.0,58106.0,58028.02225035874,58090.55342403877,2130360,Fresh Longs
2026-08-06T12:31:31.668021+05:30,BANKNIFTY26AUGFUT,58087.5,58110.0,57985.0,234990.0,58109.0,58028.052541872334,58091.09887858423,2130000,Fresh Longs
2026-08-06T12:32:01.746953+05:30,BANKNIFTY26AUGFUT,58087.5,58110.0,57985.0,234990.0,58106.2,58028.32264547595,58090.58978767513,2130000,Fresh Longs
2026-08-06T12:32:31.870229+05:30,BANKNIFTY26AUGFUT,58087.5,58110.0,57985.0,234990.0,58100.0,58028.43026868178,58089.46251494786,2129340,Long Liquidation
2026-08-06T12:33:02.849244+05:30,BANKNIFTY26AUGFUT,58087.5,58110.0,57985.0,234990.0,58109.2,58028.536477591915,58091.13524222059,2129340,Short Covering
2026-08-06T12:33:32.942771+05:30,BANKNIFTY26AUGFUT,58087.5,58110.0,57985.0,234990.0,58109.6,58028.63807729347,58091.20796949332,2129280,Short Covering
2026-08-06T12:34:03.038707+05:30,BANKNIFTY26AUGFUT,58087.5,58110.0,57985.0,234990.0,58102.2,58028.969905381186,58089.86251494786,2129280,Long Liquidation
2026-08-06T12:34:33.151555+05:30,BANKNIFTY26AUGFUT,58087.5,58110.0,57985.0,234990.0,58108.6,58029.08367253507,58091.0261513115,2129370,Short Covering
2026-08-06T12:35:00.158471+05:30,BANKNIFTY26AUGFUT,58087.5,58115.0,57990.0,240540.0,58105.6,58029.17070757462,58090.48069676605,2129370,Short Covering
2026-08-06T12:35:30.547964+05:30,BANKNIFTY26AUGFUT,58087.5,58115.0,57990.0,240540.0,58105.8,58029.21898707881,58093.26602462677,2129280,Short Covering
2026-08-06T12:36:00.636071+05:30,BANKNIFTY26AUGFUT,58087.5,58115.0,57990.0,240540.0,58105.8,58029.26685766484,58093.26602462677,2129280,Short Covering
2026-08-06T12:36:30.653499+05:30,BANKNIFTY26AUGFUT,58087.5,58115.0,57990.0,240540.0,58108.4,58029.449848804936,58093.738751899495,2129340,Short Covering
2026-08-06T12:37:00.705286+05:30,BANKNIFTY26AUGFUT,58087.5,58115.0,57990.0,240540.0,58103.0,58029.721933300316,58092.756933717676,2129340,Long Liquidation
2026-08-06T12:37:30.713671+05:30,BANKNIFTY26AUGFUT,58087.5,58115.0,57990.0,240540.0,58108.2,58029.750678714365,58093.70238826313,2129370,Flat
2026-08-06T12:38:00.840328+05:30,BANKNIFTY26AUGFUT,58087.5,58115.0,57990.0,240540.0,58109.0,58029.87688251771,58093.84784280859,2129370,Flat
2026-08-06T12:38:30.993945+05:30,BANKNIFTY26AUGFUT,58087.5,58115.0,57990.0,240540.0,58108.6,58029.97513371184,58093.77511553586,2129340,Short Covering
2026-08-06T12:39:01.034705+05:30,BANKNIFTY26AUGFUT,58087.5,58115.0,57990.0,240540.0,58103.6,58030.2677813294,58092.86602462677,2129340,Long Liquidation
2026-08-06T12:39:37.700624+05:30,BANKNIFTY26AUGFUT,58087.5,58115.0,57990.0,240630.0,58098.8,58030.2139428197,58092.71964118301,2129580,Fresh Shorts
2026-08-06T12:39:56.241012+05:30,BANKNIFTY26AUGFUT,58087.5,58115.0,57990.0,240630.0,58103.6,58030.255135135136,58093.592368455735,2129580,Fresh Shorts
2026-08-06T12:40:00.269881+05:30,BANKNIFTY26AUGFUT,58087.5,58115.0,57990.0,244200.0,58102.8,58030.255135135136,58093.44691391028,2129580,Fresh Shorts
2026-08-06T12:40:30.576766+05:30,BANKNIFTY26AUGFUT,58087.5,58115.0,57990.0,244200.0,58103.4,58030.33437231562,58095.2565659266,2129370,Short Covering
2026-08-06T12:40:58.964516+05:30,BANKNIFTY26AUGFUT,58097.5,58115.0,57995.0,244440.0,58105.8,58030.4576912083,58095.63342543073,2129370,Short Covering
2026-08-06T12:41:29.188674+05:30,BANKNIFTY26AUGFUT,58097.5,58115.0,57995.0,244440.0,58101.6,58030.71519147031,58094.86978906709,2129640,Fresh Shorts
2026-08-06T12:41:59.428833+05:30,BANKNIFTY26AUGFUT,58097.5,58115.0,57995.0,244440.0,58099.8,58030.732202286505,58094.54251633982,2129640,Fresh Shorts
2026-08-06T12:42:29.580536+05:30,BANKNIFTY26AUGFUT,58097.5,58115.0,57995.0,244440.0,58094.8,58031.097394822005,58093.63342543073,2128560,Long Liquidation
2026-08-06T12:42:59.643184+05:30,BANKNIFTY26AUGFUT,58097.5,58115.0,57995.0,244440.0,58098.8,58031.161582605884,58094.360698158,2128560,Long Liquidation
2026-08-06T12:43:29.754640+05:30,BANKNIFTY26AUGFUT,58097.5,58115.0,57995.0,244440.0,58096.0,58031.23985630096,58093.85160724891,2128350,Long Liquidation
2026-08-06T12:44:00.732368+05:30,BANKNIFTY26AUGFUT,58097.5,58115.0,57995.0,244440.0,58094.0,58031.25505246166,58093.487970885275,2128350,Long Liquidation
2026-08-06T12:44:30.817809+05:30,BANKNIFTY26AUGFUT,58097.5,58115.0,57995.0,244440.0,58100.0,58031.292308933254,58094.57887997618,2128320,Long Liquidation
2026-08-06T12:45:00.007770+05:30,BANKNIFTY26AUGFUT,58097.5,58115.0,57995.0,248100.0,58101.6,58031.33017331721,58094.86978906709,2128320,Long Liquidation
2026-08-06T12:45:30.322529+05:30,BANKNIFTY26AUGFUT,58097.5,58115.0,57995.0,248100.0,58100.0,58031.345639909734,58095.802554691254,2128200,Long Liquidation
2026-08-06T12:46:00.485405+05:30,BANKNIFTY26AUGFUT,58097.5,58115.0,57995.0,248100.0,58091.8,58031.36022882927,58094.31164560035,2128200,Long Liquidation
2026-08-06T12:46:30.585493+05:30,BANKNIFTY26AUGFUT,58097.5,58115.0,57995.0,248100.0,58107.8,58031.420545022746,58097.22073650944,2128200,Short Covering
2026-08-06T12:47:00.706296+05:30,BANKNIFTY26AUGFUT,58097.5,58115.0,57995.0,248100.0,58107.8,58031.47461485861,58097.22073650944,2127990,Short Covering
2026-08-06T12:47:30.840116+05:30,BANKNIFTY26AUGFUT,58097.5,58115.0,57995.0,248100.0,58100.2,58031.85493205435,58095.838918327616,2128020,Long Liquidation
2026-08-06T12:48:00.945294+05:30,BANKNIFTY26AUGFUT,58097.5,58115.0,57995.0,248100.0,58095.4,58031.90822251508,58094.96619105489,2128020,Long Liquidation
2026-08-06T12:48:13.189680+05:30,BANKNIFTY26AUGFUT,58097.5,58115.0,57995.0,248400.0,58096.2,58031.95665908819,58093.47528196398,2128020,Short Covering
2026-08-06T12:48:43.425096+05:30,BANKNIFTY26AUGFUT,58097.5,58115.0,57995.0,248400.0,58089.2,58032.043130227,58092.202554691256,2128020,Long Liquidation
2026-08-06T12:49:13.490876+05:30,BANKNIFTY26AUGFUT,58097.5,58115.0,57995.0,248400.0,58083.4,58032.12687582011,58091.148009236706,2128020,Long Liquidation
2026-08-06T12:49:43.672075+05:30,BANKNIFTY26AUGFUT,58097.5,58115.0,57995.0,248400.0,58080.8,58032.18191349934,58090.67528196398,2128020,Long Liquidation
2026-08-06T12:50:00.764409+05:30,BANKNIFTY26AUGFUT,58097.5,58115.0,57995.0,252030.0,58070.6,58032.22252112844,58088.820736509435,2128020,Long Liquidation
2026-08-06T12:50:30.928591+05:30,BANKNIFTY26AUGFUT,58097.5,58115.0,57995.0,252030.0,58071.6,58032.27927307281,58085.68969350772,2127510,Short Covering
2026-08-06T12:51:01.060710+05:30,BANKNIFTY26AUGFUT,58097.5,58115.0,57995.0,252030.0,58045.6,58032.39764871855,58080.962420780445,2127510,Long Liquidation
2026-08-06T12:51:31.984942+05:30,BANKNIFTY26AUGFUT,58097.5,58115.0,57995.0,252030.0,58044.4,58032.43247362251,58080.74423896227,2125050,Long Liquidation
2026-08-06T12:52:02.048864+05:30,BANKNIFTY26AUGFUT,58097.5,58115.0,57995.0,252030.0,58044.6,58032.44910965324,58080.78060259863,2125050,Long Liquidation
2026-08-06T12:52:32.196130+05:30,BANKNIFTY26AUGFUT,58097.5,58115.0,57995.0,252030.0,58048.6,58032.457236533955,58081.5078753259,2124750,Long Liquidation
2026-08-06T12:53:02.469358+05:30,BANKNIFTY26AUGFUT,58097.5,58115.0,57995.0,252030.0,58075.0,58032.46221753893,58086.3078753259,2124750,Short Covering
2026-08-06T12:57:39.730973+05:30,BANKNIFTY26AUGFUT,58097.5,58115.0,57995.0,256740.0,58041.2,58032.54852084789,58075.09878003749,2124390,Long Liquidation
2026-08-06T12:58:09.938236+05:30,BANKNIFTY26AUGFUT,58097.5,58115.0,57995.0,256740.0,58050.0,58032.557979280646,58076.69878003749,2124390,Long Liquidation
2026-08-06T12:58:39.944495+05:30,BANKNIFTY26AUGFUT,58097.5,58115.0,57995.0,256740.0,58080.0,58032.58932434004,58082.15332549204,2124090,Short Covering
2026-08-06T12:59:10.127294+05:30,BANKNIFTY26AUGFUT,58097.5,58115.0,57995.0,256740.0,58079.8,58032.623242300986,58082.116961855674,2124090,Short Covering
2026-08-06T12:59:40.195037+05:30,BANKNIFTY26AUGFUT,58097.5,58115.0,57995.0,256740.0,58094.8,58032.66317500871,58084.844234582946,2123970,Short Covering
2026-08-06T13:00:00.358010+05:30,BANKNIFTY26AUGFUT,58087.5,58115.0,58000.0,258930.00000000003,58080.6,58032.776526474336,58082.26241640113,2123970,Short Covering
2026-08-06T13:00:30.479935+05:30,BANKNIFTY26AUGFUT,58087.5,58115.0,58000.0,258930.00000000003,58081.0,58032.79328237202,58082.03288614638,2123970,Flat
2026-08-06T13:01:00.582514+05:30,BANKNIFTY26AUGFUT,58087.5,58115.0,58000.0,258930.00000000003,58088.0,58032.82340548674,58083.30561341911,2123910,Short Covering
2026-08-06T13:01:30.762797+05:30,BANKNIFTY26AUGFUT,58087.5,58115.0,58000.0,258930.00000000003,58091.6,58032.868054591716,58083.96015887365,2123910,Short Covering
2026-08-06T13:02:01.683821+05:30,BANKNIFTY26AUGFUT,58087.5,58115.0,58000.0,258930.00000000003,58085.8,58032.874176014804,58082.905613419105,2123910,Short Covering
2026-08-06T13:02:31.693996+05:30,BANKNIFTY26AUGFUT,58087.5,58115.0,58000.0,258930.00000000003,58085.8,58032.874176014804,58082.905613419105,2123910,Short Covering
2026-08-06T13:03:01.736656+05:30,BANKNIFTY26AUGFUT,58087.5,58115.0,58000.0,258930.00000000003,58082.0,58032.897283551036,58082.214704328195,2123910,Short Covering
2026-08-06T13:03:31.737363+05:30,BANKNIFTY26AUGFUT,58087.5,58115.0,58000.0,258930.00000000003,58082.6,58033.04228242075,58082.32379523729,2123550,Short Covering
2026-08-06T13:04:01.739585+05:30,BANKNIFTY26AUGFUT,58087.5,58115.0,58000.0,258930.00000000003,58095.0,58033.089794978114,58084.578340691834,2123550,Short Covering
2026-08-06T13:04:32.668621+05:30,BANKNIFTY26AUGFUT,58087.5,58115.0,58000.0,258930.00000000003,58093.6,58033.14589182969,58084.32379523729,2123550,Short Covering
2026-08-06T13:05:00.815800+05:30,BANKNIFTY26AUGFUT,58087.5,58115.0,58000.0,260820.00000000003,58093.6,58033.17444214401,58084.32379523729,2123340,Short Covering
2026-08-06T13:05:30.844943+05:30,BANKNIFTY26AUGFUT,58087.5,58115.0,58000.0,260820.00000000003,58088.6,58033.20149459646,58085.10128701232,2123340,Flat
2026-08-06T13:06:01.150585+05:30,BANKNIFTY26AUGFUT,58087.5,58115.0,58000.0,260820.00000000003,58088.8,58033.239705882355,58085.13765064869,2123310,Long Liquidation
2026-08-06T13:06:31.286335+05:30,BANKNIFTY26AUGFUT,58087.5,58115.0,58000.0,260820.00000000003,58095.6,58033.33675154852,58086.37401428505,2123310,Short Covering
2026-08-06T13:07:01.467124+05:30,BANKNIFTY26AUGFUT,58087.5,58115.0,58000.0,260820.00000000003,58095.0,58033.40813473877,58086.264923375966,2123070,Short Covering
2026-08-06T13:07:31.557192+05:30,BANKNIFTY26AUGFUT,58087.5,58115.0,58000.0,260820.00000000003,58082.8,58033.49088205011,58084.04674155778,2123070,Long Liquidation
2026-08-06T13:08:01.648095+05:30,BANKNIFTY26AUGFUT,58087.5,58115.0,58000.0,260820.00000000003,58071.4,58033.554072889296,58081.97401428506,2123040,Long Liquidation
2026-08-06T13:08:31.712820+05:30,BANKNIFTY26AUGFUT,58087.5,58115.0,58000.0,260820.00000000003,58066.6,58033.59228574689,58081.10128701232,2123040,Long Liquidation
2026-08-06T13:09:01.832126+05:30,BANKNIFTY26AUGFUT,58087.5,58115.0,58000.0,260820.00000000003,58071.0,58033.60082144894,58081.901287012326,2123040,Long Liquidation
2026-08-06T13:09:31.899422+05:30,BANKNIFTY26AUGFUT,58087.5,58115.0,58000.0,260820.00000000003,58056.8,58033.61452679589,58079.31946883051,2123040,Long Liquidation
2026-08-06T13:10:00.140554+05:30,BANKNIFTY26AUGFUT,58087.5,58115.0,58000.0,263550.0,58060.8,58033.65609561753,58080.04674155778,2122950,Long Liquidation
2026-08-06T13:10:30.313323+05:30,BANKNIFTY26AUGFUT,58087.5,58115.0,58000.0,263550.0,58065.8,58033.663411858426,58077.45642491091,2122950,Flat
2026-08-06T13:11:00.491556+05:30,BANKNIFTY26AUGFUT,58087.5,58115.0,58000.0,263550.0,58064.0,58033.67376564278,58077.12915218364,2122830,Short Covering
2026-08-06T13:11:30.648270+05:30,BANKNIFTY26AUGFUT,58087.5,58115.0,58000.0,263550.0,58064.2,58033.70101170854,58077.16551582,2122830,Short Covering
2026-08-06T13:12:01.739329+05:30,BANKNIFTY26AUGFUT,58087.5,58115.0,58000.0,263580.0,58074,58033.728305315766,58079.449676737975,2122740,Short Covering
2026-08-06T13:12:32.070924+05:30,BANKNIFTY26AUGFUT,58087.5,58115.0,58000.0,263580.0,58074,58033.728305315766,58079.449676737975,2122740,Short Covering
2026-08-06T13:13:02.136681+05:30,BANKNIFTY26AUGFUT,58087.5,58115.0,58000.0,263580.0,58074,58033.728305315766,58079.449676737975,2122740,Short Covering
2026-08-06T13:13:32.225371+05:30,BANKNIFTY26AUGFUT,58087.5,58115.0,58000.0,263580.0,58074,58033.728305315766,58079.449676737975,2122740,Short Covering
2026-08-06T13:14:02.251155+05:30,BANKNIFTY26AUGFUT,58087.5,58115.0,58000.0,263580.0,58074,58033.728305315766,58079.449676737975,2122740,Short Covering
2026-08-06T13:14:32.316173+05:30,BANKNIFTY26AUGFUT,58087.5,58115.0,58000.0,263580.0,58088,58034.666755972314,58081.99513128343,2122500,Short Covering
2026-08-06T13:15:00.290475+05:30,BANKNIFTY26AUGFUT,58087.5,58115.0,58000.0,268740.0,58088,58034.666755972314,58081.99513128343,2122500,Short Covering
2026-08-06T13:15:30.387972+05:30,BANKNIFTY26AUGFUT,58087.5,58115.0,58000.0,268740.0,58088,58034.666755972314,58081.99513128343,2122500,Short Covering
2026-08-06T13:16:00.578872+05:30,BANKNIFTY26AUGFUT,58087.5,58115.0,58000.0,268740.0,58088,58034.666755972314,58081.99513128343,2122500,Short Covering
2026-08-06T13:16:30.580805+05:30,BANKNIFTY26AUGFUT,58087.5,58115.0,58000.0,269160.0,58074,58034.89062407572,58079.64890906661,2123070,Fresh Shorts
2026-08-06T13:17:00.676416+05:30,BANKNIFTY26AUGFUT,58087.5,58115.0,58000.0,269160.0,58074,58034.89062407572,58079.64890906661,2123070,Fresh Shorts
2026-08-06T13:17:30.779871+05:30,BANKNIFTY26AUGFUT,58087.5,58115.0,58000.0,269160.0,58074,58034.89062407572,58079.64890906661,2123070,Fresh Shorts
2026-08-06T13:18:01.070363+05:30,BANKNIFTY26AUGFUT,58087.5,58115.0,58000.0,269160.0,58074,58034.89062407572,58079.64890906661,2123070,Fresh Shorts
2026-08-06T13:18:31.151698+05:30,BANKNIFTY26AUGFUT,58087.5,58115.0,58000.0,269160.0,58102.6,58035.56274509804,58084.848909066604,2121870,Short Covering
2026-08-06T13:19:01.293580+05:30,BANKNIFTY26AUGFUT,58087.5,58115.0,58000.0,269160.0,58102.6,58035.56274509804,58084.848909066604,2121870,Short Covering
2026-08-06T13:19:37.691232+05:30,BANKNIFTY26AUGFUT,58087.5,58115.0,58000.0,269160.0,58096.6,58036.474018018016,58083.7579999757,2121930,Short Covering
2026-08-06T13:20:00.889058+05:30,BANKNIFTY26AUGFUT,58087.5,58115.0,58005.0,277500.0,58096.6,58036.474018018016,58083.7579999757,2121930,Short Covering
2026-08-06T13:20:18.077084+05:30,BANKNIFTY26AUGFUT,58087.5,58115.0,58005.0,278010.0,,58036.7251249955,58086.26709088479,2121540,Short Covering
2026-08-06T13:20:48.369364+05:30,BANKNIFTY26AUGFUT,58087.5,58115.0,58005.0,278010.0,,58036.7251249955,58086.26709088479,2121540,Short Covering
2026-08-06T13:21:18.501389+05:30,BANKNIFTY26AUGFUT,58087.5,58115.0,58005.0,278010.0,,58036.7251249955,58086.26709088479,2121540,Short Covering
2026-08-06T13:21:48.604734+05:30,BANKNIFTY26AUGFUT,58087.5,58115.0,58005.0,278010.0,,58036.7251249955,58086.26709088479,2121540,Short Covering
2026-08-06T13:22:56.103732+05:30,BANKNIFTY26AUGFUT,58087.5,58115.0,58005.0,278220.0,58122.6,58039.77312285803,58093.70613221152,2119920,Short Covering
2026-08-06T13:23:26.314013+05:30,BANKNIFTY26AUGFUT,58087.5,58115.0,58005.0,278220.0,58122.6,58039.77312285803,58093.70613221152,2119920,Short Covering
2026-08-06T13:23:56.585405+05:30,BANKNIFTY26AUGFUT,58087.5,58115.0,58005.0,278220.0,58117.0,58039.97200248499,58092.68795039334,2120280,Short Covering
2026-08-06T13:24:26.695438+05:30,BANKNIFTY26AUGFUT,58087.5,58115.0,58005.0,278220.0,58111.2,58040.14944737114,58091.63340493879,2120280,Long Liquidation
2026-08-06T13:24:56.769139+05:30,BANKNIFTY26AUGFUT,58087.5,58115.0,58005.0,278220.0,58108.0,58040.263978550065,58091.05158675697,2120430,Long Liquidation
2026-08-06T13:25:00.745239+05:30,BANKNIFTY26AUGFUT,58097.5,58125.0,58010.0,291000.0,58107.8,58040.28486597938,58091.01522312061,2120430,Long Liquidation
2026-08-06T13:25:30.810915+05:30,BANKNIFTY26AUGFUT,58097.5,58125.0,58010.0,291000.0,58086.2,58040.39862125733,58090.13972800777,2120430,Flat
2026-08-06T13:26:00.873719+05:30,BANKNIFTY26AUGFUT,58097.5,58125.0,58010.0,291000.0,58098.8,58040.52620880813,58092.43063709868,2120820,Fresh Shorts
2026-08-06T13:26:30.980100+05:30,BANKNIFTY26AUGFUT,58097.5,58125.0,58010.0,291000.0,58098.8,58040.52620880813,58092.43063709868,2120820,Fresh Shorts
2026-08-06T13:27:01.003492+05:30,BANKNIFTY26AUGFUT,58097.5,58125.0,58010.0,291000.0,58093.0,58040.53685723083,58091.37609164413,2120580,Fresh Shorts
2026-08-06T13:27:31.072082+05:30,BANKNIFTY26AUGFUT,58097.5,58125.0,58010.0,291000.0,58113.8,58040.6369133019,58095.15790982595,2120580,Fresh Longs
2026-08-06T13:28:01.176623+05:30,BANKNIFTY26AUGFUT,58097.5,58125.0,58010.0,291000.0,58109.2,58041.58564641666,58094.32154618959,2120640,Fresh Longs
2026-08-06T13:28:31.453779+05:30,BANKNIFTY26AUGFUT,58097.5,58125.0,58010.0,291000.0,58117.6,58041.97618903972,58095.848818916864,2120640,Fresh Longs
2026-08-06T13:45:47.232268+05:30,BANKNIFTY26AUGFUT,58097.5,58140.0,58010.0,364770.0,58146.2,58058.55281218385,58116.11593177459,2132760,Fresh Longs
2026-08-06T13:46:17.423586+05:30,BANKNIFTY26AUGFUT,58097.5,58140.0,58010.0,364770.0,58146.2,58058.55281218385,58116.11593177459,2132760,Fresh Longs
2026-08-06T13:46:47.749403+05:30,BANKNIFTY26AUGFUT,58097.5,58140.0,58010.0,364770.0,58135.2,58058.704262169835,58114.11593177459,2132760,Fresh Shorts
2026-08-06T13:47:17.928775+05:30,BANKNIFTY26AUGFUT,58097.5,58140.0,58010.0,364770.0,58135.2,58058.704262169835,58114.11593177459,2132760,Fresh Shorts
2026-08-06T13:47:48.134927+05:30,BANKNIFTY26AUGFUT,58097.5,58140.0,58010.0,364770.0,58135.2,58058.704262169835,58114.11593177459,2132760,Fresh Shorts
2026-08-06T13:48:18.303571+05:30,BANKNIFTY26AUGFUT,58097.5,58140.0,58010.0,364770.0,58135.2,58058.704262169835,58114.11593177459,2132760,Fresh Shorts
2026-08-06T13:48:48.514170+05:30,BANKNIFTY26AUGFUT,58097.5,58140.0,58010.0,364770.0,58121.4,58059.63270074565,58111.606840865505,2133630,Fresh Shorts
2026-08-06T13:49:18.764885+05:30,BANKNIFTY26AUGFUT,58097.5,58140.0,58010.0,364770.0,58121.4,58059.63270074565,58111.606840865505,2133630,Fresh Shorts
2026-08-06T13:49:49.011856+05:30,BANKNIFTY26AUGFUT,58097.5,58140.0,58010.0,364770.0,58121.4,58059.63270074565,58111.606840865505,2133630,Fresh Shorts
2026-08-06T13:50:00.065505+05:30,BANKNIFTY26AUGFUT,58097.5,58145.0,58015.0,371490.0,58121.4,58059.63270074565,58111.606840865505,2133630,Fresh Shorts
2026-08-06T13:50:30.261344+05:30,BANKNIFTY26AUGFUT,58097.5,58145.0,58015.0,371490.0,58121.4,58059.63270074565,58111.606840865505,2133630,Fresh Shorts
2026-08-06T13:51:00.425542+05:30,BANKNIFTY26AUGFUT,58097.5,58145.0,58015.0,374850.0,58133.4,58060.45816068048,58118.03865492302,2133300,Flat
2026-08-06T13:51:30.723865+05:30,BANKNIFTY26AUGFUT,58097.5,58145.0,58015.0,374850.0,58133.4,58060.45816068048,58118.03865492302,2133300,Flat
2026-08-06T13:52:00.812823+05:30,BANKNIFTY26AUGFUT,58097.5,58145.0,58015.0,374850.0,58133.4,58060.45816068048,58118.03865492302,2133300,Flat
2026-08-06T13:52:31.052148+05:30,BANKNIFTY26AUGFUT,58097.5,58145.0,58015.0,374850.0,58133.4,58060.45816068048,58118.03865492302,2133300,Flat
2026-08-06T13:53:01.245859+05:30,BANKNIFTY26AUGFUT,58097.5,58145.0,58015.0,374850.0,58147.4,58061.151165741474,58120.58410946847,2132610,Short Covering
2026-08-06T13:53:31.386327+05:30,BANKNIFTY26AUGFUT,58097.5,58145.0,58015.0,374850.0,58147.4,58061.151165741474,58120.58410946847,2132610,Short Covering
2026-08-06T13:54:01.584877+05:30,BANKNIFTY26AUGFUT,58097.5,58145.0,58015.0,374850.0,58147.4,58061.151165741474,58120.58410946847,2132610,Short Covering
2026-08-06T13:54:31.752395+05:30,BANKNIFTY26AUGFUT,58097.5,58145.0,58015.0,374850.0,58147.4,58061.151165741474,58120.58410946847,2132610,Short Covering
2026-08-06T13:55:00.995054+05:30,BANKNIFTY26AUGFUT,58097.5,58155.0,58025.0,384450.0,58154.8,58062.57098712446,58121.929564013924,2130930,Short Covering
2026-08-06T13:55:31.143742+05:30,BANKNIFTY26AUGFUT,58097.5,58155.0,58025.0,384450.0,58154.8,58062.57098712446,58121.929564013924,2130930,Short Covering
2026-08-06T13:56:01.339298+05:30,BANKNIFTY26AUGFUT,58097.5,58155.0,58025.0,384450.0,58154.8,58062.57098712446,58121.929564013924,2130930,Short Covering
2026-08-06T13:56:31.511758+05:30,BANKNIFTY26AUGFUT,58097.5,58155.0,58025.0,384450.0,58154.8,58062.57098712446,58121.929564013924,2130930,Short Covering
2026-08-06T13:57:01.627230+05:30,BANKNIFTY26AUGFUT,58097.5,58155.0,58025.0,386250.0,58148.8,58063.36668211784,58125.95228791222,2131170,Long Liquidation
