timestamp,status,direction,grade,trend,pullback,rejection,volume,open_interest,poc,vah,val,vwap_pullback,vwap_rejection,setup,long_blocked_ema,short_blocked_ema,long_blocked_vwap,short_blocked_vwap,bar_start,current_price,open,high,low,close,bar_volume,sma20_volume,elapsed_seconds,ema_10,vwap,ema_slope,engine_version
2026-08-14T09:15:00+05:30,WAIT,Neutral,Ignore,Unknown,Unknown,Unknown,Unknown,Unknown,Unknown,Unknown,Unknown,Unknown,Unknown,,,,,,,,,,,,,2100.0,300.0,57864.705519932526,,,b3620733
2026-08-14T09:15:14+05:30,WAIT,Neutral,Ignore,Unknown,None,None,Unknown,Unknown,Unknown,Unknown,Unknown,None,None,,,,,,2026-08-14T09:15:00+05:30,57821.0,57821.0,57821.0,57821.0,57821.0,907.5,2100.0,14.0,57856.759061762976,57821.0,,b3620733
2026-08-14T09:15:30+05:30,WAIT,Neutral,Ignore,Unknown,None,None,High,Unknown,Unknown,Unknown,Unknown,Bullish,Bullish,,,,,,2026-08-14T09:15:00+05:30,57848.4,57821.0,57848.4,57821.0,57848.4,1815.0,2100.0,30.0,57861.740879944795,57834.7,,b3620733
2026-08-14T09:15:44+05:30,WAIT,Neutral,Ignore,Unknown,Bearish,Bearish,High,Unknown,Unknown,Unknown,Unknown,Bearish,Bearish,,,,,,2026-08-14T09:15:00+05:30,57761.4,57821.0,57848.4,57761.4,57761.4,2722.5,2100.0,44.0,57845.92269812661,57810.26666666667,,b3620733
2026-08-14T09:16:00+05:30,WAIT,Neutral,Ignore,Bearish,None,Bearish,High,Unknown,Unknown,Unknown,Unknown,Bearish,Bearish,,,,,open_interest,2026-08-14T09:15:00+05:30,57780.4,57821.0,57848.4,57761.4,57780.4,3630.0,2100.0,60.0,57849.377243581155,57802.8,-15.328276351370732,b3620733
2026-08-14T09:16:44+05:30,WAIT,Neutral,Ignore,Bearish,Bearish,Bearish,High,Unknown,Unknown,Unknown,Unknown,Bearish,Bearish,,,open_interest,,open_interest,2026-08-14T09:15:00+05:30,57722.0,57821.0,57848.4,57722.0,57722.0,6510.0,2100.0,104.0,57838.759061762976,57788.58433179723,-7.163636363635305,b3620733
2026-08-14T09:17:00+05:30,WAIT,Neutral,Ignore,Bearish,None,Bearish,High,Unknown,Unknown,Unknown,Unknown,Bearish,Bearish,,,,,open_interest,2026-08-14T09:15:00+05:30,57784.8,57821.0,57848.4,57722.0,57784.8,7470.0,2100.0,120.0,57850.17724358116,57788.09799196787,0.8000000000029104,b3620733
2026-08-14T09:17:30+05:30,WAIT,Neutral,Ignore,Neutral,None,Bearish,High,Unknown,Unknown,Unknown,Unknown,Bullish,None,,,,,,2026-08-14T09:15:00+05:30,57787.8,57821.0,57848.4,57722.0,57787.8,9825.0,2100.0,150.0,57850.722698126614,57787.667022900765,-1.3090909090897185,b3620733
2026-08-14T09:17:44+05:30,WAIT,Neutral,Ignore,Neutral,Bearish,Bearish,High,Unknown,Unknown,Unknown,Unknown,Bearish,Bearish,,,,,,2026-08-14T09:15:00+05:30,57749.6,57821.0,57848.4,57722.0,57749.6,11002.5,2100.0,164.0,57843.77724358116,57783.59304703477,5.018181818180892,b3620733
2026-08-14T09:18:00+05:30,WAIT,Neutral,Ignore,Neutral,None,Bearish,High,Unknown,Unknown,Unknown,Unknown,Bearish,Bearish,,,,,,2026-08-14T09:15:00+05:30,57783.2,57821.0,57848.4,57722.0,57783.2,12180.0,2100.0,180.0,57849.88633449025,57783.555049261086,-0.29090909090882633,b3620733
2026-08-14T09:18:14+05:30,WAIT,Neutral,Ignore,Bearish,Bearish,Bearish,High,Unknown,Unknown,Unknown,Unknown,Bearish,Bearish,,,open_interest,,open_interest,2026-08-14T09:15:00+05:30,57750.0,57821.0,57848.4,57722.0,57750.0,12825.0,2100.0,194.0,57843.84997085389,57781.86748538012,-6.327272727270611,b3620733
2026-08-14T09:18:44+05:30,WAIT,Neutral,Ignore,Bullish,None,Bearish,High,Unknown,Unknown,Unknown,Unknown,Bullish,None,,,,,,2026-08-14T09:15:00+05:30,57788.2,57821.0,57848.4,57722.0,57788.2,14115.0,2100.0,224.0,57850.79542539934,57780.682359192346,7.018181818180892,b3620733
2026-08-14T09:19:00+05:30,WAIT,Neutral,Ignore,Neutral,Bearish,Bearish,High,Unknown,Unknown,Unknown,Unknown,Bearish,Bearish,,,,,,2026-08-14T09:15:00+05:30,57765.4,57821.0,57848.4,57722.0,57765.4,14760.0,2100.0,240.0,57846.64997085388,57780.01453252033,-3.23636363636615,b3620733
2026-08-14T09:19:44+05:30,WAIT,Neutral,Ignore,Bearish,Bearish,Bearish,High,Unknown,Unknown,Unknown,Unknown,Bearish,Bearish,,,open_interest,,open_interest,2026-08-14T09:15:00+05:30,57744.0,57821.0,57848.4,57722.0,57744.0,17325.0,2100.0,284.0,57842.759061762976,57776.79471861472,-8.036363636361784,b3620733
2026-08-14T09:20:00+05:30,WAIT,Neutral,Ignore,Bearish,Bearish,Bearish,High,Unknown,Above,Below,Above,Bearish,Bearish,,,open_interest,,open_interest,2026-08-14T09:15:00+05:30,57753.6,57821.0,57848.4,57722.0,57753.6,18180.0,2956.5,300.0,57844.50451630843,57775.70387788779,-2.145454545454413,b3620733
2026-08-14T09:20:14+05:30,WAIT,Neutral,Ignore,Bearish,None,None,Unknown,Flat,Above,Below,Above,None,None,,,,,,2026-08-14T09:20:00+05:30,57753.6,57753.6,57753.6,57753.6,57753.6,795.0,2956.5,14.0,57827.97642243417,57774.777786561266,-18.67354841971246,b3620733
2026-08-14T09:20:30+05:30,WAIT,Neutral,Ignore,Bearish,None,None,High,Flat,Above,Below,Above,None,None,,,,,,2026-08-14T09:20:00+05:30,57753.6,57753.6,57753.6,57753.6,57753.6,1590.0,2956.5,30.0,57827.97642243417,57773.92617602428,-18.67354841971246,b3620733
2026-08-14T09:20:44+05:30,WAIT,Neutral,Ignore,Bearish,None,None,High,Flat,At,Below,Rejected,None,Bearish,,,,,,2026-08-14T09:20:00+05:30,57726.8,57753.6,57753.6,57726.8,57726.8,2385.0,2956.5,44.0,57823.103695161444,57772.10437636761,-19.65536660153157,b3620733
2026-08-14T09:21:14+05:30,WAIT,Neutral,Ignore,Bearish,None,None,High,Rising,At,Below,Rejected,None,Bearish,,,,,,2026-08-14T09:20:00+05:30,57728.2,57753.6,57753.6,57726.8,57728.2,3937.5,2956.5,74.0,57823.358240615984,57769.02258392675,-4.618181818186713,b3620733
2026-08-14T09:21:44+05:30,WAIT,Neutral,Ignore,Bearish,None,None,High,Rising,Below,Below,Below,None,Bearish,,,,,pullback,2026-08-14T09:20:00+05:30,57705.0,57753.6,57753.6,57705.0,57705.0,5452.5,2956.5,104.0,57819.140058797806,57765.700412567436,-3.9636363636382157,b3620733
2026-08-14T09:22:00+05:30,WAIT,Neutral,Ignore,Bearish,None,None,High,Rising,At,Below,Below,None,Bearish,,,,,pullback,2026-08-14T09:20:00+05:30,57717.4,57753.6,57753.6,57705.0,57717.4,6210.0,2956.5,120.0,57821.39460425235,57764.20030750307,-1.9636363636309397,b3620733
2026-08-14T09:22:14+05:30,WAIT,Neutral,Ignore,Bearish,None,None,High,Rising,At,Below,Rejected,None,Bearish,,,,,,2026-08-14T09:20:00+05:30,57720.2,57753.6,57753.6,57705.0,57720.2,6390.0,2956.5,134.0,57821.90369516144,57763.87796092796,-1.4545454545441316,b3620733
2026-08-14T09:22:30+05:30,WAIT,Neutral,Ignore,Bearish,None,None,High,Rising,At,Below,Rejected,Bearish,Bearish,,,,,level,2026-08-14T09:20:00+05:30,57720.2,57753.6,57753.6,57705.0,57720.2,6570.0,2956.5,150.0,57821.90369516144,57763.5603030303,-1.6727272727293894,b3620733
2026-08-14T09:22:44+05:30,ENTRY,Short,A+,Bearish,None,None,High,Rising,Below,Below,Below,Bearish,Bearish,vwap,,,,,2026-08-14T09:20:00+05:30,57706.0,57753.6,57753.6,57705.0,57706.0,6750.0,2956.5,164.0,57819.32187697962,57763.14470517449,0.18181818181619747,b3620733
2026-08-14T09:23:44+05:30,WAIT,Neutral,Ignore,Neutral,None,None,High,Rising,Above,Below,Above,Bearish,None,,,,,,2026-08-14T09:20:00+05:30,57747.0,57753.6,57753.6,57705.0,57747.0,7965.0,2956.5,224.0,57826.776422434166,57761.16322432587,7.454545454544132,b3620733
2026-08-14T09:24:44+05:30,ENTRY,Short,A+,Bearish,None,Bearish,High,Rising,At,Below,Below,Bearish,Bearish,vwap,,pullback,,,2026-08-14T09:20:00+05:30,57717.6,57753.6,57755.0,57705.0,57717.6,9322.5,2956.5,284.0,57821.430967888715,57760.16678483774,-5.345454545451503,b3620733
2026-08-14T09:25:00+05:30,WAIT,Neutral,Ignore,Bearish,None,Bearish,High,Rising,Above,Below,Above,Bearish,None,,,pullback,,rejection,2026-08-14T09:20:00+05:30,57739.0,57753.6,57755.0,57705.0,57739.0,9660.0,3339.0,300.0,57825.32187697962,57759.910183189655,-1.2000000000043656,b3620733
2026-08-14T09:25:14+05:30,WAIT,Neutral,Ignore,Bearish,None,None,Unknown,Flat,Above,Below,Above,None,None,,,,,,2026-08-14T09:25:00+05:30,57739.0,57739.0,57739.0,57739.0,57739.0,360.0,3339.0,14.0,57809.62699025605,57759.643244680854,-16.894886723574018,b3620733
2026-08-14T09:25:44+05:30,WAIT,Neutral,Ignore,Bearish,None,None,High,Flat,At,Below,Rejected,None,Bearish,,,,,,2026-08-14T09:25:00+05:30,57712.8,57739.0,57739.0,57712.8,57712.8,1080.0,3339.0,44.0,57804.86335389242,57758.80316390042,-16.56761399629613,b3620733
2026-08-14T09:26:00+05:30,WAIT,Neutral,Ignore,Bearish,None,None,High,Flat,At,Below,Above,None,Bearish,,,,,pullback,2026-08-14T09:25:00+05:30,57725.0,57739.0,57739.0,57712.8,57725.0,1440.0,3339.0,60.0,57807.0815357106,57758.387551229505,-18.24034126902552,b3620733
2026-08-14T09:26:14+05:30,WAIT,Neutral,Ignore,Bearish,None,None,High,Rising,At,Below,Above,None,Bearish,,,,,pullback,2026-08-14T09:25:00+05:30,57725.0,57739.0,57739.0,57712.8,57725.0,1710.0,3339.0,74.0,57807.0815357106,57758.08248730964,-2.5454545454558684,b3620733
2026-08-14T09:26:30+05:30,WAIT,Neutral,Ignore,Bearish,None,None,High,Rising,At,Below,Rejected,None,Bearish,,,,,,2026-08-14T09:25:00+05:30,57714.2,57739.0,57739.0,57712.8,57714.2,1980.0,3339.0,90.0,57805.117899346966,57757.6851609658,-4.509090909086808,b3620733
2026-08-14T09:26:44+05:30,WAIT,Neutral,Ignore,Neutral,None,None,High,Rising,Above,Below,Above,Bearish,None,,,,,,2026-08-14T09:25:00+05:30,57749.0,57739.0,57749.0,57712.8,57749.0,2250.0,3339.0,104.0,57811.445172074236,57757.60722831506,6.581818181817653,b3620733
2026-08-14T09:27:00+05:30,WAIT,Neutral,Ignore,Neutral,None,Bearish,High,Rising,At,Below,Above,Bearish,Bearish,,,,,trend,2026-08-14T09:25:00+05:30,57727.8,57739.0,57749.0,57712.8,57727.8,2520.0,3339.0,120.0,57807.59062661969,57757.342144268776,0.509090909094084,b3620733
2026-08-14T09:27:44+05:30,WAIT,Neutral,Ignore,Neutral,None,None,High,Rising,Above,Below,Above,Bearish,None,,,,,,2026-08-14T09:25:00+05:30,57750.0,57739.0,57750.0,57712.8,57750.0,2790.0,3339.0,164.0,57811.62699025605,57757.14696376102,0.18181818181619747,b3620733
2026-08-14T09:28:00+05:30,WAIT,Neutral,Ignore,Neutral,None,Bearish,High,Rising,Above,Below,Above,Bearish,None,,,,,,2026-08-14T09:25:00+05:30,57734.4,57739.0,57750.0,57712.8,57734.4,2880.0,3339.0,180.0,57808.79062661969,57757.080322265625,1.1999999999970896,b3620733
2026-08-14T09:28:30+05:30,WAIT,Neutral,Ignore,Neutral,None,Bearish,High,Rising,At,Below,Above,Bearish,Bearish,,,,,trend,2026-08-14T09:25:00+05:30,57725.0,57739.0,57750.0,57712.8,57725.0,3495.0,3339.0,210.0,57807.0815357106,57756.54293920536,-0.509090909094084,b3620733
2026-08-14T09:28:44+05:30,WAIT,Neutral,Ignore,Neutral,None,None,High,Rising,Above,Below,Above,Bearish,None,,,,,,2026-08-14T09:25:00+05:30,57748.4,57739.0,57750.0,57712.8,57748.4,3802.5,3339.0,224.0,57811.336081165144,57756.463806589236,-0.29090909090882633,b3620733
2026-08-14T09:29:00+05:30,WAIT,Neutral,Ignore,Neutral,None,Bearish,High,Rising,At,Below,Above,Bearish,Bearish,,,,,trend,2026-08-14T09:25:00+05:30,57725.0,57739.0,57750.0,57712.8,57725.0,4110.0,3339.0,240.0,57807.0815357106,57756.16098591549,-1.7090909090911737,b3620733
2026-08-14T09:29:44+05:30,WAIT,Neutral,Ignore,Bearish,None,Bearish,High,Rising,At,Below,Rejected,Bearish,Bearish,,,,,level,2026-08-14T09:25:00+05:30,57712.6,57739.0,57750.0,57712.6,57712.6,6112.5,3339.0,284.0,57804.82699025606,57754.13832560195,-6.509090909086808,b3620733
2026-08-14T09:30:14+05:30,WAIT,Neutral,Ignore,Bearish,None,None,Unknown,Rising,At,Below,Rejected,None,None,,,,,,2026-08-14T09:30:00+05:30,57712.6,57712.6,57712.6,57712.6,57712.6,3037.5,3606.0,14.0,57788.05844657314,57750.051503684525,-19.023089137459465,b3620733
2026-08-14T09:30:30+05:30,WAIT,Neutral,Ignore,Bearish,None,None,High,Rising,At,Below,Rejected,None,None,,,,,,2026-08-14T09:30:00+05:30,57712.6,57712.6,57712.6,57712.6,57712.6,6075.0,3606.0,30.0,57788.05844657314,57747.25610025802,-19.568543682915333,b3620733
2026-08-14T09:30:44+05:30,WAIT,Neutral,Ignore,Bearish,None,None,High,Rising,Below,Below,Below,None,Bearish,,,,,pullback,2026-08-14T09:30:00+05:30,57666.0,57712.6,57712.6,57666.0,57666.0,9112.5,3606.0,44.0,57779.58571930041,57741.61234779626,-25.241270955644723,b3620733
2026-08-14T09:31:30+05:30,WAIT,Neutral,Ignore,Bearish,None,None,High,Rising,Below,Below,Below,None,None,,,,,,2026-08-14T09:30:00+05:30,57704.6,57712.6,57712.6,57666.0,57704.6,13875.0,3606.0,90.0,57786.60390111859,57735.98308072997,-1.4545454545441316,b3620733
2026-08-14T09:31:44+05:30,WAIT,Neutral,Ignore,Bearish,None,None,High,Rising,Below,Below,Below,None,Bearish,,,,,pullback,2026-08-14T09:30:00+05:30,57654.8,57712.6,57712.6,57654.8,57654.8,14737.5,3606.0,104.0,57777.54935566405,57734.564443093754,-2.0363636363617843,b3620733
2026-08-14T09:32:00+05:30,WAIT,Neutral,Ignore,Neutral,None,None,High,Rising,Below,Below,Below,None,None,,,,,,2026-08-14T09:30:00+05:30,57704.6,57712.6,57712.6,57654.8,57704.6,15600.0,3606.0,120.0,57786.60390111859,57734.04982078853,4.509090909094084,b3620733
2026-08-14T09:32:30+05:30,WAIT,Neutral,Ignore,Neutral,None,None,High,Rising,At,Below,Above,None,None,,,,,,2026-08-14T09:30:00+05:30,57720.4,57712.6,57720.4,57654.8,57720.4,16170.0,3606.0,150.0,57789.47662839132,57733.79899586533,2.872727272726479,b3620733
2026-08-14T09:32:44+05:30,WAIT,Neutral,Ignore,Neutral,None,Bearish,High,Rising,Below,Below,Below,None,Bearish,,,,,,2026-08-14T09:30:00+05:30,57674.8,57712.6,57720.4,57654.8,57674.8,16455.0,3606.0,164.0,57781.18571930041,57733.469779735686,3.636363636360329,b3620733
2026-08-14T09:33:00+05:30,WAIT,Neutral,Ignore,Neutral,None,None,High,Rising,At,Below,Above,None,None,,,,,,2026-08-14T09:30:00+05:30,57717.6,57712.6,57720.4,57654.8,57717.6,16740.0,3606.0,180.0,57788.967537482225,57733.38171728972,2.363636363632395,b3620733
2026-08-14T09:33:14+05:30,WAIT,Neutral,Ignore,Neutral,None,Bearish,High,Rising,Below,Below,Below,None,Bearish,,,,,,2026-08-14T09:30:00+05:30,57686.4,57712.6,57720.4,57654.8,57686.4,17317.5,3606.0,194.0,57783.2948102095,57732.85932129964,-3.018181818180892,b3620733
2026-08-14T09:33:30+05:30,WAIT,Neutral,Ignore,Bearish,None,Bearish,High,Rising,Below,Below,Below,None,Bearish,,,pullback,,pullback,2026-08-14T09:30:00+05:30,57686.4,57712.6,57720.4,57654.8,57686.4,17895.0,3606.0,210.0,57783.2948102095,57732.34841473865,-6.1818181818161975,b3620733
2026-08-14T09:33:44+05:30,ENTRY,Long,A+,Bullish,None,None,High,Rising,Above,Below,Above,Bullish,Bullish,vwap,,,,,2026-08-14T09:30:00+05:30,57749.0,57712.6,57749.0,57654.8,57749.0,18472.5,3606.0,224.0,57794.67662839132,57732.52953807035,13.490909090905916,b3620733
2026-08-14T09:34:44+05:30,WAIT,Neutral,Ignore,Bearish,None,None,High,Rising,At,Below,Above,Bearish,None,,,,,rejection,2026-08-14T09:30:00+05:30,57725.0,57712.6,57749.8,57654.8,57725.0,19477.5,3606.0,284.0,57790.312992027684,57732.77440732012,-4.363636363632395,b3620733
2026-08-14T09:35:14+05:30,WAIT,Neutral,Ignore,Neutral,None,None,Unknown,Flat,Above,Below,Above,None,None,,,,,,2026-08-14T09:35:00+05:30,57747.8,57747.8,57747.8,57747.8,57747.8,240.0,4542.0,14.0,57782.58335711356,57732.82026431718,-12.093271277757594,b3620733
2026-08-14T09:35:30+05:30,WAIT,Neutral,Ignore,Neutral,None,None,Unknown,Flat,Above,Below,Above,None,Bullish,,,,,,2026-08-14T09:35:00+05:30,57748.4,57747.8,57748.4,57747.8,57748.4,480.0,4542.0,30.0,57782.69244802265,57732.888596491226,-12.129634914119379,b3620733
2026-08-14T09:35:40+05:30,WAIT,Neutral,Ignore,Neutral,None,None,Low,Flat,Above,Below,Above,None,Bullish,,,,,,2026-08-14T09:35:00+05:30,57748.4,57747.8,57748.4,57747.8,57748.4,480.0,4542.0,40.0,57782.69244802265,57732.888596491226,-12.129634914119379,b3620733
2026-08-14T09:35:44+05:30,WAIT,Neutral,Ignore,Bearish,None,Bearish,Unknown,Flat,At,Below,Above,Bearish,Bearish,,,,,volume,2026-08-14T09:35:00+05:30,57714.0,57747.8,57748.4,57714.0,57714.0,720.0,4542.0,44.0,57776.437902568105,57732.80611353712,-13.875089459579613,b3620733
2026-08-14T09:36:28+05:30,WAIT,Neutral,Ignore,Bearish,None,Bearish,Low,Flat,At,Below,Above,Bearish,Bearish,,,,,volume,2026-08-14T09:35:00+05:30,57729.8,57747.8,57748.4,57714.0,57729.8,1050.0,4542.0,88.0,57779.31062984083,57732.773412913724,-3.272727272727934,b3620733
2026-08-14T09:36:44+05:30,WAIT,Neutral,Ignore,Bullish,None,None,Low,Flat,Above,Below,Above,Bullish,Bullish,,,,volume,,2026-08-14T09:35:00+05:30,57748.0,57747.8,57748.4,57714.0,57748.0,1230.0,4542.0,104.0,57782.61972074992,57732.787777176854,6.1818181818161975,b3620733
2026-08-14T09:37:00+05:30,WAIT,Neutral,Ignore,Bullish,None,Bearish,Low,Flat,Above,Below,Above,Bullish,None,,,,,,2026-08-14T09:35:00+05:30,57747.6,57747.8,57748.4,57714.0,57747.6,1320.0,4542.0,120.0,57782.5469934772,57732.81177105832,3.854545454545587,b3620733
2026-08-14T09:37:30+05:30,WAIT,Neutral,Ignore,Bullish,None,None,Low,Flat,Above,Below,Above,Bullish,None,,,,,,2026-08-14T09:35:00+05:30,57747.8,57747.8,57748.4,57714.0,57747.8,1650.0,4542.0,150.0,57782.58335711356,57732.89967793881,3.890909090907371,b3620733
2026-08-14T09:37:44+05:30,WAIT,Neutral,Ignore,Neutral,None,Bearish,Low,Flat,At,Below,Above,Bearish,Bearish,,,,,,2026-08-14T09:35:00+05:30,57731.0,57747.8,57748.4,57714.0,57731.0,1815.0,4542.0,164.0,57779.528811659016,57732.894086165375,-3.0909090909044608,b3620733
2026-08-14T09:38:00+05:30,WAIT,Neutral,Ignore,Neutral,None,None,Low,Flat,Above,Below,Above,Bullish,None,,,,,,2026-08-14T09:35:00+05:30,57747.8,57747.8,57748.4,57714.0,57747.8,1980.0,4542.0,180.0,57782.58335711356,57732.937833511205,0.0363636363617843,b3620733
2026-08-14T09:38:14+05:30,WAIT,Neutral,Ignore,Neutral,None,None,Normal,Flat,Above,Below,Above,Bullish,None,,,,,,2026-08-14T09:35:00+05:30,57747.8,57747.8,57748.4,57714.0,57747.8,2557.5,4542.0,194.0,57782.58335711356,57733.088947576915,0.0363636363617843,b3620733
2026-08-14T09:38:30+05:30,WAIT,Neutral,Ignore,Neutral,None,Bearish,Normal,Flat,Above,Below,Above,Bullish,None,,,,,,2026-08-14T09:35:00+05:30,57743.2,57747.8,57748.4,57714.0,57743.2,3135.0,4542.0,210.0,57781.746993477194,57733.19071895425,-0.8363636363646947,b3620733
2026-08-14T09:38:44+05:30,ENTRY,Long,B,Bullish,None,None,Normal,Flat,Above,Above,Above,Bullish,Bullish,vwap,,,,,2026-08-14T09:35:00+05:30,57776.4,57747.8,57776.4,57714.0,57776.4,3712.5,4542.0,224.0,57787.78335711356,57733.6213019283,8.254545454547042,b3620733
2026-08-14T09:39:44+05:30,WAIT,Neutral,Ignore,Neutral,None,Bearish,Normal,Flat,Above,Below,Above,Bullish,None,,,,,,2026-08-14T09:35:00+05:30,57737.0,57747.8,57776.8,57714.0,57737.0,5122.5,4542.0,284.0,57780.61972074992,57734.38307012003,-7.163636363642581,b3620733
2026-08-14T09:40:14+05:30,WAIT,Neutral,Ignore,Neutral,None,None,Unknown,Flat,Above,Below,Above,Bullish,None,,,,,,2026-08-14T09:40:00+05:30,57737.0,57737.0,57737.0,57737.0,57737.0,112.5,4782.0,14.0,57772.68886243175,57734.40015062131,-14.185403772717109,b3620733
2026-08-14T09:40:30+05:30,WAIT,Neutral,Ignore,Neutral,None,None,Low,Flat,Above,Below,Above,Bullish,None,,,,,,2026-08-14T09:40:00+05:30,57737.0,57737.0,57737.0,57737.0,57737.0,225.0,4782.0,30.0,57772.68886243175,57734.405036331744,-15.167221954536217,b3620733
2026-08-14T09:40:44+05:30,WAIT,Neutral,Ignore,Neutral,None,None,Low,Flat,Above,Rejected,Above,Bullish,Bullish,,,,,,2026-08-14T09:40:00+05:30,57776.8,57737.0,57776.8,57737.0,57776.8,337.5,4782.0,44.0,57779.92522606812,57734.48455670877,-0.694494681803917,b3620733
2026-08-14T09:41:14+05:30,WAIT,Neutral,Ignore,Bullish,None,None,Low,Flat,Above,Rejected,Above,Bullish,Bullish,,,,,,2026-08-14T09:40:00+05:30,57776.8,57737.0,57776.8,57737.0,57776.8,547.5,4782.0,74.0,57779.92522606812,57734.632199376945,7.23636363636615,b3620733
2026-08-14T09:41:44+05:30,WAIT,Neutral,Ignore,Neutral,Bearish,None,Low,Flat,Above,Below,Above,Bullish,None,,,,,,2026-08-14T09:40:00+05:30,57745.0,57737.0,57776.8,57737.0,57745.0,742.5,4782.0,104.0,57774.1434078863,57734.717028940504,-5.781818181814742,b3620733
2026-08-14T09:42:00+05:30,WAIT,Neutral,Ignore,Neutral,None,None,Low,Flat,Above,Rejected,Above,Bullish,Bullish,,,,,,2026-08-14T09:40:00+05:30,57774.8,57737.0,57776.8,57737.0,57774.8,840.0,4782.0,120.0,57779.561589704485,57734.781646825395,-0.36363636363239493,b3620733
2026-08-14T09:42:44+05:30,WAIT,Neutral,Ignore,Neutral,Bearish,None,Low,Flat,Above,Below,Above,Bullish,None,,,,,,2026-08-14T09:40:00+05:30,57746.0,57737.0,57776.8,57737.0,57746.0,1200.0,4782.0,164.0,57774.32522606812,57734.961637080865,0.18181818181619747,b3620733
2026-08-14T09:43:00+05:30,WAIT,Neutral,Ignore,Neutral,None,None,Low,Flat,Above,Rejected,Above,Bullish,Bullish,,,,,,2026-08-14T09:40:00+05:30,57773.2,57737.0,57776.8,57737.0,57773.2,1320.0,4782.0,180.0,57779.27068061357,57735.03690944882,-0.2909090909161023,b3620733
2026-08-14T09:43:44+05:30,WAIT,Neutral,Ignore,Neutral,Bearish,None,Low,Flat,Above,Below,Above,Bullish,None,,,,,,2026-08-14T09:40:00+05:30,57745.0,57737.0,57776.8,57737.0,57745.0,1477.5,4782.0,224.0,57774.1434078863,57735.11103202847,-0.18181818181619747,b3620733
2026-08-14T09:45:00+05:30,WAIT,Neutral,Ignore,Neutral,Bearish,None,Low,Flat,At,Below,Above,Bullish,None,,,,,,2026-08-14T09:40:00+05:30,57745.0,57737.0,57776.8,57737.0,57745.0,1800.0,4839.0,300.0,57774.1434078863,57735.15964355469,0.0,b3620733
2026-08-14T09:45:14+05:30,WAIT,Neutral,Ignore,Neutral,None,None,Unknown,Flat,At,Below,Above,Bullish,None,,,,,,2026-08-14T09:45:00+05:30,57745.0,57745.0,57745.0,57745.0,57745.0,210.0,4839.0,14.0,57768.84460645243,57735.19316301703,-5.298801433869812,b3620733
2026-08-14T09:45:34+05:30,WAIT,Neutral,Ignore,Neutral,None,None,Low,Flat,At,Below,Above,Bullish,None,,,,,,2026-08-14T09:45:00+05:30,57744.2,57745.0,57745.0,57744.2,57744.2,420.0,4839.0,34.0,57768.69915190697,57735.223739088266,-5.807892342963896,b3620733
2026-08-14T09:45:44+05:30,WAIT,Neutral,Ignore,Neutral,Bullish,Bullish,Unknown,Flat,Above,Rejected,Above,Bullish,Bullish,,,,,,2026-08-14T09:45:00+05:30,57775.0,57745.0,57775.0,57744.2,57775.0,630.0,4839.0,44.0,57774.29915190698,57735.35831319478,1.0648349297698587,b3620733
2026-08-14T09:45:50+05:30,WAIT,Neutral,Ignore,Neutral,Bullish,Bullish,Low,Flat,Above,Rejected,Above,Bullish,Bullish,,,,,,2026-08-14T09:45:00+05:30,57775.0,57745.0,57775.0,57744.2,57775.0,630.0,4839.0,50.0,57774.29915190698,57735.35831319478,1.0648349297698587,b3620733
2026-08-14T09:46:00+05:30,WAIT,Neutral,Ignore,Neutral,Bearish,None,Unknown,Flat,Above,Rejected,Above,Bullish,Bullish,,,,,,2026-08-14T09:45:00+05:30,57770.0,57745.0,57775.0,57744.2,57770.0,840.0,4839.0,60.0,57773.39006099788,57735.47512042389,-0.7533468884212198,b3620733
2026-08-14T09:46:06+05:30,WAIT,Neutral,Ignore,Neutral,Bearish,None,Low,Flat,Above,Rejected,Above,Bullish,Bullish,,,,,,2026-08-14T09:45:00+05:30,57770.0,57745.0,57775.0,57744.2,57770.0,840.0,4839.0,66.0,57773.39006099788,57735.47512042389,-0.7533468884212198,b3620733
2026-08-14T09:46:14+05:30,WAIT,Neutral,Ignore,Bullish,Bearish,None,Unknown,Flat,Above,Rejected,Above,Bullish,Bullish,,,,,,2026-08-14T09:45:00+05:30,57770.0,57745.0,57775.0,57744.2,57770.0,1087.5,4839.0,74.0,57773.39006099788,57735.61177881732,4.545454545448592,b3620733
2026-08-14T09:46:26+05:30,WAIT,Neutral,Ignore,Bullish,Bearish,None,Low,Flat,Above,Rejected,Above,Bullish,Bullish,,,,,,2026-08-14T09:45:00+05:30,57770.0,57745.0,57775.0,57744.2,57770.0,1087.5,4839.0,86.0,57773.39006099788,57735.61177881732,4.545454545448592,b3620733
2026-08-14T09:46:30+05:30,WAIT,Neutral,Ignore,Bullish,Bearish,None,Normal,Flat,Above,Rejected,Above,Bullish,Bullish,,,,level,,2026-08-14T09:45:00+05:30,57770.0,57745.0,57775.0,57744.2,57770.0,1335.0,4839.0,90.0,57773.39006099788,57735.74735961768,4.6909090909102815,b3620733
2026-08-14T09:46:44+05:30,ENTRY,Long,B,Bullish,Bullish,Bullish,Normal,Flat,Above,Above,Above,Bullish,Bullish,ema+vwap,,,,,2026-08-14T09:45:00+05:30,57790.0,57745.0,57790.0,57744.2,57790.0,1582.5,4839.0,104.0,57777.02642463425,57735.960418898016,2.727272727272066,b3620733
2026-08-14T09:48:14+05:30,ENTRY,Long,A,Bullish,Bullish,Bullish,High,Flat,Above,Above,Above,Bullish,Bullish,ema+vwap,,,,,2026-08-14T09:45:00+05:30,57800.0,57745.0,57800.0,57744.2,57800.0,4785.0,4839.0,194.0,57778.84460645243,57738.900906002265,1.8181818181838025,b3620733
2026-08-14T09:50:14+05:30,WAIT,Neutral,Ignore,Bullish,None,None,Unknown,Rising,Above,Above,Above,None,None,,,,,,2026-08-14T09:50:00+05:30,57820.0,57820.0,57820.0,57820.0,57820.0,397.5,5533.5,14.0,57789.30261189083,57749.39562616456,7.548914529310423,b3620733
2026-08-14T09:50:44+05:30,WAIT,Neutral,Ignore,Bullish,None,Bullish,Unknown,Rising,Above,Above,Above,None,Bullish,,,,,,2026-08-14T09:50:00+05:30,57832.0,57820.0,57832.0,57814.0,57832.0,1192.5,5533.5,44.0,57791.48443007265,57750.15288750849,6.094369074766291,b3620733
2026-08-14T09:51:00+05:30,WAIT,Neutral,Ignore,Bullish,None,None,High,Rising,Above,Above,Above,None,None,,,,,,2026-08-14T09:50:00+05:30,57814.0,57820.0,57832.0,57814.0,57814.0,1590.0,5533.5,60.0,57788.21170279992,57750.47964465044,5.73073271112662,b3620733
2026-08-14T09:51:10+05:30,WAIT,Neutral,Ignore,Bullish,None,None,Normal,Rising,Above,Above,Above,None,None,,,,,,2026-08-14T09:50:00+05:30,57814.0,57820.0,57832.0,57814.0,57814.0,1590.0,5533.5,70.0,57788.21170279992,57750.47964465044,5.73073271112662,b3620733
2026-08-14T09:51:14+05:30,WAIT,Neutral,Ignore,Bullish,None,None,High,Rising,Above,Above,Above,None,None,,,,,,2026-08-14T09:50:00+05:30,57814.0,57820.0,57832.0,57814.0,57814.0,1875.0,5533.5,74.0,57788.21170279992,57750.71187223398,-1.0909090909117367,b3620733
2026-08-14T09:51:22+05:30,WAIT,Neutral,Ignore,Bullish,None,None,Normal,Rising,Above,Above,Above,None,None,,,,,,2026-08-14T09:50:00+05:30,57814.0,57820.0,57832.0,57814.0,57814.0,1875.0,5533.5,82.0,57788.21170279992,57750.71187223398,-1.0909090909117367,b3620733
2026-08-14T09:51:30+05:30,WAIT,Neutral,Ignore,Bullish,None,Bullish,High,Rising,Above,Above,Above,None,Bullish,,pullback,,pullback,,2026-08-14T09:50:00+05:30,57824.2,57820.0,57832.0,57814.0,57824.2,2160.0,5533.5,90.0,57790.066248254465,57750.97956288343,1.8545454545455868,b3620733
2026-08-14T09:51:34+05:30,WAIT,Neutral,Ignore,Bullish,None,Bullish,Normal,Rising,Above,Above,Above,None,Bullish,,pullback,,pullback,,2026-08-14T09:50:00+05:30,57824.2,57820.0,57832.0,57814.0,57824.2,2160.0,5533.5,94.0,57790.066248254465,57750.97956288343,1.8545454545455868,b3620733
2026-08-14T09:51:44+05:30,WAIT,Neutral,Ignore,Neutral,None,None,Normal,Rising,Above,Rejected,Above,None,None,,,,,,2026-08-14T09:50:00+05:30,57800.0,57820.0,57832.0,57800.0,57800.0,2445.0,5533.5,104.0,57785.66624825446,57751.15747851003,-5.8181818181838025,b3620733
2026-08-14T09:53:44+05:30,WAIT,Neutral,Ignore,Neutral,None,None,Normal,Rising,Above,Below,Above,None,None,,,,,,2026-08-14T09:50:00+05:30,57790.0,57820.0,57832.0,57790.0,57790.0,3502.5,5533.5,224.0,57783.84806643629,57751.793685797755,-1.4545454545441316,b3620733
2026-08-14T09:53:58+05:30,WAIT,Neutral,Ignore,Neutral,None,None,Low,Rising,Above,Below,Above,None,None,,,,,,2026-08-14T09:50:00+05:30,57790.0,57820.0,57832.0,57790.0,57790.0,3502.5,5533.5,238.0,57783.84806643629,57751.793685797755,-1.4545454545441316,b3620733
2026-08-14T09:54:30+05:30,WAIT,Neutral,Ignore,Neutral,None,None,Low,Rising,Above,Rejected,Above,None,None,,,,,,2026-08-14T09:50:00+05:30,57797.0,57820.0,57832.0,57790.0,57797.0,4005.0,5533.5,270.0,57785.120793709015,57752.04718112006,-0.9090909090882633,b3620733
2026-08-14T09:54:44+05:30,WAIT,Neutral,Ignore,Neutral,Bearish,Bearish,Low,Rising,Above,Below,Above,None,None,,,,,,2026-08-14T09:50:00+05:30,57765.0,57820.0,57832.0,57765.0,57765.0,4162.5,5533.5,284.0,57779.30261189083,57752.07260491635,-4.545454545455868,b3620733
2026-08-14T09:55:14+05:30,WAIT,Neutral,Ignore,Neutral,None,None,Unknown,Flat,Above,Below,Above,None,None,,,,,,2026-08-14T09:55:00+05:30,57765.0,57765.0,57765.0,57765.0,57765.0,495.0,5718.0,14.0,57776.70213700159,57752.17687743371,-7.14592943470052,b3620733
2026-08-14T09:55:44+05:30,ENTRY,Short,A,Bearish,None,None,High,Flat,At,Below,Above,Bearish,Bearish,vwap,,,,,2026-08-14T09:55:00+05:30,57742.0,57765.0,57765.0,57742.0,57742.0,1485.0,5718.0,44.0,57772.52031881977,57752.19287415277,-6.782293071060849,b3620733
2026-08-14T09:56:00+05:30,WAIT,Neutral,Ignore,Neutral,None,None,High,Flat,Above,Below,Above,Bullish,None,,,,,,2026-08-14T09:55:00+05:30,57765.0,57765.0,57765.0,57742.0,57765.0,1980.0,5718.0,60.0,57776.70213700159,57752.26982884195,-2.6004748892446514,b3620733
2026-08-14T09:56:26+05:30,WAIT,Neutral,Ignore,Neutral,None,None,Normal,Flat,Above,Below,Above,Bullish,None,,,,,,2026-08-14T09:55:00+05:30,57765.0,57765.0,57765.0,57742.0,57765.0,2032.5,5718.0,86.0,57776.70213700159,57752.2779364935,0.0,b3620733
2026-08-14T09:56:44+05:30,ENTRY,Long,B,Bullish,None,None,Normal,Flat,Above,Below,Above,Bullish,Bullish,vwap,,,,,2026-08-14T09:55:00+05:30,57770.0,57765.0,57770.0,57742.0,57770.0,2137.5,5718.0,104.0,57777.61122791068,57752.29730122672,5.090909090911737,b3620733
2026-08-14T09:57:44+05:30,ENTRY,Short,B,Bearish,Bearish,Bearish,Normal,Flat,At,Below,Above,Bearish,Bearish,ema+vwap,,,,,2026-08-14T09:55:00+05:30,57744.6,57765.0,57775.0,57742.0,57744.6,2775.0,5718.0,164.0,57772.993046092495,57752.38515779982,-4.618181818186713,b3620733
2026-08-14T09:58:00+05:30,WAIT,Neutral,Ignore,Neutral,None,None,Normal,Flat,Above,Below,Above,Bullish,Bullish,,,,trend,,2026-08-14T09:55:00+05:30,57775.0,57765.0,57775.0,57742.0,57775.0,2970.0,5718.0,180.0,57778.52031881977,57752.43805325657,0.9090909090882633,b3620733
2026-08-14T09:58:20+05:30,WAIT,Neutral,Ignore,Neutral,None,None,Low,Flat,Above,Below,Above,Bullish,Bullish,,,,,,2026-08-14T09:55:00+05:30,57775.0,57765.0,57775.0,57742.0,57775.0,3022.5,5718.0,200.0,57778.52031881977,57752.45225209026,0.9090909090882633,b3620733
2026-08-14T09:58:44+05:30,WAIT,Neutral,Ignore,Neutral,Bearish,Bearish,Low,Flat,At,Below,Above,Bearish,Bearish,,,,,,2026-08-14T09:55:00+05:30,57749.4,57765.0,57775.0,57742.0,57749.4,3127.5,5718.0,224.0,57773.86577336523,57752.46450570171,0.8727272727337549,b3620733
2026-08-14T09:59:00+05:30,WAIT,Neutral,Ignore,Neutral,None,None,Low,Flat,Above,Below,Above,Bullish,Bullish,,,,,,2026-08-14T09:55:00+05:30,57773.2,57765.0,57775.0,57742.0,57773.2,3180.0,5718.0,240.0,57778.1930460925,57752.47753050969,-0.32727272727061063,b3620733
2026-08-14T09:59:44+05:30,WAIT,Neutral,Ignore,Bullish,Bullish,Bullish,Low,Flat,Above,Rejected,Above,Bullish,Bullish,,,,,,2026-08-14T09:55:00+05:30,57795.0,57765.0,57795.0,57742.0,57795.0,3630.0,5718.0,284.0,57782.15668245614,57752.62099250268,8.290909090908826,b3620733
2026-08-14T10:00:00+05:30,WAIT,Neutral,Ignore,Bullish,Bullish,Bullish,Low,Flat,Above,Below,Above,Bullish,Bullish,,volume,,volume,,2026-08-14T09:55:00+05:30,57789.0,57765.0,57795.0,57742.0,57789.0,3780.0,5722.5,300.0,57781.065773365226,57752.68581610834,2.872727272726479,b3620733
2026-08-14T10:00:14+05:30,WAIT,Neutral,Ignore,Bullish,None,None,Unknown,Flat,Above,Below,Above,None,None,,,,,,2026-08-14T10:00:00+05:30,57789.0,57789.0,57789.0,57789.0,57789.0,97.5,5722.5,14.0,57782.50836002609,57752.72782771202,4.315313933591824,b3620733
2026-08-14T10:00:30+05:30,WAIT,Neutral,Ignore,Bullish,None,None,Low,Flat,Above,Below,Above,None,None,,,,,,2026-08-14T10:00:00+05:30,57789.0,57789.0,57789.0,57789.0,57789.0,195.0,5722.5,30.0,57782.50836002609,57752.76974222222,4.969859388140321,b3620733
2026-08-14T10:00:44+05:30,WAIT,Neutral,Ignore,Bullish,None,None,Low,Flat,Above,Above,Above,None,Bullish,,,,,,2026-08-14T10:00:00+05:30,57809.8,57789.0,57809.8,57789.0,57809.8,292.5,5722.5,44.0,57786.29017820791,57752.83556778833,4.133495751775627,b3620733
2026-08-14T10:01:00+05:30,WAIT,Neutral,Ignore,Bullish,None,None,Low,Flat,Above,Below,Above,None,None,,,,,,2026-08-14T10:00:00+05:30,57792.4,57789.0,57809.8,57789.0,57792.4,390.0,5722.5,60.0,57783.12654184428,57752.88118126996,2.060768479052058,b3620733
2026-08-14T10:01:44+05:30,WAIT,Neutral,Ignore,Neutral,Bearish,Bearish,Low,Flat,Above,Below,Above,None,None,,,,,,2026-08-14T10:00:00+05:30,57771.0,57789.0,57809.8,57771.0,57771.0,615.0,5722.5,104.0,57779.23563275336,57752.9671148063,-7.054545454549952,b3620733
2026-08-14T10:02:00+05:30,WAIT,Neutral,Ignore,Neutral,Bullish,None,Low,Flat,Above,Below,Above,None,None,,,,,,2026-08-14T10:00:00+05:30,57785.4,57789.0,57809.8,57771.0,57785.4,690.0,5722.5,120.0,57781.85381457155,57752.995775892545,-1.2727272727279342,b3620733
2026-08-14T10:03:30+05:30,WAIT,Neutral,Ignore,Neutral,Bearish,Bearish,Low,Flat,Above,Below,Above,None,None,,,,,,2026-08-14T10:00:00+05:30,57770.0,57789.0,57809.8,57770.0,57770.0,1080.0,5722.5,210.0,57779.05381457155,57753.12359254046,-3.272727272727934,b3620733
2026-08-14T10:03:44+05:30,WAIT,Neutral,Ignore,Bullish,Bullish,Bullish,Low,Flat,Above,Above,Above,None,Bullish,,volume,,,,2026-08-14T10:00:00+05:30,57808.8,57789.0,57809.8,57770.0,57808.8,1185.0,5722.5,224.0,57786.1083600261,57753.19207520647,4.981818181819108,b3620733
2026-08-14T10:04:00+05:30,WAIT,Neutral,Ignore,Bullish,Bullish,Bullish,Low,Flat,Above,Rejected,Above,None,Bullish,,,,,,2026-08-14T10:00:00+05:30,57802.4,57789.0,57809.8,57770.0,57802.4,1290.0,5722.5,240.0,57784.944723662455,57753.25252720253,3.1636363636353053,b3620733
2026-08-14T10:04:44+05:30,WAIT,Neutral,Ignore,Neutral,Bearish,Bearish,Low,Flat,Above,Below,Above,None,None,,,,,,2026-08-14T10:00:00+05:30,57771.8,57789.0,57809.8,57770.0,57771.8,1380.0,5722.5,284.0,57779.381087298825,57753.29349579243,-6.727272727272066,b3620733
2026-08-14T10:05:14+05:30,WAIT,Neutral,Ignore,Neutral,None,None,Unknown,Flat,Above,Below,Above,None,None,,,,,,2026-08-14T10:05:00+05:30,57771.8,57771.8,57771.8,57771.8,57771.8,45.0,5523.0,14.0,57778.00270778995,57753.30970397618,-6.942015872504271,b3620733
2026-08-14T10:05:30+05:30,WAIT,Neutral,Ignore,Neutral,None,None,Low,Flat,Above,Below,Above,None,None,,,,,,2026-08-14T10:05:00+05:30,57770.0,57771.8,57771.8,57770.0,57770.0,90.0,5523.0,30.0,57777.67543506267,57753.318469887956,-7.269288599782158,b3620733
2026-08-14T10:05:44+05:30,WAIT,Neutral,Ignore,Neutral,Bullish,Bullish,Low,Flat,Above,Below,Above,None,Bullish,,,,,,2026-08-14T10:05:00+05:30,57799.0,57771.8,57799.0,57770.0,57799.0,135.0,5523.0,44.0,57782.9481623354,57753.34244969379,3.567075036575261,b3620733
2026-08-14T10:06:00+05:30,WAIT,Neutral,Ignore,Neutral,Bearish,None,Low,Flat,Above,Below,Above,None,None,,,,,,2026-08-14T10:05:00+05:30,57772.0,57771.8,57799.0,57770.0,57772.0,180.0,5523.0,60.0,57778.03907142631,57753.35223854495,-1.3420158725130023,b3620733
2026-08-14T10:06:30+05:30,WAIT,Neutral,Ignore,Neutral,Bearish,Bearish,Low,Flat,Above,Below,Above,Bullish,None,,,,,,2026-08-14T10:05:00+05:30,57761.0,57771.8,57799.0,57761.0,57761.0,345.0,5523.0,90.0,57776.03907142631,57753.37748298133,-1.636363636360329,b3620733
2026-08-14T10:06:44+05:30,WAIT,Neutral,Ignore,Neutral,Bullish,Bullish,Low,Flat,Above,Below,Above,Bullish,Bullish,,,,,,2026-08-14T10:05:00+05:30,57794.8,57771.8,57799.0,57761.0,57794.8,427.5,5523.0,104.0,57782.18452597177,57753.417211613916,-0.7636363636338501,b3620733
2026-08-14T10:07:00+05:30,WAIT,Neutral,Ignore,Neutral,Bearish,Bearish,Low,Flat,Above,Below,Above,Bullish,None,,,,,,2026-08-14T10:05:00+05:30,57770.0,57771.8,57799.0,57761.0,57770.0,510.0,5523.0,120.0,57777.67543506267,57753.433101045295,-0.3636363636396709,b3620733
2026-08-14T10:07:44+05:30,WAIT,Neutral,Ignore,Neutral,Bullish,Bullish,Low,Flat,Above,Below,Above,Bullish,Bullish,,,,,,2026-08-14T10:05:00+05:30,57799.0,57771.8,57799.0,57761.0,57799.0,690.0,5523.0,164.0,57782.9481623354,57753.487830319886,0.7636363636338501,b3620733
2026-08-14T10:08:00+05:30,WAIT,Neutral,Ignore,Bullish,Bullish,Bullish,Low,Flat,Above,Below,Above,Bullish,Bullish,,volume,,volume,,2026-08-14T10:05:00+05:30,57798.8,57771.8,57799.0,57761.0,57798.8,750.0,5523.0,180.0,57782.91179869904,57753.51931897151,5.23636363636615,b3620733
2026-08-14T10:08:30+05:30,WAIT,Neutral,Ignore,Bullish,Bullish,Bullish,Low,Flat,Above,Rejected,Above,Bullish,Bullish,,,,,,2026-08-14T10:05:00+05:30,57800.0,57771.8,57800.0,57761.0,57800.0,1020.0,5523.0,210.0,57783.129980517224,57753.66234845861,5.454545454551408,b3620733
2026-08-14T10:08:44+05:30,WAIT,Neutral,Ignore,Bullish,Bullish,Bullish,Low,Flat,Above,Below,Above,Bullish,Bullish,,volume,,volume,,2026-08-14T10:05:00+05:30,57792.0,57771.8,57800.0,57761.0,57792.0,1155.0,5523.0,224.0,57781.67543506267,57753.72201279613,-1.2727272727279342,b3620733
2026-08-14T10:09:00+05:30,WAIT,Neutral,Ignore,Bullish,Bullish,Bullish,Low,Flat,Above,Rejected,Above,Bullish,Bullish,,,,,,2026-08-14T10:05:00+05:30,57800.0,57771.8,57800.0,57761.0,57800.0,1290.0,5523.0,240.0,57783.129980517224,57753.79392265193,0.21818181818525773,b3620733
2026-08-14T10:09:44+05:30,WAIT,Neutral,Ignore,Bullish,Bullish,Bullish,Low,Flat,Above,Above,Above,Bullish,Bullish,,volume,,volume,,2026-08-14T10:05:00+05:30,57833.0,57771.8,57833.0,57761.0,57833.0,2392.5,5523.0,284.0,57789.129980517224,57754.55253601568,7.454545454551408,b3620733
2026-08-14T10:10:14+05:30,WAIT,Neutral,Ignore,Bullish,None,None,Unknown,Rising,Above,Above,Above,None,None,,,,,,2026-08-14T10:10:00+05:30,57820.0,57820.0,57820.0,57820.0,57820.0,1305.0,5583.0,14.0,57792.80882703475,57755.77344821817,8.769755608438572,b3620733
2026-08-14T10:10:30+05:30,WAIT,Neutral,Ignore,Bullish,None,None,High,Rising,Above,Above,Above,None,None,,,,,,2026-08-14T10:10:00+05:30,57820.0,57820.0,57820.0,57820.0,57820.0,2610.0,5583.0,30.0,57792.80882703475,57756.694904353564,8.769755608438572,b3620733
2026-08-14T10:10:44+05:30,WAIT,Neutral,Ignore,Bullish,None,None,High,Rising,Above,Above,Above,None,Bullish,,,,pullback,,2026-08-14T10:10:00+05:30,57875.0,57820.0,57875.0,57820.0,57875.0,3915.0,5583.0,44.0,57802.80882703475,57758.36821655015,13.678846517526836,b3620733
2026-08-14T10:11:44+05:30,WAIT,Neutral,Ignore,Neutral,None,None,High,Rising,Above,Above,Above,None,Bullish,,,,,,2026-08-14T10:10:00+05:30,57850.0,57820.0,57878.0,57820.0,57850.0,7357.5,5583.0,104.0,57798.263372489295,57762.39956116292,-4.545454545455868,b3620733
2026-08-14T10:12:44+05:30,WAIT,Neutral,Ignore,Neutral,None,None,High,Rising,Above,Above,Above,None,None,,,,,,2026-08-14T10:10:00+05:30,57820.0,57820.0,57878.0,57820.0,57820.0,9307.5,5583.0,164.0,57792.80882703475,57764.07755164734,-5.454545454544132,b3620733
2026-08-14T10:15:14+05:30,WAIT,Neutral,Ignore,Bullish,None,None,Unknown,Flat,Above,Above,Above,None,None,,,,,,2026-08-14T10:15:00+05:30,57833.0,57833.0,57833.0,57833.0,57833.0,82.5,6052.5,14.0,57802.05019732595,57764.81192444815,9.241370291201747,b3620733
2026-08-14T10:15:30+05:30,WAIT,Neutral,Ignore,Bullish,None,None,Low,Flat,Above,Rejected,Above,None,None,,,,,,2026-08-14T10:15:00+05:30,57825.0,57833.0,57833.0,57825.0,57825.0,165.0,6052.5,30.0,57800.59565187141,57764.86210398666,7.786824836657615,b3620733
2026-08-14T10:15:44+05:30,WAIT,Neutral,Ignore,Bullish,None,Bullish,Low,Flat,Above,Above,Above,None,Bullish,,,,,,2026-08-14T10:15:00+05:30,57844.2,57833.0,57844.2,57825.0,57844.2,247.5,6052.5,44.0,57804.08656096232,57764.92819386596,8.914097563931136,b3620733
2026-08-14T10:16:00+05:30,WAIT,Neutral,Ignore,Bullish,None,None,Low,Flat,Above,Rejected,Above,None,None,,,,,,2026-08-14T10:15:00+05:30,57825.0,57833.0,57844.2,57825.0,57825.0,330.0,6052.5,60.0,57800.59565187141,57764.978193099276,5.4231884730179445,b3620733
2026-08-14T10:16:30+05:30,WAIT,Neutral,Ignore,Bullish,None,None,Low,Flat,Above,Above,Above,None,None,,,,,,2026-08-14T10:15:00+05:30,57830.2,57833.0,57844.2,57825.0,57830.2,825.0,6052.5,90.0,57801.541106416866,57765.289369070924,0.9454545454573235,b3620733
2026-08-14T10:16:44+05:30,WAIT,Neutral,Ignore,Neutral,None,None,Low,Flat,Above,Below,Above,None,None,,,,,,2026-08-14T10:15:00+05:30,57800.0,57833.0,57844.2,57800.0,57800.0,1072.5,6052.5,104.0,57796.05019732595,57765.37539616974,-8.03636363636906,b3620733
2026-08-14T10:17:00+05:30,WAIT,Neutral,Ignore,Neutral,None,None,Low,Flat,Above,Rejected,Above,None,None,,,,,,2026-08-14T10:15:00+05:30,57820.0,57833.0,57844.2,57800.0,57820.0,1320.0,6052.5,120.0,57799.68656096232,57765.51044351214,-0.9090909090882633,b3620733
2026-08-14T10:17:30+05:30,WAIT,Neutral,Ignore,Neutral,Bullish,None,Low,Flat,Above,Rejected,Above,None,None,,,,,,2026-08-14T10:15:00+05:30,57822.0,57833.0,57844.2,57800.0,57822.0,1440.0,6052.5,150.0,57800.05019732595,57765.57687818019,-1.490909090913192,b3620733
2026-08-14T10:17:44+05:30,WAIT,Neutral,Ignore,Neutral,None,None,Low,Flat,Above,Below,Above,None,None,,,,,,2026-08-14T10:15:00+05:30,57800.0,57833.0,57844.2,57800.0,57800.0,1500.0,6052.5,164.0,57796.05019732595,57765.59747233024,0.0,b3620733
2026-08-14T10:19:14+05:30,WAIT,Neutral,Ignore,Neutral,None,None,Low,Rising,Above,Below,Above,None,None,,,,,,2026-08-14T10:15:00+05:30,57800.0,57833.0,57844.2,57800.0,57800.0,2302.5,6052.5,254.0,57796.05019732595,57765.87769122339,-0.18181818182347342,b3620733
2026-08-14T10:19:44+05:30,WAIT,Neutral,Ignore,Neutral,Bearish,Bearish,Low,Rising,Above,Below,Above,Bullish,None,,,,,,2026-08-14T10:15:00+05:30,57771.0,57833.0,57844.2,57771.0,57771.0,3307.5,6052.5,284.0,57790.77747005323,57766.095452875925,-7.090909090904461,b3620733
2026-08-14T10:20:14+05:30,WAIT,Neutral,Ignore,Neutral,None,None,Unknown,Flat,Above,Below,Above,Bullish,None,,,,,,2026-08-14T10:20:00+05:30,57771.0,57771.0,57771.0,57771.0,57771.0,292.5,6159.0,14.0,57787.18156640719,57766.13334791166,-8.868630918761482,b3620733
2026-08-14T10:20:30+05:30,WAIT,Neutral,Ignore,Bearish,None,None,Unknown,Flat,Above,Below,Above,Bearish,Bearish,,,,,volume,2026-08-14T10:20:00+05:30,57765.6,57771.0,57771.0,57765.6,57765.6,585.0,6159.0,30.0,57786.19974822537,57766.13183602268,-10.75954000967613,b3620733
2026-08-14T10:20:36+05:30,WAIT,Neutral,Ignore,Bearish,None,None,Low,Flat,Above,Below,Above,Bearish,Bearish,,,,,volume,2026-08-14T10:20:00+05:30,57765.6,57771.0,57771.0,57765.6,57765.6,585.0,6159.0,36.0,57786.19974822537,57766.13183602268,-10.75954000967613,b3620733
2026-08-14T10:20:44+05:30,WAIT,Neutral,Ignore,Neutral,None,None,Unknown,Flat,Above,Below,Above,Bullish,Bullish,,,,,,2026-08-14T10:20:00+05:30,57790.0,57771.0,57790.0,57765.6,57790.0,877.5,6159.0,44.0,57790.636111861735,57766.19930419656,-0.1413581914966926,b3620733
2026-08-14T10:20:54+05:30,WAIT,Neutral,Ignore,Neutral,None,None,Low,Flat,Above,Below,Above,Bullish,Bullish,,,,,,2026-08-14T10:20:00+05:30,57790.0,57771.0,57790.0,57765.6,57790.0,877.5,6159.0,54.0,57790.636111861735,57766.19930419656,-0.1413581914966926,b3620733
2026-08-14T10:21:00+05:30,WAIT,Neutral,Ignore,Neutral,None,None,Unknown,Flat,Above,Below,Above,Bullish,Bullish,,,,,,2026-08-14T10:20:00+05:30,57790.0,57771.0,57790.0,57765.6,57790.0,1170.0,6159.0,60.0,57790.636111861735,57766.266392020814,-0.1413581914966926,b3620733
2026-08-14T10:21:12+05:30,WAIT,Neutral,Ignore,Neutral,None,None,Low,Flat,Above,Below,Above,Bullish,Bullish,,,,,,2026-08-14T10:20:00+05:30,57790.0,57771.0,57790.0,57765.6,57790.0,1170.0,6159.0,72.0,57790.636111861735,57766.266392020814,-0.1413581914966926,b3620733
2026-08-14T10:21:30+05:30,WAIT,Neutral,Ignore,Bullish,None,None,Low,Flat,Above,Below,Above,Bullish,Bullish,,,,volume,,2026-08-14T10:20:00+05:30,57790.0,57771.0,57790.0,57765.6,57790.0,1365.0,6159.0,90.0,57790.636111861735,57766.310907516956,4.4363636363632395,b3620733
2026-08-14T10:21:44+05:30,WAIT,Neutral,Ignore,Bullish,Bearish,None,Low,Flat,Above,Below,Above,Bullish,None,,,,,,2026-08-14T10:20:00+05:30,57771.0,57771.0,57790.0,57765.6,57771.0,1462.5,6159.0,104.0,57787.18156640719,57766.315300900904,-3.4545454545441316,b3620733
2026-08-14T10:23:44+05:30,WAIT,Neutral,Ignore,Bullish,Bearish,None,Low,Flat,Above,Below,Above,Bullish,Bullish,,,,volume,,2026-08-14T10:20:00+05:30,57781.8,57771.0,57790.0,57765.6,57781.8,1912.5,6159.0,224.0,57789.14520277083,57766.34457122354,1.2363636363661499,b3620733
2026-08-14T10:24:00+05:30,WAIT,Neutral,Ignore,Bullish,Bearish,None,Low,Flat,Above,Below,Above,Bullish,None,,,,,,2026-08-14T10:20:00+05:30,57772.2,57771.0,57790.0,57765.6,57772.2,1950.0,6159.0,240.0,57787.39974822537,57766.346671449064,0.0,b3620733
2026-08-14T10:24:44+05:30,WAIT,Neutral,Ignore,Bearish,Bearish,Bearish,Low,Flat,Above,Below,Above,Bearish,Bearish,,,volume,,volume,2026-08-14T10:20:00+05:30,57755.0,57771.0,57790.0,57755.0,57755.0,2377.5,6159.0,284.0,57784.272475498095,57766.34716010574,-4.872727272733755,b3620733
2026-08-14T10:25:14+05:30,WAIT,Neutral,Ignore,Bearish,None,None,Unknown,Flat,Above,Below,Above,None,None,,,,,,2026-08-14T10:25:00+05:30,57755.0,57755.0,57755.0,57755.0,57755.0,75.0,6156.0,14.0,57778.95020722572,57766.323698845,-8.449540999652527,b3620733
2026-08-14T10:25:30+05:30,WAIT,Neutral,Ignore,Bearish,None,None,Low,Flat,Above,Below,Above,None,None,,,,,,2026-08-14T10:25:00+05:30,57755.0,57755.0,57755.0,57755.0,57755.0,150.0,6156.0,30.0,57778.95020722572,57766.31563123397,-8.449540999652527,b3620733
2026-08-14T10:25:44+05:30,WAIT,Neutral,Ignore,Neutral,None,None,Low,Flat,Above,Below,Above,Bullish,Bullish,,,,,,2026-08-14T10:25:00+05:30,57779.0,57755.0,57779.0,57755.0,57779.0,225.0,6156.0,44.0,57783.31384358935,57766.324661825434,-0.9586319087466109,b3620733
2026-08-14T10:26:14+05:30,WAIT,Neutral,Ignore,Neutral,None,None,Low,Rising,Above,Below,Above,Bearish,None,,,,,,2026-08-14T10:25:00+05:30,57760.0,57755.0,57779.0,57755.0,57760.0,645.0,6156.0,74.0,57779.859298134805,57766.313019429865,0.9090909090882633,b3620733
2026-08-14T10:26:30+05:30,WAIT,Neutral,Ignore,Neutral,Bearish,Bearish,Low,Rising,Above,Below,Above,Bearish,Bearish,,,,,,2026-08-14T10:25:00+05:30,57753.0,57755.0,57779.0,57753.0,57753.0,990.0,6156.0,90.0,57778.58657086208,57766.269734238056,-0.3636363636396709,b3620733
2026-08-14T10:26:44+05:30,WAIT,Neutral,Ignore,Neutral,None,None,Low,Rising,Above,Below,Above,Bullish,Bullish,,,,,,2026-08-14T10:25:00+05:30,57771.2,57755.0,57779.0,57753.0,57771.2,1335.0,6156.0,104.0,57781.89566177117,57766.285712272795,-1.4181818181823473,b3620733
2026-08-14T10:27:00+05:30,WAIT,Neutral,Ignore,Bearish,Bearish,Bearish,Low,Rising,Above,Below,Above,Bearish,Bearish,,,volume,,volume,2026-08-14T10:25:00+05:30,57753.0,57755.0,57779.0,57753.0,57753.0,1680.0,6156.0,120.0,57778.58657086208,57766.24279494382,-4.727272727272066,b3620733
2026-08-14T10:27:30+05:30,WAIT,Neutral,Ignore,Bearish,Bearish,Bearish,Low,Rising,At,Below,Above,Bearish,Bearish,,,volume,,volume,2026-08-14T10:25:00+05:30,57750.2,57755.0,57779.0,57750.2,57750.2,1800.0,6156.0,150.0,57778.07747995299,57766.22636083053,-0.5090909090868081,b3620733
2026-08-14T10:27:44+05:30,WAIT,Neutral,Ignore,Neutral,None,None,Low,Rising,Above,Below,Above,Bullish,Bullish,,,,,,2026-08-14T10:25:00+05:30,57767.0,57755.0,57779.0,57750.2,57767.0,1860.0,6156.0,164.0,57781.13202540753,57766.22679472798,-0.7636363636338501,b3620733
2026-08-14T10:28:00+05:30,WAIT,Neutral,Ignore,Neutral,Bearish,Bearish,Low,Rising,At,Below,Above,Bearish,Bearish,,,,,,2026-08-14T10:25:00+05:30,57750.2,57755.0,57779.0,57750.2,57750.2,1920.0,6156.0,180.0,57778.07747995299,57766.21781109866,-0.5090909090868081,b3620733
2026-08-14T10:28:44+05:30,WAIT,Neutral,Ignore,Neutral,None,None,Low,Rising,Above,Below,Above,Bearish,None,,,,,,2026-08-14T10:25:00+05:30,57765.0,57755.0,57779.0,57750.0,57765.0,2100.0,6156.0,224.0,57780.76838904389,57766.19909065473,-0.3636363636396709,b3620733
2026-08-14T10:29:00+05:30,WAIT,Neutral,Ignore,Neutral,Bearish,Bearish,Low,Rising,At,Below,Above,Bearish,Bearish,,,,,,2026-08-14T10:25:00+05:30,57750.0,57755.0,57779.0,57750.0,57750.0,2160.0,6156.0,240.0,57778.04111631662,57766.19003076063,-0.03636363636906026,b3620733
2026-08-14T10:29:44+05:30,WAIT,Neutral,Ignore,Neutral,None,None,Low,Rising,Above,Below,Above,Bearish,None,,,,,,2026-08-14T10:25:00+05:30,57764.8,57755.0,57779.0,57750.0,57764.8,2317.5,6156.0,284.0,57780.73202540753,57766.173528795814,-0.0363636363617843,b3620733
2026-08-14T10:30:14+05:30,WAIT,Neutral,Ignore,Neutral,None,None,Unknown,Flat,Above,Below,Above,Bearish,None,,,,,,2026-08-14T10:30:00+05:30,57764.8,57764.8,57764.8,57764.8,57764.8,1372.5,6117.0,14.0,57777.83529351525,57766.15554943162,-0.2058228013702319,b3620733
2026-08-14T10:30:30+05:30,WAIT,Neutral,Ignore,Neutral,None,None,High,Flat,Above,Below,Above,Bearish,None,,,,,,2026-08-14T10:30:00+05:30,57764.8,57764.8,57764.8,57764.8,57764.8,2745.0,6117.0,30.0,57777.83529351525,57766.13867192815,-0.2058228013702319,b3620733
2026-08-14T10:30:44+05:30,ENTRY,Short,A,Bearish,None,None,High,Flat,Below,Below,Above,Bearish,Bearish,vwap,,,,,2026-08-14T10:30:00+05:30,57730.0,57764.8,57764.8,57730.0,57730.0,4117.5,6117.0,44.0,57771.50802078798,57765.694254418384,-9.224004619551124,b3620733
2026-08-14T10:31:00+05:30,WAIT,Neutral,Ignore,Bearish,None,None,High,Flat,At,Below,Above,Bearish,None,,,,,rejection,2026-08-14T10:30:00+05:30,57750.0,57764.8,57764.8,57730.0,57750.0,5490.0,6117.0,60.0,57775.14438442434,57765.503597981944,-5.587640983190795,b3620733
2026-08-14T10:31:14+05:30,ENTRY,Short,A+,Bearish,None,None,High,Rising,At,Below,Above,Bearish,Bearish,vwap,,,,,2026-08-14T10:30:00+05:30,57733.2,57764.8,57764.8,57730.0,57733.2,7117.5,6117.0,74.0,57772.0898389698,57765.04486617368,-5.745454545452958,b3620733
2026-08-14T10:31:30+05:30,WAIT,Neutral,Ignore,Bearish,None,None,High,Rising,At,Below,Above,Bearish,None,,,,,rejection,2026-08-14T10:30:00+05:30,57750.8,57764.8,57764.8,57730.0,57750.8,8745.0,6117.0,90.0,57775.2898389698,57764.84541231127,-2.5454545454485924,b3620733
2026-08-14T10:31:44+05:30,ENTRY,Short,A+,Bearish,None,None,High,Rising,Below,Below,Below,Bearish,Bearish,vwap,,,,,2026-08-14T10:30:00+05:30,57705.0,57764.8,57764.8,57705.0,57705.0,10372.5,6117.0,104.0,57766.962566242524,57764.01903913458,-4.545454545455868,b3620733
2026-08-14T10:32:44+05:30,WAIT,Neutral,Ignore,Neutral,None,None,High,Rising,At,Below,Above,Bearish,None,,,,,,2026-08-14T10:30:00+05:30,57733.0,57764.8,57764.8,57701.0,57733.0,13530.0,6117.0,164.0,57772.053475333436,57762.583862171545,5.090909090911737,b3620733
2026-08-14T10:33:00+05:30,WAIT,Neutral,Ignore,Neutral,None,None,High,Rising,Below,Below,Below,Bearish,Bearish,,,,,trend,2026-08-14T10:30:00+05:30,57703.6,57764.8,57764.8,57701.0,57703.6,14040.0,6117.0,180.0,57766.70802078798,57762.33633670698,-0.29090909090882633,b3620733
2026-08-14T10:33:44+05:30,ENTRY,Short,A+,Bearish,None,None,High,Rising,Below,Below,Below,Bearish,Bearish,vwap,,,,,2026-08-14T10:30:00+05:30,57697.0,57764.8,57764.8,57697.0,57697.0,15547.5,6117.0,224.0,57765.50802078798,57761.603608655896,-6.545454545455868,b3620733
2026-08-14T10:35:14+05:30,WAIT,Neutral,Ignore,Bearish,None,None,Unknown,Flat,Below,Below,Below,None,None,,,,,,2026-08-14T10:35:00+05:30,57700.0,57700.0,57700.0,57700.0,57700.0,307.5,6871.5,14.0,57754.04375254554,57760.95772269465,-11.97335915153235,b3620733
2026-08-14T10:35:34+05:30,WAIT,Neutral,Ignore,Bearish,None,None,Low,Flat,Below,Below,Below,None,None,,,,,,2026-08-14T10:35:00+05:30,57700.0,57700.0,57700.0,57700.0,57700.0,615.0,6871.5,34.0,57754.04375254554,57760.807363734806,-11.97335915153235,b3620733
2026-08-14T10:35:44+05:30,WAIT,Neutral,Ignore,Bearish,None,None,Unknown,Flat,Below,Below,Above,None,None,,,,,,2026-08-14T10:35:00+05:30,57731.4,57700.0,57731.4,57700.0,57731.4,922.5,6871.5,44.0,57759.75284345463,57760.73500570125,-7.936995515163289,b3620733
2026-08-14T10:35:52+05:30,WAIT,Neutral,Ignore,Bearish,None,None,Low,Flat,Below,Below,Above,None,None,,,,,,2026-08-14T10:35:00+05:30,57731.4,57700.0,57731.4,57700.0,57731.4,922.5,6871.5,52.0,57759.75284345463,57760.73500570125,-7.936995515163289,b3620733
2026-08-14T10:36:00+05:30,WAIT,Neutral,Ignore,Bearish,None,None,Unknown,Flat,Below,Below,Above,None,None,,,,,,2026-08-14T10:35:00+05:30,57724.4,57700.0,57731.4,57700.0,57724.4,1230.0,6871.5,60.0,57758.480116181905,57760.64582136015,-7.5733591515308945,b3620733
2026-08-14T10:36:08+05:30,WAIT,Neutral,Ignore,Bearish,None,None,Low,Flat,Below,Below,Above,None,None,,,,,,2026-08-14T10:35:00+05:30,57724.4,57700.0,57731.4,57700.0,57724.4,1230.0,6871.5,68.0,57758.480116181905,57760.64582136015,-7.5733591515308945,b3620733
2026-08-14T10:36:14+05:30,WAIT,Neutral,Ignore,Neutral,None,None,Low,Flat,Below,Below,Above,None,None,,,,,,2026-08-14T10:35:00+05:30,57724.4,57700.0,57731.4,57700.0,57724.4,1327.5,6871.5,74.0,57758.480116181905,57760.617634743074,4.4363636363632395,b3620733
2026-08-14T10:36:44+05:30,WAIT,Neutral,Ignore,Bearish,None,None,Low,Flat,Below,Below,Rejected,None,None,,,,,,2026-08-14T10:35:00+05:30,57705.0,57700.0,57731.4,57700.0,57705.0,1522.5,6871.5,104.0,57754.95284345463,57760.54632980947,-4.80000000000291,b3620733
2026-08-14T10:37:44+05:30,WAIT,Neutral,Ignore,Bearish,None,None,Low,Flat,Below,Below,Below,None,None,,,,,,2026-08-14T10:35:00+05:30,57701.0,57700.0,57731.4,57700.0,57701.0,1980.0,6871.5,164.0,57754.22557072736,57760.359164484646,-0.7272727272720658,b3620733
2026-08-14T10:38:00+05:30,WAIT,Neutral,Ignore,Bearish,None,None,Low,Flat,Below,Below,Rejected,None,None,,,,,,2026-08-14T10:35:00+05:30,57705.0,57700.0,57731.4,57700.0,57705.0,2100.0,6871.5,180.0,57754.95284345463,57760.306504161716,0.0,b3620733
2026-08-14T10:38:14+05:30,WAIT,Neutral,Ignore,Bearish,None,None,Low,Rising,Below,Below,Rejected,None,None,,,,,,2026-08-14T10:35:00+05:30,57705.0,57700.0,57731.4,57700.0,57705.0,2280.0,6871.5,194.0,57754.95284345463,57760.227701258606,-1.745454545452958,b3620733
2026-08-14T10:38:44+05:30,WAIT,Neutral,Ignore,Neutral,None,None,Low,Rising,Below,Below,Above,None,None,,,,,,2026-08-14T10:35:00+05:30,57729.6,57700.0,57731.4,57700.0,57729.6,2640.0,6871.5,224.0,57759.425570727355,57760.1057186834,5.19999999999709,b3620733
2026-08-14T10:39:14+05:30,WAIT,Neutral,Ignore,Neutral,None,None,Low,Flat,Below,Below,Above,None,None,,,,,,2026-08-14T10:35:00+05:30,57721.0,57700.0,57731.4,57700.0,57721.0,2940.0,6871.5,254.0,57757.86193436372,57760.01333569572,2.9090909090882633,b3620733
2026-08-14T10:39:44+05:30,WAIT,Neutral,Ignore,Neutral,None,None,Low,Flat,Below,Below,Rejected,None,None,,,,,,2026-08-14T10:35:00+05:30,57709.0,57700.0,57731.4,57700.0,57709.0,3180.0,6871.5,284.0,57755.6801161819,57759.92842489979,-3.745454545452958,b3620733
2026-08-14T10:40:00+05:30,WAIT,Neutral,Ignore,Neutral,None,None,Low,Flat,Below,Below,Above,None,None,,,,,,2026-08-14T10:35:00+05:30,57718.8,57700.0,57731.4,57700.0,57718.8,3300.0,6883.5,300.0,57757.461934363724,57759.88967020024,-0.39999999999417923,b3620733
2026-08-14T10:40:14+05:30,WAIT,Neutral,Ignore,Bearish,None,None,Unknown,Flat,Below,Below,Above,None,None,,,,,,2026-08-14T10:40:00+05:30,57718.8,57718.8,57718.8,57718.8,57718.8,285.0,6883.5,14.0,57750.43249175214,57759.797919849574,-7.42944261158118,b3620733
2026-08-14T10:40:32+05:30,WAIT,Neutral,Ignore,Bearish,None,None,Low,Flat,Below,Below,Above,None,None,,,,,,2026-08-14T10:40:00+05:30,57718.8,57718.8,57718.8,57718.8,57718.8,570.0,6883.5,32.0,57750.43249175214,57759.70657833021,-7.42944261158118,b3620733
2026-08-14T10:40:44+05:30,WAIT,Neutral,Ignore,Bearish,None,None,Low,Flat,Below,Below,Rejected,None,Bearish,,,,,,2026-08-14T10:40:00+05:30,57705.0,57718.8,57718.8,57705.0,57705.0,855.0,6883.5,44.0,57747.92340084305,57759.584965484966,-7.756715338851791,b3620733
2026-08-14T10:41:14+05:30,WAIT,Neutral,Ignore,Bearish,None,None,Low,Rising,Below,Below,Rejected,None,Bearish,,,,,,2026-08-14T10:40:00+05:30,57707.0,57718.8,57718.8,57705.0,57707.0,1230.0,6883.5,74.0,57748.28703720668,57759.43160289314,-2.145454545454413,b3620733
2026-08-14T10:42:44+05:30,WAIT,Neutral,Ignore,Bearish,None,None,Low,Rising,Below,Below,Above,None,None,,,,,,2026-08-14T10:40:00+05:30,57718.8,57718.8,57718.8,57701.0,57718.8,1860.0,6883.5,164.0,57750.43249175214,57759.183898305084,3.23636363636615,b3620733
2026-08-14T10:43:44+05:30,WAIT,Neutral,Ignore,Bearish,None,Bearish,Low,Rising,Below,Below,Rejected,None,Bearish,,,,,,2026-08-14T10:40:00+05:30,57705.2,57718.8,57719.0,57701.0,57705.2,2137.5,6883.5,224.0,57747.95976447941,57759.091920069506,-2.472727272725024,b3620733
2026-08-14T10:44:00+05:30,WAIT,Neutral,Ignore,Bearish,None,None,Low,Rising,Below,Below,Above,None,None,,,,,,2026-08-14T10:40:00+05:30,57719.0,57718.8,57719.0,57701.0,57719.0,2190.0,6883.5,240.0,57750.4688553885,57759.07567160723,0.0363636363617843,b3620733
2026-08-14T10:44:14+05:30,WAIT,Neutral,Ignore,Bearish,None,Bearish,Low,Flat,Below,Below,Rejected,None,Bearish,,,,,,2026-08-14T10:40:00+05:30,57706.0,57718.8,57719.0,57701.0,57706.0,2302.5,6883.5,254.0,57748.10521902487,57759.02961763175,-2.3272727272706106,b3620733
2026-08-14T10:44:44+05:30,WAIT,Neutral,Ignore,Bearish,None,None,Low,Flat,Below,Below,Above,None,None,,,,,,2026-08-14T10:40:00+05:30,57718.8,57718.8,57719.0,57701.0,57718.8,2527.5,6883.5,284.0,57750.43249175214,57758.9484899232,2.472727272725024,b3620733
2026-08-14T10:45:00+05:30,WAIT,Neutral,Ignore,Bearish,None,Bearish,Low,Flat,Below,Below,Rejected,None,Bearish,,,,,,2026-08-14T10:40:00+05:30,57710.0,57718.8,57719.0,57701.0,57710.0,2640.0,6885.0,300.0,57748.83249175214,57758.90612739442,-1.636363636360329,b3620733
2026-08-14T10:45:14+05:30,WAIT,Neutral,Ignore,Bearish,None,None,Unknown,Flat,Below,Below,Rejected,None,None,,,,,,2026-08-14T10:45:00+05:30,57710.0,57710.0,57710.0,57710.0,57710.0,285.0,6885.0,14.0,57741.772038706295,57758.79913644214,-6.333180318571976,b3620733
2026-08-14T10:45:32+05:30,WAIT,Neutral,Ignore,Bearish,None,None,Low,Flat,Below,Below,Rejected,None,None,,,,,,2026-08-14T10:45:00+05:30,57710.0,57710.0,57710.0,57710.0,57710.0,570.0,6885.0,32.0,57741.772038706295,57758.69261259191,-6.260453045841132,b3620733
2026-08-14T10:45:44+05:30,WAIT,Neutral,Ignore,Bearish,None,None,Low,Flat,Below,Below,Above,None,None,,,,,,2026-08-14T10:45:00+05:30,57718.0,57710.0,57718.0,57710.0,57718.0,855.0,6885.0,44.0,57743.22658416084,57758.60397798922,-7.205907591298455,b3620733
2026-08-14T10:46:44+05:30,WAIT,Neutral,Ignore,Bearish,None,Bearish,Low,Flat,Below,Below,Rejected,None,Bearish,,,,,,2026-08-14T10:45:00+05:30,57705.6,57710.0,57718.0,57705.6,57705.6,1477.5,6885.0,104.0,57740.97203870629,57758.40033088026,-2.254545454547042,b3620733
2026-08-14T10:47:14+05:30,WAIT,Neutral,Ignore,Bearish,None,Bearish,Low,Rising,Below,Below,Rejected,None,Bearish,,,,,,2026-08-14T10:45:00+05:30,57705.6,57710.0,57718.0,57705.6,57705.6,1672.5,6885.0,134.0,57740.97203870629,57758.322130447166,-2.2181818181852577,b3620733
2026-08-14T10:47:44+05:30,WAIT,Neutral,Ignore,Bearish,None,None,Low,Rising,Below,Below,Above,None,None,,,,,,2026-08-14T10:45:00+05:30,57717.8,57710.0,57718.0,57705.2,57717.8,1837.5,6885.0,164.0,57743.19022052448,57758.26352619901,2.2181818181852577,b3620733
2026-08-14T10:48:00+05:30,WAIT,Neutral,Ignore,Bearish,None,Bearish,Low,Rising,Below,Below,Rejected,None,Bearish,,,,,,2026-08-14T10:45:00+05:30,57705.2,57710.0,57718.0,57705.2,57705.2,1920.0,6885.0,180.0,57740.89931143357,57758.23033886741,-0.0727272727235686,b3620733
2026-08-14T10:48:44+05:30,WAIT,Neutral,Ignore,Bearish,None,None,Low,Rising,Below,Below,Above,None,None,,,,,,2026-08-14T10:45:00+05:30,57717.6,57710.0,57718.0,57701.4,57717.6,2415.0,6885.0,224.0,57743.153856888115,57758.04280049847,-0.0363636363617843,b3620733
2026-08-14T10:49:00+05:30,WAIT,Neutral,Ignore,Bearish,None,Bearish,Low,Rising,Below,Below,Rejected,None,Bearish,,,,,,2026-08-14T10:45:00+05:30,57709.0,57710.0,57718.0,57701.4,57709.0,2580.0,6885.0,240.0,57741.59022052448,57757.981760579314,0.6909090909102815,b3620733
2026-08-14T10:49:14+05:30,WAIT,Neutral,Ignore,Bearish,None,Bearish,Low,Flat,Below,Below,Rejected,None,Bearish,,,,,,2026-08-14T10:45:00+05:30,57709.0,57710.0,57718.0,57701.4,57709.0,2692.5,6885.0,254.0,57741.59022052448,57757.94022949522,0.6909090909102815,b3620733
2026-08-14T10:49:44+05:30,WAIT,Neutral,Ignore,Bearish,None,None,Low,Flat,Below,Below,Above,None,None,,,,,,2026-08-14T10:45:00+05:30,57718.0,57710.0,57718.0,57701.4,57718.0,2917.5,6885.0,284.0,57743.22658416084,57757.864996332035,0.0727272727235686,b3620733
2026-08-14T10:50:00+05:30,WAIT,Neutral,Ignore,Bearish,None,Bearish,Low,Flat,Below,Below,Rejected,None,Bearish,,,,,,2026-08-14T10:45:00+05:30,57709.0,57710.0,57718.0,57701.4,57709.0,3030.0,6898.5,300.0,57741.59022052448,57757.82366937303,0.0,b3620733
2026-08-14T10:50:14+05:30,WAIT,Neutral,Ignore,Bearish,None,None,Unknown,Flat,Below,Below,Rejected,None,None,,,,,,2026-08-14T10:50:00+05:30,57709.0,57709.0,57709.0,57709.0,57709.0,105.0,6898.5,14.0,57735.66472588367,57757.78516056338,-5.925494640810939,b3620733
2026-08-14T10:50:30+05:30,WAIT,Neutral,Ignore,Bearish,None,None,Low,Flat,Below,Below,Rejected,None,None,,,,,,2026-08-14T10:50:00+05:30,57709.0,57709.0,57709.0,57709.0,57709.0,210.0,6898.5,30.0,57735.66472588367,57757.74671245215,-5.925494640810939,b3620733
2026-08-14T10:50:44+05:30,WAIT,Neutral,Ignore,Bearish,None,None,Low,Flat,Below,Below,Above,None,None,,,,,,2026-08-14T10:50:00+05:30,57718.0,57709.0,57718.0,57709.0,57718.0,315.0,6898.5,44.0,57737.30108952003,57757.71541230735,-5.925494640810939,b3620733
2026-08-14T10:51:30+05:30,WAIT,Neutral,Ignore,Bearish,None,None,Low,Flat,Below,Below,Rejected,None,None,,,,,,2026-08-14T10:50:00+05:30,57710.0,57709.0,57718.0,57709.0,57710.0,1095.0,6898.5,90.0,57735.84654406548,57757.46429929538,0.18181818181619747,b3620733
2026-08-14T10:51:44+05:30,WAIT,Neutral,Ignore,Neutral,Bullish,None,Low,Flat,At,Below,Above,Bearish,None,,,,,,2026-08-14T10:50:00+05:30,57748.4,57709.0,57748.4,57709.0,57748.4,1432.5,6898.5,104.0,57742.8283622473,57757.44154627099,5.527272727274976,b3620733
2026-08-14T10:52:44+05:30,WAIT,Neutral,Ignore,Neutral,Bearish,None,Low,Flat,Below,Below,Above,Bearish,None,,,,,,2026-08-14T10:50:00+05:30,57731.6,57709.0,57748.4,57709.0,57731.6,1837.5,6898.5,164.0,57739.77381679275,57757.41159001168,-3.0545454545499524,b3620733
2026-08-14T10:53:00+05:30,WAIT,Neutral,Ignore,Neutral,Bearish,None,Low,Flat,At,Below,Above,Bearish,None,,,,,,2026-08-14T10:50:00+05:30,57740.0,57709.0,57748.4,57709.0,57740.0,1860.0,6898.5,180.0,57741.30108952003,57757.40868549822,-1.5272727272749762,b3620733
2026-08-14T10:53:44+05:30,WAIT,Neutral,Ignore,Neutral,Bearish,None,Low,Flat,Below,Below,Above,Bearish,None,,,,,,2026-08-14T10:50:00+05:30,57713.4,57709.0,57748.4,57709.0,57713.4,2265.0,6898.5,224.0,57736.46472588366,57757.33002550172,-3.3090909090897185,b3620733
2026-08-14T10:54:44+05:30,WAIT,Neutral,Ignore,Neutral,Bullish,None,Low,Flat,At,Below,Above,Bearish,None,,,,,,2026-08-14T10:50:00+05:30,57743.8,57709.0,57748.4,57709.0,57743.8,2760.0,6898.5,284.0,57741.99199861094,57757.209489615554,5.527272727274976,b3620733
2026-08-14T10:55:14+05:30,WAIT,Neutral,Ignore,Neutral,None,None,Unknown,Flat,At,Below,Above,None,None,,,,,,2026-08-14T10:55:00+05:30,57743.8,57743.8,57743.8,57743.8,57743.8,420.0,6795.0,14.0,57742.320726136226,57757.156371038735,4.910545707105484,b3620733
2026-08-14T10:55:44+05:30,WAIT,Neutral,Ignore,Neutral,Bearish,None,Unknown,Flat,Below,Below,Above,None,Bearish,,,,,,2026-08-14T10:55:00+05:30,57730.0,57743.8,57743.8,57730.0,57730.0,1260.0,6795.0,44.0,57739.81163522713,57757.03231627297,-2.1803633838062524,b3620733
2026-08-14T10:56:00+05:30,WAIT,Neutral,Ignore,Neutral,Bearish,None,Unknown,Flat,At,Below,Above,None,Bearish,,,,,,2026-08-14T10:55:00+05:30,57735.0,57743.8,57743.8,57730.0,57735.0,1680.0,6795.0,60.0,57740.72072613622,57756.96505669429,-1.271272474717989,b3620733
2026-08-14T10:56:34+05:30,WAIT,Neutral,Ignore,Neutral,Bearish,None,Low,Flat,At,Below,Above,None,Bearish,,,,,,2026-08-14T10:55:00+05:30,57735.0,57743.8,57743.8,57730.0,57735.0,1680.0,6795.0,94.0,57740.72072613622,57756.96505669429,-1.6000000000058208,b3620733
2026-08-14T10:57:14+05:30,WAIT,Neutral,Ignore,Neutral,Bearish,None,Low,Rising,At,Below,Above,None,Bearish,,,,,,2026-08-14T10:55:00+05:30,57735.0,57743.8,57743.8,57730.0,57735.0,1740.0,6795.0,134.0,57740.72072613622,57756.955481691366,0.0,b3620733
2026-08-14T10:57:44+05:30,WAIT,Neutral,Ignore,Bearish,Bearish,None,Low,Rising,Below,Below,Above,None,Bearish,,,,,,2026-08-14T10:55:00+05:30,57711.0,57743.8,57743.8,57711.0,57711.0,1860.0,6795.0,164.0,57736.35708977259,57756.92590374564,-4.363636363632395,b3620733
2026-08-14T10:58:44+05:30,WAIT,Neutral,Ignore,Bearish,Bearish,None,Low,Rising,Below,Below,Rejected,None,Bearish,,,,,,2026-08-14T10:55:00+05:30,57701.0,57743.8,57743.8,57701.0,57701.0,2257.5,6795.0,224.0,57734.538907954404,57756.78920796917,-1.8181818181838025,b3620733
2026-08-14T10:59:14+05:30,WAIT,Neutral,Ignore,Bearish,Bearish,None,Low,Flat,Below,Below,Rejected,None,Bearish,,,,,,2026-08-14T10:55:00+05:30,57701.0,57743.8,57743.8,57701.0,57701.0,2752.5,6795.0,254.0,57734.538907954404,57756.59003624169,-1.8181818181838025,b3620733
2026-08-14T10:59:44+05:30,WAIT,Neutral,Ignore,Bearish,Bearish,None,Low,Flat,Below,Below,Below,None,Bearish,,,,,,2026-08-14T10:55:00+05:30,57685.0,57743.8,57743.8,57685.0,57685.0,3517.5,6795.0,284.0,57731.629817045316,57756.24111033407,-2.9090909090882633,b3620733
2026-08-14T11:00:14+05:30,WAIT,Neutral,Ignore,Bearish,None,None,Unknown,Flat,Below,Below,Below,None,None,,,,,,2026-08-14T11:00:00+05:30,57689.2,57689.2,57689.2,57689.2,57689.2,825.0,6081.0,14.0,57723.915304855254,57755.65402666666,-10.623603099149477,b3620733
2026-08-14T11:00:30+05:30,WAIT,Neutral,Ignore,Bearish,None,None,High,Flat,Below,Below,Below,None,None,,,,,,2026-08-14T11:00:00+05:30,57689.2,57689.2,57689.2,57689.2,57689.2,1650.0,6081.0,30.0,57723.915304855254,57755.2664369035,-10.623603099149477,b3620733
2026-08-14T11:00:44+05:30,WAIT,Neutral,Ignore,Bearish,None,None,High,Flat,Below,Below,Below,None,Bearish,,,,,pullback,2026-08-14T11:00:00+05:30,57666.0,57689.2,57689.2,57666.0,57666.0,2475.0,6081.0,44.0,57719.69712303708,57754.74881391671,-11.932694008239196,b3620733
2026-08-14T11:01:44+05:30,WAIT,Neutral,Ignore,Bearish,None,None,High,Flat,Below,Below,Below,None,None,,,,,,2026-08-14T11:00:00+05:30,57688.8,57689.2,57689.2,57666.0,57688.8,3907.5,6081.0,104.0,57723.84257758253,57753.92713323939,4.145454545454413,b3620733
2026-08-14T11:02:00+05:30,WAIT,Neutral,Ignore,Bearish,None,None,High,Flat,Below,Below,Below,None,Bearish,,,,,pullback,2026-08-14T11:00:00+05:30,57670.0,57689.2,57689.2,57666.0,57670.0,4110.0,6081.0,120.0,57720.42439576435,57753.80903689806,0.0,b3620733
2026-08-14T11:02:44+05:30,WAIT,Neutral,Ignore,Bearish,None,None,High,Flat,Below,Below,Below,None,None,,,,,,2026-08-14T11:00:00+05:30,57685.8,57689.2,57689.2,57666.0,57685.8,4807.5,6081.0,164.0,57723.297123037075,57753.430195529276,-0.5454545454558684,b3620733
2026-08-14T11:03:24+05:30,WAIT,Neutral,Ignore,Bearish,None,None,Normal,Flat,Below,Below,Below,None,None,,,,,,2026-08-14T11:00:00+05:30,57685.8,57689.2,57689.2,57666.0,57685.8,5167.5,6081.0,204.0,57723.297123037075,57753.26224843499,2.872727272726479,b3620733
2026-08-14T11:03:44+05:30,WAIT,Neutral,Ignore,Bearish,None,None,Normal,Flat,Below,Below,Below,None,Bearish,,,,,pullback,2026-08-14T11:00:00+05:30,57675.4,57689.2,57689.2,57666.0,57675.4,5422.5,6081.0,224.0,57721.40621394617,57753.1346588855,-1.8909090909073711,b3620733
2026-08-14T11:04:00+05:30,WAIT,Neutral,Ignore,Bearish,None,None,Normal,Flat,Below,Below,Below,None,None,,,,,,2026-08-14T11:00:00+05:30,57680.0,57689.2,57689.2,57666.0,57680.0,5550.0,6081.0,240.0,57722.24257758253,57753.070505675954,-1.0545454545426765,b3620733
2026-08-14T11:05:14+05:30,WAIT,Neutral,Ignore,Bearish,None,None,Unknown,Flat,Below,Below,Below,None,None,,,,,,2026-08-14T11:05:00+05:30,57685.2,57685.2,57685.2,57685.2,57685.2,202.5,5907.0,14.0,57716.28111719562,57752.67278230978,-5.961460386912222,b3620733
2026-08-14T11:05:30+05:30,WAIT,Neutral,Ignore,Bearish,None,None,Low,Flat,Below,Below,Below,None,Bearish,,,,,,2026-08-14T11:05:00+05:30,57685.0,57685.2,57685.2,57685.0,57685.0,405.0,5907.0,30.0,57716.24475355926,57752.57916794754,-5.997824023274006,b3620733
2026-08-14T11:05:44+05:30,WAIT,Neutral,Ignore,Bearish,None,None,Low,Flat,Below,Below,Above,None,None,,,,,,2026-08-14T11:05:00+05:30,57705.4,57685.2,57705.4,57685.0,57705.4,607.5,5907.0,44.0,57719.95384446835,57752.51399334868,-3.2341876596328802,b3620733
2026-08-14T11:06:00+05:30,WAIT,Neutral,Ignore,Bearish,None,None,Low,Flat,Below,Below,Rejected,None,None,,,,,,2026-08-14T11:05:00+05:30,57700.0,57685.2,57705.4,57685.0,57700.0,810.0,5907.0,60.0,57718.97202628653,57752.44154915185,-4.216005841451988,b3620733
2026-08-14T11:06:44+05:30,WAIT,Neutral,Ignore,Bearish,None,None,Low,Flat,Below,Below,Above,None,None,,,,,,2026-08-14T11:05:00+05:30,57705.2,57685.2,57705.4,57685.0,57705.2,1282.5,5907.0,104.0,57719.91748083199,57752.278848994145,-0.0363636363617843,b3620733
2026-08-14T11:07:00+05:30,WAIT,Neutral,Ignore,Bearish,None,None,Low,Flat,Below,Below,Rejected,None,None,,,,,,2026-08-14T11:05:00+05:30,57703.4,57685.2,57705.4,57685.0,57703.4,1440.0,5907.0,120.0,57719.59020810471,57752.22662800163,0.618181818179437,b3620733
2026-08-14T11:07:14+05:30,WAIT,Neutral,Ignore,Bearish,None,None,Low,Rising,Below,Below,Below,None,None,,,,,,2026-08-14T11:05:00+05:30,57690.0,57685.2,57705.4,57685.0,57690.0,1605.0,5907.0,134.0,57717.15384446835,57752.157058644174,-1.8181818181838025,b3620733
2026-08-14T11:07:30+05:30,WAIT,Neutral,Ignore,Bearish,None,Bearish,Low,Rising,Below,Below,Below,None,Bearish,,,,,,2026-08-14T11:05:00+05:30,57680.0,57685.2,57705.4,57680.0,57680.0,1770.0,5907.0,150.0,57715.33566265017,57752.07647715736,-3.636363636360329,b3620733
2026-08-14T11:07:44+05:30,WAIT,Neutral,Ignore,Bearish,None,None,Low,Rising,Below,Below,Rejected,None,None,,,,,,2026-08-14T11:05:00+05:30,57703.4,57685.2,57705.4,57680.0,57703.4,1935.0,5907.0,164.0,57719.59020810471,57752.022178278065,-0.3272727272778866,b3620733
2026-08-14T11:08:00+05:30,WAIT,Neutral,Ignore,Bearish,None,Bearish,Low,Rising,Below,Below,Below,None,Bearish,,,,,,2026-08-14T11:05:00+05:30,57680.0,57685.2,57705.4,57680.0,57680.0,2100.0,5907.0,180.0,57715.33566265017,57751.94192666127,-4.254545454539766,b3620733
2026-08-14T11:08:44+05:30,WAIT,Neutral,Ignore,Bearish,None,None,Low,Rising,Below,Below,Below,None,None,,,,,,2026-08-14T11:05:00+05:30,57689.8,57685.2,57705.4,57680.0,57689.8,2302.5,5907.0,224.0,57717.117480831985,57751.848141216935,-2.472727272725024,b3620733
2026-08-14T11:09:00+05:30,WAIT,Neutral,Ignore,Bearish,None,Bearish,Low,Rising,Below,Below,Below,None,Bearish,,,,,,2026-08-14T11:05:00+05:30,57680.0,57685.2,57705.4,57680.0,57680.0,2370.0,5907.0,240.0,57715.33566265017,57751.81544994944,0.0,b3620733
2026-08-14T11:09:44+05:30,WAIT,Neutral,Ignore,Bearish,None,None,Low,Rising,Below,Below,Below,None,None,,,,,,2026-08-14T11:05:00+05:30,57690.0,57685.2,57705.4,57680.0,57690.0,2865.0,5907.0,284.0,57717.15384446835,57751.58770533105,0.0363636363617843,b3620733
2026-08-14T11:10:00+05:30,WAIT,Neutral,Ignore,Bearish,None,Bearish,Low,Rising,Below,Below,Below,None,Bearish,,,,,,2026-08-14T11:05:00+05:30,57680.0,57685.2,57705.4,57680.0,57680.0,3030.0,5719.5,300.0,57715.33566265017,57751.50843567546,0.0,b3620733
2026-08-14T11:10:14+05:30,WAIT,Neutral,Ignore,Bearish,None,None,Unknown,Flat,Below,Below,Below,None,None,,,,,,2026-08-14T11:10:00+05:30,57680.0,57680.0,57680.0,57680.0,57680.0,142.5,5719.5,14.0,57708.91099671378,57751.44011665913,-6.424665936392557,b3620733
2026-08-14T11:10:30+05:30,WAIT,Neutral,Ignore,Bearish,None,None,Low,Flat,Below,Below,Below,None,None,,,,,,2026-08-14T11:10:00+05:30,57680.0,57680.0,57680.0,57680.0,57680.0,285.0,5719.5,30.0,57708.91099671378,57751.37192806189,-6.424665936392557,b3620733
2026-08-14T11:11:44+05:30,WAIT,Neutral,Ignore,Bearish,None,Bearish,Normal,Flat,Below,Below,Below,None,Bearish,,,pullback,,pullback,2026-08-14T11:10:00+05:30,57670.0,57680.0,57683.0,57670.0,57670.0,1852.5,5719.5,104.0,57707.09281489559,57750.60485210042,-2.363636363639671,b3620733
2026-08-14T11:12:14+05:30,WAIT,Neutral,Ignore,Bearish,None,Bearish,Normal,Rising,Below,Below,Below,None,Bearish,,,pullback,,pullback,2026-08-14T11:10:00+05:30,57670.6,57680.0,57683.0,57670.0,57670.6,2955.0,5719.5,134.0,57707.201905804686,57750.024420096735,-1.7090909090911737,b3620733
2026-08-14T11:12:44+05:30,WAIT,Neutral,Ignore,Bearish,None,None,High,Rising,Below,Below,Below,None,None,,,,,,2026-08-14T11:10:00+05:30,57687.0,57680.0,57687.0,57665.8,57687.0,4305.0,5719.5,164.0,57710.183723986505,57749.37612758047,3.0909090909117367,b3620733
2026-08-14T11:13:00+05:30,WAIT,Neutral,Ignore,Bearish,None,Bearish,High,Rising,Below,Below,Below,None,Bearish,,,pullback,,pullback,2026-08-14T11:10:00+05:30,57670.0,57680.0,57687.0,57665.8,57670.0,4980.0,5719.5,180.0,57707.09281489559,57749.02819014222,-0.10909090909262886,b3620733
2026-08-14T11:14:44+05:30,WAIT,Neutral,Ignore,Bearish,None,None,High,Rising,Below,Below,Below,None,None,,,,,,2026-08-14T11:10:00+05:30,57680.0,57680.0,57687.0,57665.0,57680.0,8685.0,5719.5,284.0,57708.91099671378,57747.1502330448,2.727272727272066,b3620733
2026-08-14T11:15:00+05:30,WAIT,Neutral,Ignore,Bearish,None,Bearish,High,Rising,Below,Below,Below,None,Bearish,,,pullback,,pullback,2026-08-14T11:10:00+05:30,57675.0,57680.0,57687.0,57665.0,57675.0,8940.0,5185.5,300.0,57708.00190580468,57747.03375118708,1.7818181818147423,b3620733
2026-08-14T11:15:14+05:30,WAIT,Neutral,Ignore,Bearish,None,None,Unknown,Flat,Below,Below,Below,None,None,,,,,,2026-08-14T11:15:00+05:30,57675.0,57675.0,57675.0,57675.0,57675.0,112.5,5185.5,14.0,57702.00155929474,57746.98248161328,-4.5094374190375675,b3620733
2026-08-14T11:15:30+05:30,WAIT,Neutral,Ignore,Bearish,None,None,Low,Flat,Below,Below,Below,None,None,,,,,,2026-08-14T11:15:00+05:30,57675.0,57675.0,57675.0,57675.0,57675.0,225.0,5185.5,30.0,57702.00155929474,57746.93128496918,-4.5094374190375675,b3620733
2026-08-14T11:15:44+05:30,WAIT,Neutral,Ignore,Bearish,None,None,Low,Flat,Below,Below,Below,None,Bearish,,,,,,2026-08-14T11:15:00+05:30,57665.0,57675.0,57675.0,57665.0,57665.0,337.5,5185.5,44.0,57700.183377476555,57746.87305377873,-8.727619237222825,b3620733
2026-08-14T11:16:00+05:30,WAIT,Neutral,Ignore,Bearish,None,None,Low,Flat,Below,Below,Below,None,None,,,,,,2026-08-14T11:15:00+05:30,57670.4,57675.0,57675.0,57665.0,57670.4,450.0,5185.5,60.0,57701.165195658374,57746.8187405303,-6.836710146308178,b3620733
2026-08-14T11:16:30+05:30,WAIT,Neutral,Ignore,Bearish,None,None,Low,Flat,Below,Below,Below,None,Bearish,,,,,,2026-08-14T11:15:00+05:30,57670.0,57675.0,57675.0,57665.0,57670.0,960.0,5185.5,90.0,57701.09246838565,57746.57637341892,-0.9090909090882633,b3620733
2026-08-14T11:16:44+05:30,WAIT,Neutral,Ignore,Bearish,None,None,Low,Flat,Below,Below,Below,None,None,,,,,,2026-08-14T11:15:00+05:30,57680.2,57675.0,57680.2,57665.0,57680.2,1215.0,5185.5,104.0,57702.947013840196,57746.4700310998,2.763636363641126,b3620733
2026-08-14T11:17:00+05:30,WAIT,Neutral,Ignore,Bearish,None,Bearish,Low,Flat,Below,Below,Below,None,Bearish,,,,,,2026-08-14T11:15:00+05:30,57670.0,57675.0,57680.2,57665.0,57670.0,1470.0,5185.5,120.0,57701.09246838565,57746.34771358675,-0.0727272727235686,b3620733
2026-08-14T11:17:44+05:30,WAIT,Neutral,Ignore,Bearish,None,None,Low,Flat,Below,Below,Below,None,None,,,,,,2026-08-14T11:15:00+05:30,57680.2,57675.0,57680.2,57665.0,57680.2,1672.5,5185.5,164.0,57702.947013840196,57746.25517079359,0.0,b3620733
2026-08-14T11:18:00+05:30,WAIT,Neutral,Ignore,Bearish,None,Bearish,Low,Flat,Below,Below,Below,None,Bearish,,,,,,2026-08-14T11:15:00+05:30,57671.0,57675.0,57680.2,57665.0,57671.0,1740.0,5185.5,180.0,57701.274286567466,57746.22336088672,0.18181818181619747,b3620733
2026-08-14T11:18:14+05:30,WAIT,Neutral,Ignore,Bearish,None,Bearish,Low,Rising,Below,Below,Below,None,Bearish,,,,,,2026-08-14T11:15:00+05:30,57671.0,57675.0,57680.2,57665.0,57671.0,2017.5,5185.5,194.0,57701.274286567466,57746.09286886399,0.18181818181619747,b3620733
2026-08-14T11:18:44+05:30,WAIT,Neutral,Ignore,Bearish,None,None,Low,Rising,Below,Below,Below,None,None,,,,,,2026-08-14T11:15:00+05:30,57680.0,57675.0,57680.2,57665.0,57680.0,2572.5,5185.5,224.0,57702.910650203834,57745.84706816801,-0.0363636363617843,b3620733
2026-08-14T11:19:00+05:30,WAIT,Neutral,Ignore,Bearish,None,Bearish,Low,Rising,Below,Below,Below,None,Bearish,,,,,,2026-08-14T11:15:00+05:30,57670.2,57675.0,57680.2,57665.0,57670.2,2850.0,5185.5,240.0,57701.12883202201,57745.71652052239,-0.14545454545441316,b3620733
2026-08-14T11:19:14+05:30,WAIT,Neutral,Ignore,Bearish,None,Bearish,Low,Flat,Below,Below,Below,None,Bearish,,,,,,2026-08-14T11:15:00+05:30,57670.2,57675.0,57680.2,57665.0,57670.2,3150.0,5185.5,254.0,57701.12883202201,57745.57589385475,-0.14545454545441316,b3620733
2026-08-14T11:19:44+05:30,WAIT,Neutral,Ignore,Bearish,None,None,Low,Flat,Below,Below,Below,None,None,,,,,,2026-08-14T11:15:00+05:30,57689.0,57675.0,57689.0,57665.0,57689.0,3750.0,5185.5,284.0,57704.547013840194,57745.33108534323,1.636363636360329,b3620733
2026-08-14T11:20:00+05:30,WAIT,Neutral,Ignore,Bearish,None,Bearish,Low,Flat,Below,Below,Below,None,Bearish,,,,,,2026-08-14T11:15:00+05:30,57674.0,57675.0,57689.0,57665.0,57674.0,4050.0,5118.0,300.0,57701.81974111292,57745.19899074074,0.6909090909102815,b3620733
2026-08-14T11:20:14+05:30,WAIT,Neutral,Ignore,Bearish,None,None,Unknown,Flat,Below,Below,Below,None,None,,,,,,2026-08-14T11:20:00+05:30,57679.6,57679.6,57679.6,57679.6,57679.6,90.0,5118.0,14.0,57697.7797881833,57745.16256709235,-3.3490438387088943,b3620733
2026-08-14T11:20:30+05:30,WAIT,Neutral,Ignore,Bearish,None,None,Low,Flat,Below,Below,Below,None,None,,,,,,2026-08-14T11:20:00+05:30,57679.6,57679.6,57679.6,57679.6,57679.6,180.0,5118.0,30.0,57697.7797881833,57745.126183869776,-3.3490438387088943,b3620733
2026-08-14T11:20:44+05:30,WAIT,Neutral,Ignore,Bearish,None,None,Low,Flat,Below,Below,Rejected,None,None,,,,,,2026-08-14T11:20:00+05:30,57700.0,57679.6,57700.0,57679.6,57700.0,270.0,5118.0,44.0,57701.488879092394,57745.10115548161,-3.058134747800068,b3620733
2026-08-14T11:21:30+05:30,WAIT,Neutral,Ignore,Neutral,Bullish,None,Low,Flat,Below,Below,Above,None,None,,,,,,2026-08-14T11:20:00+05:30,57705.2,57679.6,57705.2,57679.6,57705.2,480.0,5118.0,90.0,57702.434333637844,57745.04478397341,4.654545454541221,b3620733
2026-08-14T11:21:44+05:30,WAIT,Neutral,Ignore,Neutral,Bearish,None,Low,Flat,Below,Below,Below,None,None,,,,,,2026-08-14T11:20:00+05:30,57689.6,57679.6,57705.2,57679.6,57689.6,540.0,5118.0,104.0,57699.59797000148,57745.02431709118,-1.890909090914647,b3620733
2026-08-14T11:22:00+05:30,WAIT,Neutral,Ignore,Neutral,Bullish,None,Low,Flat,Below,Below,Rejected,None,None,,,,,,2026-08-14T11:20:00+05:30,57702.0,57679.6,57705.2,57679.6,57702.0,600.0,5118.0,120.0,57701.85251545603,57745.00844095941,0.36363636363239493,b3620733
2026-08-14T11:22:44+05:30,WAIT,Neutral,Ignore,Neutral,Bearish,None,Low,Flat,Below,Below,Below,None,None,,,,,,2026-08-14T11:20:00+05:30,57680.0,57679.6,57705.2,57679.6,57680.0,1770.0,5118.0,164.0,57697.85251545603,57744.64879098736,-1.745454545452958,b3620733
2026-08-14T11:23:14+05:30,WAIT,Neutral,Ignore,Neutral,Bearish,None,Low,Rising,Below,Below,Below,None,None,,,,,,2026-08-14T11:20:00+05:30,57680.0,57679.6,57705.2,57679.6,57680.0,2400.0,5118.0,194.0,57697.85251545603,57744.401049270076,-4.0,b3620733
2026-08-14T11:23:44+05:30,WAIT,Neutral,Ignore,Neutral,Bearish,Bearish,Low,Rising,Below,Below,Below,None,Bearish,,,,,,2026-08-14T11:20:00+05:30,57670.0,57679.6,57705.2,57670.0,57670.0,2880.0,5118.0,224.0,57696.03433363784,57744.21356441048,-1.8181818181838025,b3620733
2026-08-14T11:24:14+05:30,WAIT,Neutral,Ignore,Neutral,Bearish,Bearish,Normal,Rising,Below,Below,Below,None,Bearish,,,trend,,,2026-08-14T11:20:00+05:30,57670.0,57679.6,57705.2,57670.0,57670.0,3982.5,5118.0,254.0,57696.03433363784,57743.72061813746,-1.8181818181838025,b3620733
2026-08-14T11:25:14+05:30,WAIT,Neutral,Ignore,Bearish,None,None,Unknown,Flat,Below,Below,Below,None,None,,,,,,2026-08-14T11:25:00+05:30,57666.2,57666.2,57666.2,57666.2,57666.2,120.0,5356.5,14.0,57690.044620083856,57742.48049084119,-5.989713553986803,b3620733
2026-08-14T11:25:30+05:30,WAIT,Neutral,Ignore,Bearish,None,None,Low,Flat,Below,Below,Below,None,Bearish,,,,,,2026-08-14T11:25:00+05:30,57658.8,57666.2,57666.2,57658.8,57658.8,240.0,5356.5,30.0,57688.6991655384,57742.421005864584,-8.098804463086708,b3620733
2026-08-14T11:25:44+05:30,WAIT,Neutral,Ignore,Bearish,None,None,Low,Flat,Below,Below,Below,None,None,,,,,,2026-08-14T11:25:00+05:30,57673.6,57666.2,57673.6,57658.8,57673.6,360.0,5356.5,44.0,57691.39007462931,57742.37211862902,-2.6442590085353004,b3620733
2026-08-14T11:26:00+05:30,WAIT,Neutral,Ignore,Bearish,None,Bearish,Low,Flat,Below,Below,Below,None,Bearish,,,,,,2026-08-14T11:25:00+05:30,57660.0,57666.2,57673.6,57658.8,57660.0,480.0,5356.5,60.0,57688.91734735658,57742.313646850045,-6.426077190350043,b3620733
2026-08-14T11:26:44+05:30,WAIT,Neutral,Ignore,Bearish,None,None,Low,Flat,Below,Below,Below,None,None,,,,,,2026-08-14T11:25:00+05:30,57670.0,57666.2,57673.6,57658.0,57670.0,1402.5,5356.5,104.0,57690.735529174766,57741.8813749283,-0.6545454545412213,b3620733
2026-08-14T11:27:00+05:30,WAIT,Neutral,Ignore,Bearish,None,Bearish,Low,Flat,Below,Below,Below,None,Bearish,,,,,,2026-08-14T11:25:00+05:30,57658.0,57666.2,57673.6,57658.0,57658.0,1710.0,5356.5,120.0,57688.55371099294,57741.72989781536,-0.3636363636396709,b3620733
2026-08-14T11:27:14+05:30,WAIT,Neutral,Ignore,Bearish,None,Bearish,Normal,Rising,Below,Below,Below,None,Bearish,,,pullback,,pullback,2026-08-14T11:25:00+05:30,57658.0,57666.2,57673.6,57658.0,57658.0,2347.5,5356.5,134.0,57688.55371099294,57741.417596208696,-0.3636363636396709,b3620733
2026-08-14T11:28:00+05:30,WAIT,Neutral,Ignore,Bearish,None,Bearish,High,Rising,Below,Below,Below,None,Bearish,,,pullback,,pullback,2026-08-14T11:25:00+05:30,57650.0,57666.2,57673.6,57650.0,57650.0,4260.0,5356.5,180.0,57687.0991655384,57740.45984204131,-1.4545454545441316,b3620733
2026-08-14T11:28:12+05:30,WAIT,Neutral,Ignore,Bearish,None,Bearish,Normal,Rising,Below,Below,Below,None,Bearish,,,pullback,,pullback,2026-08-14T11:25:00+05:30,57650.0,57666.2,57673.6,57650.0,57650.0,4260.0,5356.5,192.0,57687.0991655384,57740.45984204131,-1.4545454545441316,b3620733
2026-08-14T11:28:14+05:30,WAIT,Neutral,Ignore,Bearish,None,Bearish,High,Rising,Below,Below,Below,None,Bearish,,,pullback,,pullback,2026-08-14T11:25:00+05:30,57651.0,57666.2,57673.6,57650.0,57651.0,5820.0,5356.5,194.0,57687.280983720215,57739.65958197144,-1.2727272727279342,b3620733
2026-08-14T11:30:14+05:30,WAIT,Neutral,Ignore,Bearish,None,None,Unknown,Falling,Below,Below,Below,None,None,,,,,,2026-08-14T11:30:00+05:30,57601.0,57601.0,57601.0,57601.0,57601.0,6840.0,5287.5,14.0,57664.244771804144,57729.75947686437,-14.672575552438502,b3620733
2026-08-14T11:30:30+05:30,WAIT,Neutral,Ignore,Bearish,None,None,High,Falling,Below,Below,Below,None,None,,,,,,2026-08-14T11:30:00+05:30,57602.0,57601.0,57602.0,57601.0,57602.0,13680.0,5287.5,30.0,57664.42658998596,57725.289757557155,-13.581666461526765,b3620733
2026-08-14T11:30:44+05:30,WAIT,Neutral,Ignore,Bearish,None,Bearish,High,Falling,Below,Below,Below,None,Bearish,,,,,,2026-08-14T11:30:00+05:30,57557.8,57601.0,57602.0,57557.8,57557.8,20520.0,5287.5,44.0,57656.3902263496,57719.62813194959,-23.581666461526765,b3620733
2026-08-14T11:31:00+05:30,WAIT,Neutral,Ignore,Bearish,None,Bearish,High,Falling,Below,Below,Below,None,None,,,,,,2026-08-14T11:30:00+05:30,57584.6,57601.0,57602.0,57557.8,57584.6,27360.0,5287.5,60.0,57661.262953622325,57715.2130431665,-17.036211916070897,b3620733
2026-08-14T11:31:44+05:30,WAIT,Neutral,Ignore,Neutral,None,None,High,Falling,Below,Below,Below,None,None,,,,,,2026-08-14T11:30:00+05:30,57601.0,57601.0,57602.0,57557.8,57601.0,28732.5,5287.5,104.0,57664.244771804144,57714.390354407835,7.854545454545587,b3620733
2026-08-14T11:32:00+05:30,WAIT,Neutral,Ignore,Neutral,None,Bearish,High,Falling,Below,Below,Below,None,None,,,,,,2026-08-14T11:30:00+05:30,57600.8,57601.0,57602.0,57557.8,57600.8,29190.0,5287.5,120.0,57664.20840816778,57714.14408586864,2.9454545454573235,b3620733
2026-08-14T11:32:44+05:30,WAIT,Neutral,Ignore,Neutral,None,None,High,Falling,Below,Below,Below,None,None,,,,,,2026-08-14T11:30:00+05:30,57618.0,57601.0,57618.0,57557.8,57618.0,29527.5,5287.5,164.0,57667.33568089505,57713.97225080728,3.0909090909044608,b3620733
2026-08-14T11:35:14+05:30,WAIT,Neutral,Ignore,Bearish,None,None,Unknown,Flat,Below,Below,Below,None,None,,,,,,2026-08-14T11:35:00+05:30,57614.0,57614.0,57614.0,57614.0,57614.0,382.5,6601.5,14.0,57657.04324304636,57713.27634185022,-9.310619666866842,b3620733
2026-08-14T11:35:30+05:30,WAIT,Neutral,Ignore,Bearish,None,None,Unknown,Flat,Below,Below,Below,None,Bearish,,,,,,2026-08-14T11:35:00+05:30,57608.6,57614.0,57614.0,57608.6,57608.6,765.0,6601.5,30.0,57656.06142486454,57713.08853866179,-10.29243784868595,b3620733
2026-08-14T11:35:44+05:30,WAIT,Neutral,Ignore,Bearish,None,None,Unknown,Flat,Below,Below,Below,None,None,,,,,,2026-08-14T11:35:00+05:30,57635.0,57614.0,57635.0,57608.6,57635.0,1147.5,6601.5,44.0,57660.861424864546,57712.948688415214,-8.474256030502147,b3620733
2026-08-14T11:36:14+05:30,WAIT,Neutral,Ignore,Bearish,None,Bearish,Normal,Falling,Below,Below,Below,None,Bearish,,,,,,2026-08-14T11:35:00+05:30,57611.0,57614.0,57635.0,57608.6,57611.0,1657.5,6601.5,74.0,57656.49778850091,57712.7122578385,-0.5454545454558684,b3620733
2026-08-14T11:36:42+05:30,WAIT,Neutral,Ignore,Bearish,None,Bearish,Low,Falling,Below,Below,Below,None,Bearish,,,,,,2026-08-14T11:35:00+05:30,57609.0,57614.0,57635.0,57608.6,57609.0,1785.0,6601.5,102.0,57656.134152137274,57712.650528674465,0.07272727273084456,b3620733
2026-08-14T11:36:44+05:30,WAIT,Neutral,Ignore,Bearish,None,None,Low,Falling,Below,Below,Below,None,None,,,,,,2026-08-14T11:35:00+05:30,57635.0,57614.0,57635.0,57608.6,57635.0,1912.5,6601.5,104.0,57660.861424864546,57712.60433885021,0.0,b3620733
2026-08-14T11:37:14+05:30,WAIT,Neutral,Ignore,Bearish,None,None,Low,Flat,Below,Below,Below,None,None,,,,,,2026-08-14T11:35:00+05:30,57619.6,57614.0,57635.0,57608.6,57619.6,2392.5,6601.5,134.0,57658.06142486454,57712.39652969312,1.5636363636367605,b3620733
2026-08-14T11:37:44+05:30,WAIT,Neutral,Ignore,Bearish,None,Bearish,Normal,Flat,Below,Below,Below,None,Bearish,,,pullback,,pullback,2026-08-14T11:35:00+05:30,57575.0,57614.0,57635.0,57575.0,57575.0,3097.5,6601.5,164.0,57649.95233395545,57712.020043845914,-10.90909090909554,b3620733
2026-08-14T11:37:56+05:30,WAIT,Neutral,Ignore,Bearish,None,Bearish,Low,Flat,Below,Below,Below,None,Bearish,,,,,,2026-08-14T11:35:00+05:30,57575.0,57614.0,57635.0,57575.0,57575.0,3097.5,6601.5,176.0,57649.95233395545,57712.020043845914,-10.90909090909554,b3620733
2026-08-14T11:38:00+05:30,WAIT,Neutral,Ignore,Bearish,None,Bearish,Normal,Flat,Below,Below,Below,None,Bearish,,,pullback,,pullback,2026-08-14T11:35:00+05:30,57575.0,57614.0,57635.0,57575.0,57575.0,3450.0,6601.5,180.0,57649.95233395545,57711.79631045025,-8.109090909092629,b3620733
2026-08-14T11:39:14+05:30,WAIT,Neutral,Ignore,Bearish,None,Bearish,Normal,Falling,Below,Below,Below,None,Bearish,,,,,,2026-08-14T11:35:00+05:30,57581.4,57614.0,57635.0,57574.0,57581.4,5512.5,6601.5,254.0,57651.11597031909,57710.53325303693,1.1636363636425813,b3620733
2026-08-14T11:39:44+05:30,WAIT,Neutral,Ignore,Neutral,None,None,Normal,Falling,Below,Below,Below,None,None,,,,,,2026-08-14T11:35:00+05:30,57632.6,57614.0,57635.0,57574.0,57632.6,5857.5,6601.5,284.0,57660.42506122818,57710.36962034015,9.23636363636615,b3620733
2026-08-14T11:40:00+05:30,WAIT,Neutral,Ignore,Neutral,None,Bearish,Normal,Falling,Below,Below,Below,None,Bearish,,,,,,2026-08-14T11:35:00+05:30,57601.6,57614.0,57635.0,57574.0,57601.6,6030.0,6714.0,300.0,57654.788697591815,57710.28373386432,3.6727272727221134,b3620733
2026-08-14T11:40:14+05:30,WAIT,Neutral,Ignore,Bearish,None,None,Unknown,Flat,Below,Below,Below,None,None,,,,,,2026-08-14T11:40:00+05:30,57601.6,57601.6,57601.6,57601.6,57601.6,22.5,6714.0,14.0,57645.11802530239,57710.27254127905,-5.997945016701124,b3620733
2026-08-14T11:40:30+05:30,WAIT,Neutral,Ignore,Bearish,None,None,Low,Flat,Below,Below,Below,None,None,,,,,,2026-08-14T11:40:00+05:30,57601.6,57601.6,57601.6,57601.6,57601.6,45.0,6714.0,30.0,57645.11802530239,57710.26135099883,-5.997945016701124,b3620733
2026-08-14T11:45:14+05:30,WAIT,Neutral,Ignore,Bearish,None,None,Unknown,Flat,Below,Below,Below,None,None,,,,,,2026-08-14T11:45:00+05:30,57620.0,57620.0,57620.0,57620.0,57620.0,142.5,6777.0,14.0,57643.2883016937,57709.101616784734,-4.956996335968142,b3620733
2026-08-14T11:45:30+05:30,WAIT,Neutral,Ignore,Bearish,None,None,Low,Flat,Below,Below,Below,None,None,,,,,,2026-08-14T11:45:00+05:30,57625.4,57620.0,57625.4,57620.0,57625.4,285.0,6777.0,30.0,57644.27011987552,57709.047747442586,-3.9751781541490345,b3620733
2026-08-14T11:45:44+05:30,WAIT,Neutral,Ignore,Bearish,None,Bearish,Low,Flat,Below,Below,Below,None,Bearish,,,,,,2026-08-14T11:45:00+05:30,57610.6,57620.0,57625.4,57610.6,57610.6,427.5,6777.0,44.0,57641.57921078461,57708.984428421514,-10.338814517788705,b3620733
2026-08-14T11:46:44+05:30,WAIT,Neutral,Ignore,Neutral,None,None,Low,Flat,Below,Below,Below,None,None,,,,,,2026-08-14T11:45:00+05:30,57639.8,57620.0,57639.8,57610.6,57639.8,1942.5,6777.0,104.0,57646.888301693696,57708.380465992,5.3090909090897185,b3620733
2026-08-14T11:47:00+05:30,WAIT,Neutral,Ignore,Neutral,None,Bearish,Normal,Flat,Below,Below,Below,None,Bearish,,,,,,2026-08-14T11:45:00+05:30,57619.0,57620.0,57639.8,57610.6,57619.0,2400.0,6777.0,120.0,57643.10648351188,57708.197530532816,1.3454545454587787,b3620733
2026-08-14T11:47:14+05:30,WAIT,Neutral,Ignore,Neutral,None,Bearish,Normal,Falling,Below,Below,Below,None,Bearish,,,,,,2026-08-14T11:45:00+05:30,57619.0,57620.0,57639.8,57610.6,57619.0,2527.5,6777.0,134.0,57643.10648351188,57708.14668186848,1.3454545454587787,b3620733
2026-08-14T11:47:20+05:30,WAIT,Neutral,Ignore,Neutral,None,Bearish,Low,Falling,Below,Below,Below,None,Bearish,,,,,,2026-08-14T11:45:00+05:30,57619.0,57620.0,57639.8,57610.6,57619.0,2527.5,6777.0,140.0,57643.10648351188,57708.14668186848,1.3454545454587787,b3620733
2026-08-14T11:47:44+05:30,WAIT,Neutral,Ignore,Neutral,None,None,Low,Falling,Below,Below,Below,None,None,,,,,,2026-08-14T11:45:00+05:30,57639.0,57620.0,57639.8,57610.6,57639.0,2782.5,6777.0,164.0,57646.74284714824,57708.0565466421,-0.14545454545441316,b3620733
2026-08-14T11:48:14+05:30,WAIT,Neutral,Ignore,Neutral,None,None,Low,Flat,Below,Below,Below,None,None,,,,,,2026-08-14T11:45:00+05:30,57620.0,57620.0,57639.8,57610.6,57620.0,3000.0,6777.0,194.0,57643.2883016937,57707.971094900284,0.18181818181619747,b3620733
2026-08-14T11:49:14+05:30,WAIT,Neutral,Ignore,Neutral,None,None,Low,Falling,Below,Below,Below,None,None,,,,,,2026-08-14T11:45:00+05:30,57639.8,57620.0,57639.8,57610.6,57639.8,3390.0,6777.0,254.0,57646.888301693696,57707.84474211652,3.599999999998545,b3620733
2026-08-14T11:50:14+05:30,WAIT,Neutral,Ignore,Bearish,None,None,Unknown,Flat,Below,Below,Below,None,None,,,,,,2026-08-14T11:50:00+05:30,57622.0,57622.0,57622.0,57622.0,57622.0,180.0,6826.5,14.0,57639.71522204691,57707.64772727273,-7.17307964678912,b3620733
2026-08-14T11:50:30+05:30,WAIT,Neutral,Ignore,Bearish,None,None,Low,Flat,Below,Below,Below,None,Bearish,,,,,,2026-08-14T11:50:00+05:30,57620.0,57622.0,57622.0,57620.0,57620.0,360.0,6826.5,30.0,57639.35158568327,57707.577683803946,-7.5367160104287905,b3620733
2026-08-14T11:50:44+05:30,WAIT,Neutral,Ignore,Bearish,None,None,Low,Flat,Below,Below,Below,None,None,,,,,,2026-08-14T11:50:00+05:30,57630.6,57622.0,57630.6,57620.0,57630.6,540.0,6826.5,44.0,57641.278858410544,57707.51621639606,-2.1912614649700117,b3620733
2026-08-14T11:51:00+05:30,WAIT,Neutral,Ignore,Bearish,None,Bearish,Low,Flat,Below,Below,Below,None,Bearish,,,,,,2026-08-14T11:50:00+05:30,57620.0,57622.0,57630.6,57620.0,57620.0,720.0,6826.5,60.0,57639.35158568327,57707.44638962766,-4.300352374062641,b3620733
2026-08-14T11:51:14+05:30,WAIT,Neutral,Ignore,Bearish,None,Bearish,Low,Rising,Below,Below,Below,None,Bearish,,,,,,2026-08-14T11:50:00+05:30,57620.0,57622.0,57630.6,57620.0,57620.0,937.5,6826.5,74.0,57639.35158568327,57707.36216413697,-0.3636363636396709,b3620733
2026-08-14T11:51:44+05:30,WAIT,Neutral,Ignore,Bearish,None,None,Low,Rising,Below,Below,Below,None,None,,,,,,2026-08-14T11:50:00+05:30,57630.6,57622.0,57630.6,57612.0,57630.6,1372.5,6826.5,104.0,57641.278858410544,57707.196698379026,0.0,b3620733
2026-08-14T11:52:30+05:30,WAIT,Neutral,Ignore,Bearish,None,None,Normal,Rising,Below,Below,Below,None,None,,,,,,2026-08-14T11:50:00+05:30,57630.6,57622.0,57630.6,57612.0,57630.6,3090.0,6826.5,150.0,57641.278858410544,57706.61962758258,3.381818181820563,b3620733
2026-08-14T11:53:44+05:30,WAIT,Neutral,Ignore,Bearish,None,Bearish,Normal,Rising,Below,Below,Below,None,Bearish,,,pullback,,pullback,2026-08-14T11:50:00+05:30,57620.0,57622.0,57635.0,57612.0,57620.0,5040.0,6826.5,224.0,57639.35158568327,57705.98571894572,-2.727272727272066,b3620733
2026-08-14T11:54:44+05:30,WAIT,Neutral,Ignore,Bearish,None,None,Normal,Rising,Below,Below,Below,None,None,,,,,,2026-08-14T11:50:00+05:30,57635.0,57622.0,57635.0,57612.0,57635.0,5437.5,6826.5,284.0,57642.07885841054,57705.842691067766,2.727272727272066,b3620733
2026-08-14T11:55:14+05:30,WAIT,Neutral,Ignore,Bearish,None,None,Unknown,Flat,Below,Below,Below,None,None,,,,,,2026-08-14T11:55:00+05:30,57622.0,57622.0,57622.0,57622.0,57622.0,120.0,6580.5,14.0,57636.494272583834,57705.76903956273,-2.857313099433668,b3620733
2026-08-14T11:55:30+05:30,WAIT,Neutral,Ignore,Bearish,None,None,Low,Flat,Below,Below,Below,None,None,,,,,,2026-08-14T11:55:00+05:30,57622.0,57622.0,57622.0,57622.0,57622.0,240.0,6580.5,30.0,57636.494272583834,57705.72545525494,-2.857313099433668,b3620733
2026-08-14T11:56:44+05:30,WAIT,Neutral,Ignore,Bearish,None,Bearish,Low,Flat,Below,Below,Below,None,Bearish,,,,,,2026-08-14T11:55:00+05:30,57611.2,57622.0,57629.6,57611.2,57611.2,907.5,6580.5,104.0,57634.530636220195,57705.48753931455,-3.3454545454587787,b3620733
2026-08-14T11:58:14+05:30,WAIT,Neutral,Ignore,Bearish,None,Bearish,Low,Rising,Below,Below,Below,None,Bearish,,,,,,2026-08-14T11:55:00+05:30,57607.0,57622.0,57629.6,57607.0,57607.0,2032.5,6580.5,194.0,57633.76699985656,57705.02483946952,-0.7636363636338501,b3620733
2026-08-14T12:00:14+05:30,WAIT,Neutral,Ignore,Bearish,None,None,Unknown,Falling,Below,Below,Below,None,None,,,,,,2026-08-14T12:00:00+05:30,57604.4,57604.4,57604.4,57604.4,57604.4,45.0,6531.0,14.0,57628.04076847769,57704.667262555464,-5.326231378872762,b3620733
2026-08-14T12:00:30+05:30,WAIT,Neutral,Ignore,Bearish,None,None,Low,Falling,Below,Below,Below,None,None,,,,,,2026-08-14T12:00:00+05:30,57604.4,57604.4,57604.4,57604.4,57604.4,90.0,6531.0,30.0,57628.04076847769,57704.647923363766,-5.362595015234547,b3620733
2026-08-14T12:01:30+05:30,WAIT,Neutral,Ignore,Bearish,None,Bearish,Low,Falling,Below,Below,Below,None,Bearish,,,,,,2026-08-14T12:00:00+05:30,57603.0,57604.4,57617.0,57603.0,57603.0,420.0,6531.0,90.0,57627.78622302314,57704.508461736004,-0.254545454547042,b3620733
2026-08-14T12:01:44+05:30,WAIT,Neutral,Ignore,Bearish,None,None,Low,Falling,Below,Below,Below,None,None,,,,,,2026-08-14T12:00:00+05:30,57615.8,57604.4,57617.0,57603.0,57615.8,540.0,6531.0,104.0,57630.11349575041,57704.462923511295,-0.21818181818525773,b3620733
2026-08-14T12:02:00+05:30,WAIT,Neutral,Ignore,Bearish,None,Bearish,Low,Falling,Below,Below,Below,None,Bearish,,,,,,2026-08-14T12:00:00+05:30,57603.0,57604.4,57617.0,57603.0,57603.0,660.0,6531.0,120.0,57627.78622302314,57704.41086454592,-0.36363636363239493,b3620733
2026-08-14T12:02:14+05:30,WAIT,Neutral,Ignore,Bearish,None,Bearish,Low,Flat,Below,Below,Below,None,Bearish,,,,,,2026-08-14T12:00:00+05:30,57603.0,57604.4,57617.0,57603.0,57603.0,727.5,6531.0,134.0,57627.78622302314,57704.38160484724,-0.36363636363239493,b3620733
2026-08-14T12:04:14+05:30,WAIT,Neutral,Ignore,Bearish,None,Bearish,Low,Falling,Below,Below,Below,None,Bearish,,,,,,2026-08-14T12:00:00+05:30,57597.0,57604.4,57617.0,57590.0,57597.0,1725.0,6531.0,254.0,57626.69531393223,57703.93017301922,-0.5454545454558684,b3620733
2026-08-14T12:05:14+05:30,WAIT,Neutral,Ignore,Bearish,None,None,Unknown,Flat,Below,Below,Below,None,None,,,,,,2026-08-14T12:05:00+05:30,57590.0,57590.0,57590.0,57590.0,57590.0,270.0,6507.0,14.0,57618.98211635777,57703.65085339447,-7.7131975744559895,b3620733
2026-08-14T12:05:30+05:30,WAIT,Neutral,Ignore,Bearish,None,None,Unknown,Flat,Below,Below,Below,None,Bearish,,,,,,2026-08-14T12:05:00+05:30,57586.2,57590.0,57590.0,57586.2,57586.2,540.0,6507.0,30.0,57618.29120726686,57703.516367684475,-8.94956121082214,b3620733
2026-08-14T12:05:32+05:30,WAIT,Neutral,Ignore,Bearish,None,None,Low,Flat,Below,Below,Below,None,Bearish,,,,,,2026-08-14T12:05:00+05:30,57586.2,57590.0,57590.0,57586.2,57586.2,540.0,6507.0,32.0,57618.29120726686,57703.516367684475,-8.94956121082214,b3620733
2026-08-14T12:05:44+05:30,WAIT,Neutral,Ignore,Bearish,None,None,Low,Flat,Below,Below,Below,None,None,,,,,,2026-08-14T12:05:00+05:30,57599.0,57590.0,57599.0,57586.2,57599.0,810.0,6507.0,44.0,57620.61847999414,57703.39682933028,-4.47683393808984,b3620733
2026-08-14T12:06:44+05:30,WAIT,Neutral,Ignore,Neutral,Bullish,Bullish,Low,Flat,Below,Below,Below,None,None,,,,,,2026-08-14T12:05:00+05:30,57634.8,57590.0,57634.8,57586.2,57634.8,1552.5,6507.0,104.0,57627.12757090323,57703.09331433096,6.509090909086808,b3620733
2026-08-14T12:07:00+05:30,WAIT,Neutral,Ignore,Neutral,Bearish,None,Low,Flat,Below,Below,Below,None,None,,,,,,2026-08-14T12:05:00+05:30,57603.8,57590.0,57634.8,57586.2,57603.8,1710.0,6507.0,120.0,57621.49120726687,57703.02731991391,0.872727272726479,b3620733
2026-08-14T12:07:44+05:30,WAIT,Neutral,Ignore,Neutral,Bullish,Bullish,Low,Flat,Below,Below,Below,None,None,,,,,,2026-08-14T12:05:00+05:30,57632.6,57590.0,57634.8,57586.2,57632.6,1867.5,6507.0,164.0,57626.727570903226,57702.967789480346,-0.4000000000014552,b3620733
2026-08-14T12:08:44+05:30,WAIT,Neutral,Ignore,Bearish,Bearish,None,Low,Flat,Below,Below,Below,None,None,,,,,,2026-08-14T12:05:00+05:30,57602.0,57590.0,57634.8,57586.2,57602.0,2167.5,6507.0,224.0,57621.16393453959,57702.86824399027,-5.5636363636367605,b3620733
2026-08-14T12:09:00+05:30,WAIT,Neutral,Ignore,Bearish,Bullish,Bullish,Low,Flat,Below,Below,Below,None,None,,,,,,2026-08-14T12:05:00+05:30,57629.4,57590.0,57634.8,57586.2,57629.4,2250.0,6507.0,240.0,57626.14575272141,57702.842724516864,-0.5818181818176527,b3620733
2026-08-14T12:09:44+05:30,WAIT,Neutral,Ignore,Bearish,Bearish,None,Low,Flat,Below,Below,Below,None,None,,,,,,2026-08-14T12:05:00+05:30,57601.0,57590.0,57634.8,57586.2,57601.0,2385.0,6507.0,284.0,57620.98211635777,57702.79562582844,-0.18181818181619747,b3620733
2026-08-14T12:10:14+05:30,WAIT,Neutral,Ignore,Bearish,None,None,Unknown,Flat,Below,Below,Below,None,None,,,,,,2026-08-14T12:10:00+05:30,57610.0,57610.0,57610.0,57610.0,57610.0,97.5,6510.0,14.0,57620.3242109043,57702.74001577038,-5.821541817109392,b3620733
2026-08-14T12:10:30+05:30,WAIT,Neutral,Ignore,Bearish,None,None,Low,Flat,Below,Below,Below,None,Bearish,,,,,,2026-08-14T12:10:00+05:30,57600.0,57610.0,57610.0,57600.0,57600.0,195.0,6510.0,30.0,57618.506029086115,57702.69790655148,-7.639723635293194,b3620733
2026-08-14T12:10:44+05:30,WAIT,Neutral,Ignore,Bearish,Bullish,Bullish,Low,Flat,Below,Below,Below,None,None,,,,,,2026-08-14T12:10:00+05:30,57627.8,57610.0,57627.8,57600.0,57627.8,292.5,6510.0,44.0,57623.56057454066,57702.6672213293,2.5784581828847877,b3620733
2026-08-14T12:11:00+05:30,WAIT,Neutral,Ignore,Bearish,Bearish,Bearish,Low,Flat,Below,Below,Below,None,Bearish,,,volume,,,2026-08-14T12:10:00+05:30,57601.8,57610.0,57627.8,57600.0,57601.8,390.0,6510.0,60.0,57618.833301813385,57702.62591355847,-3.785178180754883,b3620733
2026-08-14T12:11:44+05:30,WAIT,Neutral,Ignore,Bearish,Bullish,Bullish,Low,Flat,Below,Below,Below,None,None,,,,,,2026-08-14T12:10:00+05:30,57628.0,57610.0,57628.0,57600.0,57628.0,817.5,6510.0,104.0,57623.59693817703,57702.46084714317,0.03636363636906026,b3620733
2026-08-14T12:12:00+05:30,WAIT,Neutral,Ignore,Bearish,Bearish,None,Low,Flat,Below,Below,Below,None,None,,,,,,2026-08-14T12:10:00+05:30,57620.0,57610.0,57628.0,57600.0,57620.0,960.0,6510.0,120.0,57622.142392722475,57702.41160905091,3.3090909090897185,b3620733
2026-08-14T12:12:44+05:30,WAIT,Neutral,Ignore,Bearish,Bullish,Bullish,Low,Flat,Below,Below,Below,None,None,,,,,,2026-08-14T12:10:00+05:30,57628.0,57610.0,57628.0,57600.0,57628.0,1365.0,6510.0,164.0,57623.59693817703,57702.27244148836,0.0,b3620733
2026-08-14T12:13:00+05:30,WAIT,Neutral,Ignore,Bearish,Bearish,None,Low,Flat,Below,Below,Below,None,None,,,,,,2026-08-14T12:10:00+05:30,57613.4,57610.0,57628.0,57600.0,57613.4,1500.0,6510.0,180.0,57620.94239272248,57702.2222814499,-1.1999999999970896,b3620733
2026-08-14T12:14:14+05:30,WAIT,Neutral,Ignore,Bearish,Bearish,None,Low,Falling,Below,Below,Below,None,None,,,,,,2026-08-14T12:10:00+05:30,57618.0,57610.0,57628.0,57600.0,57618.0,2895.0,6510.0,254.0,57621.77875635884,57701.726747303444,0.8363636363646947,b3620733
2026-08-14T12:14:44+05:30,WAIT,Neutral,Ignore,Bearish,Bullish,Bullish,Low,Falling,Below,Below,Below,None,None,,,,,,2026-08-14T12:10:00+05:30,57627.8,57610.0,57628.0,57600.0,57627.8,3765.0,6510.0,284.0,57623.56057454066,57701.4340746723,1.4181818181823473,b3620733
2026-08-14T12:15:00+05:30,WAIT,Neutral,Ignore,Bearish,Bullish,Bullish,Low,Falling,Above,Below,Above,None,None,,,,,,2026-08-14T12:10:00+05:30,57627.6,57610.0,57628.0,57600.0,57627.6,4200.0,5892.0,300.0,57623.524210904296,57701.30129604365,1.745454545452958,b3620733
2026-08-14T12:15:14+05:30,WAIT,Neutral,Ignore,Bearish,None,None,Unknown,Flat,Above,Below,Above,None,None,,,,,,2026-08-14T12:15:00+05:30,57627.6,57627.6,57627.6,57627.6,57627.6,225.0,5892.0,14.0,57624.265263467154,57701.23280465895,2.4865071083113435,b3620733
2026-08-14T12:15:30+05:30,WAIT,Neutral,Ignore,Bearish,None,None,Low,Flat,Above,Below,Above,None,None,,,,,,2026-08-14T12:15:00+05:30,57631.0,57627.6,57631.0,57627.6,57631.0,450.0,5892.0,30.0,57624.88344528533,57701.16759717752,3.9774161992172594,b3620733
2026-08-14T12:15:44+05:30,WAIT,Neutral,Ignore,Bearish,None,None,Low,Flat,Above,Below,Above,None,Bearish,,,,,,2026-08-14T12:15:00+05:30,57624.0,57627.6,57631.0,57624.0,57624.0,675.0,5892.0,44.0,57623.610718012606,57701.096017562304,0.05014347194810398,b3620733
2026-08-14T12:16:00+05:30,WAIT,Neutral,Ignore,Bearish,Bullish,Bullish,Low,Flat,Above,Below,Above,None,None,,,,,,2026-08-14T12:15:00+05:30,57631.0,57627.6,57631.0,57624.0,57631.0,900.0,5892.0,60.0,57624.88344528533,57701.03105770419,1.3592343810378225,b3620733
2026-08-14T12:16:44+05:30,WAIT,Neutral,Ignore,Bearish,Bearish,Bearish,Low,Flat,At,Below,Above,None,Bearish,,,volume,,,2026-08-14T12:15:00+05:30,57622.4,57627.6,57634.8,57622.4,57622.4,1462.5,5892.0,104.0,57623.3198089217,57700.86548525287,-0.29090909090882633,b3620733
2026-08-14T12:17:00+05:30,WAIT,Neutral,Ignore,Bearish,Bullish,Bullish,Low,Flat,Above,Below,Above,None,None,,,,,,2026-08-14T12:15:00+05:30,57634.6,57627.6,57634.8,57622.4,57634.6,1650.0,5892.0,120.0,57625.537990739875,57700.814467849224,0.6545454545412213,b3620733
2026-08-14T12:17:44+05:30,WAIT,Neutral,Ignore,Bearish,Bearish,Bearish,Low,Flat,At,Below,Above,None,Bearish,,,volume,,,2026-08-14T12:15:00+05:30,57619.4,57627.6,57634.8,57619.4,57619.4,1920.0,5892.0,164.0,57622.77435437624,57700.73552971576,-0.5454545454558684,b3620733
2026-08-14T12:18:44+05:30,WAIT,Neutral,Ignore,Bearish,Bullish,Bullish,Low,Flat,Above,Below,Above,None,None,,,,,,2026-08-14T12:15:00+05:30,57629.4,57627.6,57634.8,57615.2,57629.4,2235.0,5892.0,224.0,57624.592536194425,57700.6323625192,1.8181818181838025,b3620733
2026-08-14T12:19:14+05:30,WAIT,Neutral,Ignore,Bearish,Bullish,Bullish,Low,Falling,Above,Below,Above,None,None,,,,,,2026-08-14T12:15:00+05:30,57629.4,57627.6,57634.8,57615.2,57629.4,2490.0,5892.0,254.0,57624.592536194425,57700.55803461822,1.8181818181838025,b3620733
2026-08-14T12:19:44+05:30,WAIT,Neutral,Ignore,Bearish,Bearish,Bearish,Low,Falling,At,Below,Above,None,Bearish,,,,,,2026-08-14T12:15:00+05:30,57616.8,57627.6,57634.8,57615.2,57616.8,2850.0,5892.0,284.0,57622.301627103516,57700.44777519,-2.2909090909088263,b3620733
2026-08-14T12:20:00+05:30,WAIT,Neutral,Ignore,Bearish,Bullish,Bullish,Low,Falling,Above,Below,Above,None,None,,,,,,2026-08-14T12:15:00+05:30,57634.4,57627.6,57634.8,57615.2,57634.4,3030.0,5878.5,300.0,57625.50162710351,57700.3992344439,0.9090909090882633,b3620733
2026-08-14T12:20:14+05:30,WAIT,Neutral,Ignore,Bearish,None,None,Unknown,Flat,Above,Below,Above,None,None,,,,,,2026-08-14T12:20:00+05:30,57634.4,57634.4,57634.4,57634.4,57634.4,307.5,5878.5,14.0,57627.11951308469,57700.31647551763,2.5269768902653595,b3620733
2026-08-14T12:20:30+05:30,WAIT,Neutral,Ignore,Bearish,None,None,Unknown,Flat,Above,Below,Above,None,Bearish,,,,,,2026-08-14T12:20:00+05:30,57629.0,57634.4,57634.4,57629.0,57629.0,615.0,5878.5,30.0,57626.13769490287,57700.227161097195,0.6360677993579884,b3620733
2026-08-14T12:20:40+05:30,WAIT,Neutral,Ignore,Bearish,None,None,Low,Flat,Above,Below,Above,None,Bearish,,,,,,2026-08-14T12:20:00+05:30,57629.0,57634.4,57634.4,57629.0,57629.0,615.0,5878.5,40.0,57626.13769490287,57700.227161097195,0.6360677993579884,b3620733
2026-08-14T12:20:44+05:30,WAIT,Neutral,Ignore,Neutral,Bullish,Bullish,Unknown,Flat,Above,Below,Above,None,None,,,,,,2026-08-14T12:20:00+05:30,57645.0,57634.4,57645.0,57629.0,57645.0,922.5,5878.5,44.0,57629.04678581197,57700.15808291894,6.745158708450617,b3620733
2026-08-14T12:21:28+05:30,WAIT,Neutral,Ignore,Neutral,Bullish,Bullish,Low,Flat,Above,Below,Above,None,None,,,,,,2026-08-14T12:20:00+05:30,57645.0,57634.4,57645.0,57629.0,57645.0,1357.5,5878.5,88.0,57629.04678581197,57700.060657185495,1.9272727272764314,b3620733
2026-08-14T12:25:14+05:30,WAIT,Neutral,Ignore,Neutral,None,None,Unknown,Flat,Above,Below,Above,None,None,,,,,,2026-08-14T12:25:00+05:30,57665.8,57665.8,57665.8,57665.8,57665.8,232.5,5938.5,14.0,57638.82340326764,57699.58609596675,7.049344728402502,b3620733
2026-08-14T12:25:30+05:30,WAIT,Neutral,Ignore,Neutral,None,None,Low,Flat,Above,Below,Above,None,None,,,,,,2026-08-14T12:25:00+05:30,57668.0,57665.8,57668.0,57665.8,57668.0,465.0,5938.5,30.0,57639.22340326764,57699.55662955161,5.631162910220155,b3620733
2026-08-14T12:25:44+05:30,WAIT,Neutral,Ignore,Neutral,None,None,Low,Flat,Above,Below,Above,None,Bearish,,,,,,2026-08-14T12:25:00+05:30,57654.0,57665.8,57668.0,57654.0,57654.0,697.5,5938.5,44.0,57636.67794872219,57699.514169748356,7.049344728402502,b3620733
2026-08-14T12:27:44+05:30,WAIT,Neutral,Ignore,Neutral,None,None,Low,Flat,Above,Below,Above,None,None,,,,,,2026-08-14T12:25:00+05:30,57662.6,57665.8,57668.0,57648.0,57662.6,1905.0,5938.5,164.0,57638.24158508582,57699.28840883251,2.654545454548497,b3620733
2026-08-14T12:28:14+05:30,WAIT,Neutral,Ignore,Neutral,None,None,Low,Rising,Above,Below,Above,None,None,,,,,,2026-08-14T12:25:00+05:30,57659.0,57665.8,57668.0,57648.0,57659.0,2062.5,5938.5,194.0,57637.587039631275,57699.26311036689,1.636363636360329,b3620733
2026-08-14T12:28:44+05:30,WAIT,Neutral,Ignore,Neutral,None,None,Low,Rising,Above,Below,Above,None,Bearish,,,,,,2026-08-14T12:25:00+05:30,57649.0,57665.8,57668.0,57648.0,57649.0,2167.5,5938.5,224.0,57635.76885781309,57699.24417012882,-2.4727272727322998,b3620733
2026-08-14T12:29:00+05:30,WAIT,Neutral,Ignore,Neutral,None,None,Low,Rising,Above,Below,Above,None,None,,,,,,2026-08-14T12:25:00+05:30,57659.0,57665.8,57668.0,57648.0,57659.0,2220.0,5938.5,240.0,57637.587039631275,57699.235751852735,0.0,b3620733
2026-08-14T12:29:44+05:30,WAIT,Neutral,Ignore,Neutral,None,None,Low,Rising,Above,Below,Above,None,Bearish,,,,,,2026-08-14T12:25:00+05:30,57645.8,57665.8,57668.0,57645.8,57645.8,2377.5,5938.5,284.0,57635.18703963127,57699.20775869792,-0.5818181818176527,b3620733
2026-08-14T12:30:14+05:30,WAIT,Neutral,Ignore,Neutral,None,None,Unknown,Flat,Above,Below,Above,None,None,,,,,,2026-08-14T12:30:00+05:30,57646.0,57646.0,57646.0,57646.0,57646.0,292.5,5908.5,14.0,57637.182784491706,57699.13476484447,-0.4042551395687042,b3620733
2026-08-14T12:30:38+05:30,WAIT,Neutral,Ignore,Neutral,None,None,Low,Flat,Above,Below,Above,None,None,,,,,,2026-08-14T12:30:00+05:30,57646.0,57646.0,57646.0,57646.0,57646.0,585.0,5908.5,38.0,57637.182784491706,57699.07303544832,-0.4042551395687042,b3620733
2026-08-14T12:30:44+05:30,WAIT,Neutral,Ignore,Neutral,Bearish,None,Unknown,Flat,At,Below,Above,None,Bearish,,,,,,2026-08-14T12:30:00+05:30,57624.8,57646.0,57646.0,57624.8,57624.8,877.5,5908.5,44.0,57633.32823903716,57698.986848760745,-1.8588005941128358,b3620733
2026-08-14T12:30:56+05:30,WAIT,Neutral,Ignore,Neutral,Bearish,None,Low,Flat,At,Below,Above,None,Bearish,,,,,,2026-08-14T12:30:00+05:30,57624.8,57646.0,57646.0,57624.8,57624.8,877.5,5908.5,56.0,57633.32823903716,57698.986848760745,-1.8588005941128358,b3620733
2026-08-14T12:31:00+05:30,WAIT,Neutral,Ignore,Neutral,Bearish,None,Unknown,Flat,At,Below,Above,None,Bearish,,,,,,2026-08-14T12:30:00+05:30,57626.0,57646.0,57646.0,57624.8,57626.0,1170.0,5908.5,60.0,57633.546420855346,57698.90225273419,-1.6769824122966384,b3620733
2026-08-14T12:31:20+05:30,WAIT,Neutral,Ignore,Neutral,Bearish,None,Low,Flat,At,Below,Above,None,Bearish,,,,,,2026-08-14T12:30:00+05:30,57626.0,57646.0,57646.0,57624.8,57626.0,1230.0,5908.5,80.0,57633.546420855346,57698.8849239363,-3.636363636360329,b3620733
2026-08-14T12:31:44+05:30,WAIT,Neutral,Ignore,Neutral,Bullish,None,Low,Flat,Above,Below,Above,None,None,,,,,,2026-08-14T12:30:00+05:30,57640.0,57646.0,57646.0,57624.8,57640.0,1350.0,5908.5,104.0,57636.0918754008,57698.85361724875,2.763636363641126,b3620733
2026-08-14T12:32:00+05:30,WAIT,Neutral,Ignore,Neutral,Bearish,None,Low,Flat,At,Below,Above,None,Bearish,,,,,,2026-08-14T12:30:00+05:30,57630.0,57646.0,57646.0,57624.8,57630.0,1410.0,5908.5,120.0,57634.27369358262,57698.83726247031,0.7272727272720658,b3620733
2026-08-14T12:32:44+05:30,WAIT,Neutral,Ignore,Bearish,Bearish,None,Low,Flat,Below,Below,Above,None,Bearish,,,,,,2026-08-14T12:30:00+05:30,57612.0,57646.0,57646.0,57612.0,57612.0,1815.0,5908.5,164.0,57631.00096630989,57698.717466057984,-5.090909090911737,b3620733
2026-08-14T12:33:44+05:30,WAIT,Neutral,Ignore,Neutral,Bullish,None,Low,Flat,At,Below,Above,None,None,,,,,,2026-08-14T12:30:00+05:30,57637.0,57646.0,57646.0,57612.0,57637.0,2242.5,5908.5,224.0,57635.546420855346,57698.58080553994,4.545454545455868,b3620733
2026-08-14T12:34:00+05:30,WAIT,Neutral,Ignore,Neutral,Bearish,None,Low,Flat,Below,Below,Above,None,Bearish,,,,,,2026-08-14T12:30:00+05:30,57616.2,57646.0,57646.0,57612.0,57616.2,2340.0,5908.5,240.0,57631.764602673524,57698.54912436398,0.7636363636338501,b3620733
2026-08-14T12:34:44+05:30,WAIT,Neutral,Ignore,Neutral,Bullish,None,Low,Flat,Above,Below,Above,None,None,,,,,,2026-08-14T12:30:00+05:30,57646.0,57646.0,57646.0,57612.0,57646.0,2700.0,5908.5,284.0,57637.182784491706,57698.44644334161,1.636363636360329,b3620733
2026-08-14T12:35:00+05:30,WAIT,Neutral,Ignore,Neutral,Bearish,None,Low,Flat,At,Below,Above,None,None,,,,,,2026-08-14T12:30:00+05:30,57630.0,57646.0,57646.0,57612.0,57630.0,2820.0,5905.5,300.0,57634.27369358262,57698.41410771229,2.509090909094084,b3620733
2026-08-14T12:35:14+05:30,WAIT,Neutral,Ignore,Neutral,None,None,Unknown,Flat,At,Below,Above,None,None,,,,,,2026-08-14T12:35:00+05:30,57630.0,57630.0,57630.0,57630.0,57630.0,75.0,5905.5,14.0,57633.496658385775,57698.39391345416,1.7320557122511673,b3620733
2026-08-14T12:35:30+05:30,WAIT,Neutral,Ignore,Neutral,None,None,Low,Flat,At,Below,Above,None,None,,,,,,2026-08-14T12:35:00+05:30,57630.0,57630.0,57630.0,57630.0,57630.0,150.0,5905.5,30.0,57633.496658385775,57698.37373111426,1.7320557122511673,b3620733
2026-08-14T12:35:44+05:30,WAIT,Neutral,Ignore,Bearish,None,None,Low,Flat,At,Below,Above,None,Bearish,,,,,,2026-08-14T12:35:00+05:30,57626.0,57630.0,57630.0,57626.0,57626.0,225.0,5905.5,44.0,57632.7693856585,57698.35238067143,-4.413398833203246,b3620733
2026-08-14T12:36:30+05:30,WAIT,Neutral,Ignore,Bearish,None,None,Low,Flat,At,Below,Above,None,None,,,,,,2026-08-14T12:35:00+05:30,57631.6,57630.0,57631.6,57626.0,57631.6,435.0,5905.5,90.0,57633.787567476684,57698.29516005424,0.29090909090882633,b3620733
2026-08-14T12:36:44+05:30,WAIT,Neutral,Ignore,Bearish,None,Bearish,Low,Flat,At,Below,Above,None,Bearish,,,,,,2026-08-14T12:35:00+05:30,57620.0,57630.0,57631.6,57620.0,57620.0,502.5,5905.5,104.0,57631.6784765676,57698.27439516723,-1.0909090909044608,b3620733
2026-08-14T12:37:14+05:30,WAIT,Neutral,Ignore,Bearish,Bearish,Bearish,Low,Flat,Below,Below,Above,None,Bearish,,,volume,,,2026-08-14T12:35:00+05:30,57613.6,57630.0,57631.6,57613.6,57613.6,787.5,5905.5,134.0,57630.51484020396,57698.18137933064,-2.5818181818176527,b3620733
2026-08-14T12:37:44+05:30,WAIT,Neutral,Ignore,Bearish,None,Bearish,Low,Flat,At,Below,Above,None,None,,,,,,2026-08-14T12:35:00+05:30,57621.6,57630.0,57631.6,57611.0,57621.6,1222.5,5905.5,164.0,57631.96938565851,57698.04182656989,0.29090909090882633,b3620733
2026-08-14T12:38:44+05:30,WAIT,Neutral,Ignore,Bearish,None,Bearish,Low,Flat,At,Below,Above,None,Bearish,,,,,,2026-08-14T12:35:00+05:30,57619.8,57630.0,57631.6,57611.0,57619.8,1485.0,5905.5,224.0,57631.64211293124,57697.96318323255,-0.32727272727061063,b3620733
2026-08-14T12:39:30+05:30,WAIT,Neutral,Ignore,Bearish,Bearish,Bearish,Low,Flat,Below,Below,Above,None,Bearish,,,volume,,,2026-08-14T12:35:00+05:30,57612.0,57630.0,57631.6,57611.0,57612.0,1650.0,5905.5,270.0,57630.223931113054,57697.91044942502,-1.745454545452958,b3620733
2026-08-14T12:39:44+05:30,WAIT,Neutral,Ignore,Bearish,Bullish,Bullish,Low,Flat,Above,Below,Above,None,None,,,,,,2026-08-14T12:35:00+05:30,57637.8,57630.0,57637.8,57611.0,57637.8,1725.0,5905.5,284.0,57634.91484020396,57697.8928206933,3.272727272720658,b3620733
2026-08-14T12:40:00+05:30,WAIT,Neutral,Ignore,Bearish,Bearish,Bearish,Low,Flat,Below,Below,Above,None,Bearish,,,volume,,,2026-08-14T12:35:00+05:30,57612.2,57630.0,57637.8,57611.0,57612.2,1800.0,5800.5,300.0,57630.260294749416,57697.86769672804,-1.381818181820563,b3620733
2026-08-14T12:40:14+05:30,WAIT,Neutral,Ignore,Bearish,None,None,Unknown,Falling,Below,Below,Above,None,None,,,,,,2026-08-14T12:40:00+05:30,57612.2,57612.2,57612.2,57612.2,57612.2,60.0,5800.5,14.0,57626.976604794974,57697.847608160395,-4.6655081362623605,b3620733
2026-08-14T12:40:30+05:30,WAIT,Neutral,Ignore,Bearish,None,None,Low,Falling,Below,Below,Above,None,Bearish,,,,,,2026-08-14T12:40:00+05:30,57611.2,57612.2,57612.2,57611.2,57611.2,120.0,5800.5,30.0,57626.79478661316,57697.82729457274,-3.4291444998962106,b3620733
2026-08-14T12:40:44+05:30,WAIT,Neutral,Ignore,Bearish,None,None,Low,Falling,Below,Below,Above,None,None,,,,,,2026-08-14T12:40:00+05:30,57614.0,57612.2,57614.0,57611.2,57614.0,180.0,5800.5,44.0,57627.30387752225,57697.807646783076,-7.610962681705132,b3620733
2026-08-14T12:41:00+05:30,WAIT,Neutral,Ignore,Bearish,None,Bearish,Low,Falling,Below,Below,Above,None,Bearish,,,,,,2026-08-14T12:40:00+05:30,57611.2,57612.2,57614.0,57611.2,57611.2,240.0,5800.5,60.0,57626.79478661316,57697.78735207967,-3.465508136257995,b3620733
2026-08-14T12:41:44+05:30,WAIT,Neutral,Ignore,Bearish,None,None,Low,Falling,At,Below,Above,None,None,,,,,,2026-08-14T12:40:00+05:30,57628.0,57612.2,57628.0,57611.0,57628.0,622.5,5800.5,104.0,57629.8493320677,57697.66645023544,2.5454545454485924,b3620733
2026-08-14T12:42:00+05:30,WAIT,Neutral,Ignore,Bearish,Bearish,Bearish,Low,Falling,Below,Below,Above,None,Bearish,,,,,,2026-08-14T12:40:00+05:30,57611.0,57612.2,57628.0,57611.0,57611.0,750.0,5800.5,120.0,57626.758422976796,57697.62338049579,-0.0363636363617843,b3620733
2026-08-14T12:43:14+05:30,WAIT,Neutral,Ignore,Bearish,Bearish,Bearish,Low,Flat,Below,Below,Above,None,Bearish,,,volume,,,2026-08-14T12:40:00+05:30,57602.0,57612.2,57628.0,57602.0,57602.0,1545.0,5800.5,194.0,57625.12205934043,57697.338479920734,-1.636363636367605,b3620733
2026-08-14T12:45:14+05:30,WAIT,Neutral,Ignore,Bearish,None,None,Unknown,Flat,Below,Below,Above,None,None,,,,,,2026-08-14T12:45:00+05:30,57600.0,57600.0,57600.0,57600.0,57600.0,82.5,5629.5,14.0,57620.25689152647,57696.85855539769,-4.501531450325274,b3620733
2026-08-14T12:45:30+05:30,WAIT,Neutral,Ignore,Bearish,None,None,Low,Flat,Below,Below,Above,None,None,,,,,,2026-08-14T12:45:00+05:30,57600.0,57600.0,57600.0,57600.0,57600.0,165.0,5629.5,30.0,57620.25689152647,57696.82767116934,-3.9197132685076213,b3620733
2026-08-14T12:48:44+05:30,WAIT,Neutral,Ignore,Bearish,None,None,Low,Flat,At,Below,Above,None,None,,,,,,2026-08-14T12:45:00+05:30,57620.0,57600.0,57620.0,57600.0,57620.0,2325.0,5629.5,224.0,57623.89325516283,57696.069022020354,3.599999999998545,b3620733
2026-08-14T12:49:44+05:30,WAIT,Neutral,Ignore,Bearish,Bullish,None,Low,Flat,At,Below,Above,None,None,,,,,,2026-08-14T12:45:00+05:30,57624.8,57600.0,57624.8,57600.0,57624.8,2775.0,5629.5,284.0,57624.76598243556,57695.93941915858,0.872727272726479,b3620733
2026-08-14T12:50:14+05:30,WAIT,Neutral,Ignore,Bearish,None,None,Unknown,Flat,At,Below,Above,None,None,,,,,,2026-08-14T12:50:00+05:30,57624.8,57624.8,57624.8,57624.8,57624.8,60.0,5620.5,14.0,57624.77216744728,57695.902690454335,0.8789122844464146,b3620733
2026-08-14T12:50:30+05:30,WAIT,Neutral,Ignore,Bearish,None,None,Low,Flat,At,Below,Above,None,None,,,,,,2026-08-14T12:50:00+05:30,57624.8,57624.8,57624.8,57624.8,57624.8,120.0,5620.5,30.0,57624.77216744728,57695.88637875659,0.8789122844464146,b3620733
2026-08-14T12:50:44+05:30,WAIT,Neutral,Ignore,Bearish,Bearish,None,Low,Flat,Below,Below,Above,None,Bearish,,,,,,2026-08-14T12:50:00+05:30,57606.4,57624.8,57624.8,57606.4,57606.4,180.0,5620.5,44.0,57621.42671290182,57695.8658543578,-3.339269533738843,b3620733
2026-08-14T12:51:00+05:30,WAIT,Neutral,Ignore,Bearish,Bearish,None,Low,Flat,At,Below,Above,None,Bearish,,,,,,2026-08-14T12:50:00+05:30,57611.8,57624.8,57624.8,57606.4,57611.8,240.0,5620.5,60.0,57622.40853108364,57695.84657761981,-2.3574513519197353,b3620733
2026-08-14T12:51:44+05:30,WAIT,Neutral,Ignore,Bearish,Bearish,None,Low,Flat,At,Below,Above,None,None,,,,,,2026-08-14T12:50:00+05:30,57616.4,57624.8,57624.8,57606.4,57616.4,870.0,5620.5,104.0,57623.24489472,57695.647266384534,1.8181818181838025,b3620733
2026-08-14T12:52:44+05:30,WAIT,Neutral,Ignore,Bearish,Bullish,Bullish,Low,Flat,Above,Below,Above,None,None,,,,,,2026-08-14T12:50:00+05:30,57628.2,57624.8,57628.2,57606.4,57628.2,1260.0,5620.5,164.0,57625.39034926546,57695.53180105071,2.145454545454413,b3620733
2026-08-14T12:53:44+05:30,WAIT,Neutral,Ignore,Bearish,Bearish,Bearish,Low,Flat,At,Below,Above,None,Bearish,,,volume,,,2026-08-14T12:50:00+05:30,57619.4,57624.8,57638.8,57606.4,57619.4,1500.0,5620.5,224.0,57623.79034926546,57695.47316864446,-1.5999999999985448,b3620733
2026-08-14T12:54:00+05:30,WAIT,Neutral,Ignore,Bearish,Bullish,Bullish,Low,Flat,Above,Below,Above,None,None,,,,,,2026-08-14T12:50:00+05:30,57638.6,57624.8,57638.8,57606.4,57638.6,1560.0,5620.5,240.0,57627.281258356365,57695.46019279033,1.8909090909073711,b3620733
2026-08-14T12:54:44+05:30,WAIT,Neutral,Ignore,Bearish,Bearish,Bearish,Low,Flat,At,Below,Above,None,Bearish,,,volume,,,2026-08-14T12:50:00+05:30,57619.2,57624.8,57638.8,57606.4,57619.2,1852.5,5620.5,284.0,57623.75398562909,57695.38990969433,-0.03636363636906026,b3620733
2026-08-14T12:55:00+05:30,WAIT,Neutral,Ignore,Bearish,Bearish,Bearish,Low,Flat,At,Below,Above,None,None,,,volume,,,2026-08-14T12:50:00+05:30,57622.8,57624.8,57638.8,57606.4,57622.8,1950.0,5271.0,300.0,57624.40853108364,57695.36303679235,-2.872727272726479,b3620733
2026-08-14T12:55:14+05:30,WAIT,Neutral,Ignore,Bearish,None,None,Unknown,Flat,At,Below,Above,None,None,,,,,,2026-08-14T12:55:00+05:30,57622.8,57622.8,57622.8,57622.8,57622.8,67.5,5271.0,14.0,57624.116070886615,57695.34444412812,-3.165187469749071,b3620733
2026-08-14T12:55:30+05:30,WAIT,Neutral,Ignore,Bearish,None,None,Low,Flat,At,Below,Above,None,Bearish,,,,,,2026-08-14T12:55:00+05:30,57620.6,57622.8,57622.8,57620.6,57620.6,135.0,5271.0,30.0,57623.716070886614,57695.32529743269,-3.6015511061123107,b3620733
2026-08-14T12:55:44+05:30,WAIT,Neutral,Ignore,Bearish,Bullish,Bullish,Low,Flat,At,Below,Above,None,None,,,,,,2026-08-14T12:55:00+05:30,57627.4,57622.8,57627.4,57620.6,57627.4,202.5,5271.0,44.0,57624.95243452298,57695.3079020004,1.1984488938905997,b3620733
2026-08-14T12:56:00+05:30,WAIT,Neutral,Ignore,Bearish,Bearish,Bearish,Low,Flat,At,Below,Above,None,Bearish,,,volume,,,2026-08-14T12:55:00+05:30,57620.6,57622.8,57627.4,57620.6,57620.6,270.0,5271.0,60.0,57623.716070886614,57695.28877446518,-0.6924601970240474,b3620733
2026-08-14T12:56:44+05:30,WAIT,Neutral,Ignore,Bearish,Bullish,Bullish,Low,Flat,Above,Below,Above,None,None,,,,,,2026-08-14T12:55:00+05:30,57627.8,57622.8,57627.8,57619.6,57627.8,472.5,5271.0,104.0,57625.025161795704,57695.233036754886,0.0727272727235686,b3620733
2026-08-14T12:57:44+05:30,WAIT,Neutral,Ignore,Bearish,Bearish,Bearish,Low,Flat,At,Below,Above,None,Bearish,,,volume,,,2026-08-14T12:55:00+05:30,57618.4,57622.8,57627.8,57618.4,57618.4,697.5,5271.0,164.0,57623.31607088661,57695.17362038115,-1.7090909090911737,b3620733
2026-08-14T12:59:30+05:30,WAIT,Neutral,Ignore,Bearish,Bearish,Bearish,Low,Flat,Below,Below,Above,None,Bearish,,,volume,,,2026-08-14T12:55:00+05:30,57606.6,57622.8,57627.8,57606.6,57606.6,1365.0,5271.0,270.0,57621.17061634116,57694.96481387047,-2.1818181818161975,b3620733
2026-08-14T12:59:44+05:30,WAIT,Neutral,Ignore,Bearish,Bullish,Bullish,Low,Flat,Above,Below,Above,None,None,,,,,,2026-08-14T12:55:00+05:30,57627.8,57622.8,57627.8,57606.6,57627.8,1522.5,5271.0,284.0,57625.025161795704,57694.92487896033,3.018181818180892,b3620733
2026-08-14T13:00:14+05:30,WAIT,Neutral,Ignore,Bearish,None,None,Unknown,Falling,Above,Below,Above,None,None,,,,,,2026-08-14T13:00:00+05:30,57627.8,57627.8,57627.8,57627.8,57627.8,52.5,5152.5,14.0,57625.52967783285,57694.87170622683,3.522697855325532,b3620733
2026-08-14T13:00:30+05:30,WAIT,Neutral,Ignore,Neutral,None,None,Low,Falling,Above,Below,Above,None,None,,,,,,2026-08-14T13:00:00+05:30,57627.8,57627.8,57627.8,57627.8,57627.8,105.0,5152.5,30.0,57625.52967783285,57694.858426203544,4.359061491690227,b3620733
2026-08-14T13:00:44+05:30,WAIT,Neutral,Ignore,Neutral,Bearish,None,Low,Falling,At,Below,Above,None,Bearish,,,,,,2026-08-14T13:00:00+05:30,57611.2,57627.8,57627.8,57611.2,57611.2,157.5,5152.5,44.0,57622.51149601467,57694.841865331866,-2.513665781036252,b3620733
2026-08-14T13:01:44+05:30,WAIT,Neutral,Ignore,Neutral,Bullish,None,Low,Falling,Above,Below,Above,None,None,,,,,,2026-08-14T13:00:00+05:30,57627.6,57627.8,57627.8,57611.2,57627.6,390.0,5152.5,104.0,57625.49331419649,57694.77283001808,2.981818181819108,b3620733
2026-08-14T13:02:44+05:30,WAIT,Neutral,Ignore,Neutral,Bearish,None,Low,Falling,At,Below,Above,None,Bearish,,,,,,2026-08-14T13:00:00+05:30,57612.0,57627.8,57627.8,57611.2,57612.0,585.0,5152.5,164.0,57622.65695056012,57694.72087639054,-2.8363636363646947,b3620733
2026-08-14T13:03:44+05:30,WAIT,Neutral,Ignore,Neutral,Bearish,None,Low,Falling,At,Below,Above,None,None,,,,,,2026-08-14T13:00:00+05:30,57622.2,57627.8,57627.8,57611.2,57622.2,922.5,5152.5,224.0,57624.51149601467,57694.62147590447,1.8545454545455868,b3620733
2026-08-14T13:04:44+05:30,WAIT,Neutral,Ignore,Neutral,Bullish,None,Low,Falling,Above,Below,Above,None,None,,,,,,2026-08-14T13:00:00+05:30,57627.8,57627.8,57627.8,57611.2,57627.8,1222.5,5152.5,284.0,57625.52967783285,57694.5407430358,1.0181818181808922,b3620733
2026-08-14T13:05:00+05:30,WAIT,Neutral,Ignore,Neutral,Bearish,None,Low,Falling,At,Below,Above,None,None,,,,,,2026-08-14T13:00:00+05:30,57620.0,57627.8,57627.8,57611.2,57620.0,1290.0,4888.5,300.0,57624.111496014666,57694.52185176842,-0.4000000000014552,b3620733
2026-08-14T13:05:14+05:30,WAIT,Neutral,Ignore,Neutral,None,None,Unknown,Flat,At,Below,Above,None,None,,,,,,2026-08-14T13:05:00+05:30,57620.0,57620.0,57620.0,57620.0,57620.0,45.0,4888.5,14.0,57623.36395128473,57694.50926290895,-1.1475447299380903,b3620733
2026-08-14T13:05:30+05:30,WAIT,Neutral,Ignore,Neutral,None,None,Low,Flat,At,Below,Above,None,None,,,,,,2026-08-14T13:05:00+05:30,57620.0,57620.0,57620.0,57620.0,57620.0,90.0,4888.5,30.0,57623.36395128473,57694.49667830199,-0.7475447299366351,b3620733
2026-08-14T13:06:44+05:30,WAIT,Neutral,Ignore,Neutral,Bullish,None,Low,Flat,At,Below,Above,None,None,,,,,,2026-08-14T13:05:00+05:30,57626.8,57620.0,57626.8,57620.0,57626.8,337.5,4888.5,104.0,57624.60031492109,57694.4298731614,0.872727272726479,b3620733
2026-08-14T13:07:30+05:30,WAIT,Neutral,Ignore,Neutral,Bullish,None,Low,Flat,Above,Below,Above,None,None,,,,,,2026-08-14T13:05:00+05:30,57627.8,57620.0,57627.8,57620.0,57627.8,570.0,4888.5,150.0,57624.78213310291,57694.37129931438,1.4181818181823473,b3620733
2026-08-14T13:07:44+05:30,WAIT,Neutral,Ignore,Neutral,Bearish,Bearish,Low,Flat,At,Below,Above,None,Bearish,,,,,,2026-08-14T13:05:00+05:30,57618.6,57620.0,57627.8,57618.6,57618.6,660.0,4888.5,164.0,57623.10940583018,57694.34575842696,-1.490909090905916,b3620733
2026-08-14T13:08:00+05:30,WAIT,Neutral,Ignore,Neutral,Bearish,None,Low,Flat,At,Below,Above,None,None,,,,,,2026-08-14T13:05:00+05:30,57621.2,57620.0,57627.8,57618.6,57621.2,750.0,4888.5,180.0,57623.58213310291,57694.32111086151,-1.0181818181808922,b3620733
2026-08-14T13:08:44+05:30,WAIT,Neutral,Ignore,Neutral,Bearish,Bearish,Low,Flat,At,Below,Above,None,Bearish,,,,,,2026-08-14T13:05:00+05:30,57618.4,57620.0,57627.8,57618.4,57618.4,907.5,4888.5,224.0,57623.07304219382,57694.27837117279,-0.0363636363617843,b3620733
2026-08-14T13:09:00+05:30,WAIT,Neutral,Ignore,Neutral,Bearish,None,Low,Flat,At,Below,Above,None,None,,,,,,2026-08-14T13:05:00+05:30,57623.8,57620.0,57627.8,57618.4,57623.8,960.0,4888.5,240.0,57624.05486037564,57694.264528619526,0.47272727273229975,b3620733
2026-08-14T13:09:44+05:30,WAIT,Neutral,Ignore,Neutral,Bearish,Bearish,Low,Flat,At,Below,Above,None,Bearish,,,,,,2026-08-14T13:05:00+05:30,57618.6,57620.0,57627.8,57618.4,57618.6,1095.0,4888.5,284.0,57623.10940583018,57694.22808345953,0.0363636363617843,b3620733
2026-08-14T13:10:00+05:30,WAIT,Neutral,Ignore,Neutral,Bearish,None,Low,Flat,At,Below,Above,None,None,,,,,,2026-08-14T13:05:00+05:30,57620.8,57620.0,57627.8,57618.4,57620.8,1140.0,4282.5,300.0,57623.509405830184,57694.21573014805,-0.5454545454558684,b3620733
2026-08-14T13:10:14+05:30,WAIT,Neutral,Ignore,Neutral,None,None,Unknown,Flat,At,Below,Above,None,None,,,,,,2026-08-14T13:10:00+05:30,57620.8,57620.8,57620.8,57620.8,57620.8,135.0,4282.5,14.0,57623.016786588334,57694.17869514041,-1.0380737873056205,b3620733
2026-08-14T13:10:30+05:30,WAIT,Neutral,Ignore,Neutral,None,None,Low,Flat,At,Below,Above,None,Bearish,,,,,,2026-08-14T13:10:00+05:30,57619.0,57620.8,57620.8,57619.0,57619.0,270.0,4282.5,30.0,57622.689513861056,57694.14078991597,-1.365346514583507,b3620733
2026-08-14T13:10:44+05:30,WAIT,Neutral,Ignore,Neutral,Bullish,Bullish,Low,Flat,Above,Below,Above,None,None,,,,,,2026-08-14T13:10:00+05:30,57629.8,57620.8,57629.8,57619.0,57629.8,405.0,4282.5,44.0,57624.653150224694,57694.10836552999,1.5437443945120322,b3620733
2026-08-14T13:15:14+05:30,WAIT,Neutral,Ignore,Neutral,None,None,Unknown,Flat,Above,Below,Above,None,None,,,,,,2026-08-14T13:15:00+05:30,57645.0,57645.0,57645.0,57645.0,57645.0,30.0,2856.0,14.0,57630.61373448137,57693.77008680169,3.1969478930332116,b3620733
2026-08-14T13:15:30+05:30,WAIT,Neutral,Ignore,Neutral,None,None,Low,Flat,Above,Below,Above,None,None,,,,,,2026-08-14T13:15:00+05:30,57648.8,57645.0,57648.8,57645.0,57648.8,60.0,2856.0,30.0,57631.30464357227,57693.76508289752,4.069675165759691,b3620733
2026-08-14T13:15:44+05:30,WAIT,Neutral,Ignore,Neutral,None,None,Low,Flat,Above,Below,Above,None,Bearish,,,,,,2026-08-14T13:15:00+05:30,57637.0,57645.0,57648.8,57637.0,57637.0,90.0,2856.0,44.0,57629.15918902682,57693.758767245214,1.4151297112111934,b3620733
2026-08-14T13:16:30+05:30,WAIT,Neutral,Ignore,Neutral,Bearish,Bearish,Low,Flat,At,Below,Above,None,Bearish,,,,,,2026-08-14T13:15:00+05:30,57626.2,57645.0,57648.8,57626.2,57626.2,255.0,2856.0,90.0,57627.19555266319,57693.72135431145,-4.109090909085353,b3620733
2026-08-14T13:16:44+05:30,WAIT,Neutral,Ignore,Neutral,Bullish,Bullish,Low,Flat,Above,Below,Above,None,None,,,,,,2026-08-14T13:15:00+05:30,57648.8,57645.0,57648.8,57626.2,57648.8,322.5,2856.0,104.0,57631.30464357227,57693.71011866715,2.145454545454413,b3620733
2026-08-14T13:17:44+05:30,WAIT,Neutral,Ignore,Neutral,Bullish,None,Low,Flat,Above,Below,Above,None,Bearish,,,,,,2026-08-14T13:15:00+05:30,57631.2,57645.0,57648.8,57626.2,57631.2,727.5,2856.0,164.0,57628.104643572275,57693.63549685046,-3.1999999999970896,b3620733
2026-08-14T13:18:44+05:30,WAIT,Neutral,Ignore,Neutral,Bullish,Bullish,Low,Flat,Above,Below,Above,None,None,,,,,,2026-08-14T13:15:00+05:30,57649.0,57645.0,57649.0,57626.2,57649.0,1042.5,2856.0,224.0,57631.34100720864,57693.570148840045,3.23636363636615,b3620733
2026-08-14T13:19:00+05:30,WAIT,Neutral,Ignore,Neutral,Bullish,None,Low,Flat,Above,Below,Above,None,None,,,,,,2026-08-14T13:15:00+05:30,57638.8,57645.0,57649.0,57626.2,57638.8,1110.0,2856.0,240.0,57629.486461754095,57693.556489691866,0.9454545454573235,b3620733
2026-08-14T13:19:30+05:30,WAIT,Neutral,Ignore,Neutral,Bullish,None,Low,Flat,Above,Below,Above,None,Bearish,,,,,,2026-08-14T13:15:00+05:30,57631.6,57645.0,57649.0,57626.2,57631.6,1260.0,2856.0,270.0,57628.177370845,57693.52416638972,-0.6181818181867129,b3620733
2026-08-14T13:19:44+05:30,WAIT,Neutral,Ignore,Neutral,Bullish,Bullish,Low,Flat,Above,Below,Above,None,None,,,,,,2026-08-14T13:15:00+05:30,57647.8,57645.0,57649.0,57626.2,57647.8,1335.0,2856.0,284.0,57631.122825390456,57693.51150672795,-0.21818181818525773,b3620733
2026-08-14T13:20:00+05:30,WAIT,Neutral,Ignore,Neutral,Bullish,None,Low,Flat,Above,Below,Above,None,None,,,,,,2026-08-14T13:15:00+05:30,57638.6,57645.0,57649.0,57626.2,57638.6,1410.0,2625.0,300.0,57629.450098117726,57693.49630757307,-0.03636363636906026,b3620733
2026-08-14T13:20:14+05:30,WAIT,Neutral,Ignore,Neutral,None,None,Unknown,Falling,Above,Below,Above,None,None,,,,,,2026-08-14T13:20:00+05:30,57638.6,57638.6,57638.6,57638.6,57638.6,90.0,2625.0,14.0,57631.113716641776,57693.478079690096,1.627254887680465,b3620733
2026-08-14T13:20:30+05:30,WAIT,Neutral,Ignore,Neutral,None,None,Low,Falling,Above,Below,Above,None,None,,,,,,2026-08-14T13:20:00+05:30,57638.6,57638.6,57638.6,57638.6,57638.6,180.0,2625.0,30.0,57631.113716641776,57693.45986390794,2.9363457967774593,b3620733
2026-08-14T13:20:44+05:30,WAIT,Neutral,Ignore,Neutral,None,None,Low,Falling,Above,Below,Above,None,Bearish,,,,,,2026-08-14T13:20:00+05:30,57632.6,57638.6,57638.6,57632.6,57632.6,270.0,2625.0,44.0,57630.022807550864,57693.43966928437,-1.100017839591601,b3620733
2026-08-14T13:21:00+05:30,WAIT,Neutral,Ignore,Neutral,None,None,Low,Falling,Above,Below,Above,None,None,,,,,,2026-08-14T13:20:00+05:30,57637.0,57638.6,57638.6,57632.6,57637.0,360.0,2625.0,60.0,57630.82280755087,57693.42094758956,1.3727094331406988,b3620733
2026-08-14T13:22:30+05:30,WAIT,Neutral,Ignore,Neutral,None,Bullish,Low,Falling,Above,Below,Above,None,None,,,,,,2026-08-14T13:20:00+05:30,57640.8,57638.6,57640.8,57632.6,57640.8,705.0,2625.0,150.0,57631.51371664178,57693.35005245431,0.8000000000029104,b3620733
2026-08-14T13:22:44+05:30,WAIT,Neutral,Ignore,Neutral,None,None,Low,Falling,Above,Below,Above,None,Bearish,,,,,,2026-08-14T13:20:00+05:30,57631.0,57638.6,57640.8,57631.0,57631.0,772.5,2625.0,164.0,57629.731898459955,57693.33456432337,-1.2727272727279342,b3620733
2026-08-14T13:23:30+05:30,WAIT,Neutral,Ignore,Neutral,Bearish,Bearish,Low,Falling,Above,Below,Above,None,Bearish,,,,,,2026-08-14T13:20:00+05:30,57628.2,57638.6,57640.8,57628.2,57628.2,975.0,2625.0,210.0,57629.22280755087,57693.28933752551,-2.2909090909088263,b3620733
2026-08-14T13:23:44+05:30,WAIT,Neutral,Ignore,Neutral,Bullish,Bullish,Low,Falling,Above,Below,Above,None,None,,,,,,2026-08-14T13:20:00+05:30,57648.0,57638.6,57648.0,57628.2,57648.0,1042.5,2625.0,224.0,57632.82280755087,57693.278098546885,3.0909090909117367,b3620733
2026-08-14T13:24:00+05:30,WAIT,Neutral,Ignore,Neutral,Bullish,None,Low,Falling,Above,Below,Above,None,Bearish,,,,,,2026-08-14T13:20:00+05:30,57632.4,57638.6,57648.0,57628.2,57632.4,1110.0,2625.0,240.0,57629.9864439145,57693.26299481751,-0.4363636363632395,b3620733
2026-08-14T13:24:30+05:30,WAIT,Neutral,Ignore,Neutral,Bearish,Bearish,Low,Falling,Above,Below,Above,None,Bearish,,,,,,2026-08-14T13:20:00+05:30,57628.0,57638.6,57648.0,57628.0,57628.0,1275.0,2625.0,270.0,57629.18644391451,57693.22477271475,-0.0363636363617843,b3620733
2026-08-14T13:24:44+05:30,WAIT,Neutral,Ignore,Neutral,Bullish,Bullish,Low,Falling,Above,Below,Above,None,None,,,,,,2026-08-14T13:20:00+05:30,57648.0,57638.6,57648.0,57628.0,57648.0,1357.5,2625.0,284.0,57632.82280755087,57693.21107163513,0.0,b3620733
2026-08-14T13:25:00+05:30,WAIT,Neutral,Ignore,Neutral,Bullish,None,Low,Falling,At,Below,Above,None,Bearish,,,,,,2026-08-14T13:20:00+05:30,57630.4,57638.6,57648.0,57628.0,57630.4,1440.0,2563.5,300.0,57629.62280755087,57693.19204845815,-0.36363636363239493,b3620733
2026-08-14T13:25:14+05:30,WAIT,Neutral,Ignore,Neutral,None,None,Unknown,Flat,At,Below,Above,None,None,,,,,,2026-08-14T13:25:00+05:30,57630.4,57630.4,57630.4,57630.4,57630.4,60.0,2563.5,14.0,57629.764115268896,57693.17822065624,-0.22232864560646703,b3620733
2026-08-14T13:25:30+05:30,WAIT,Neutral,Ignore,Neutral,Bullish,None,Low,Flat,At,Below,Above,None,None,,,,,,2026-08-14T13:25:00+05:30,57635.0,57630.4,57635.0,57630.4,57635.0,120.0,2563.5,30.0,57630.60047890526,57693.1654117129,1.414034990753862,b3620733
2026-08-14T13:25:44+05:30,WAIT,Neutral,Ignore,Bearish,Bearish,Bearish,Low,Flat,Below,Below,Above,None,Bearish,,,volume,,,2026-08-14T13:25:00+05:30,57616.4,57630.4,57635.0,57616.4,57616.4,180.0,2563.5,44.0,57627.21866072344,57693.14851419767,-5.60414682742703,b3620733
2026-08-14T13:26:00+05:30,WAIT,Neutral,Ignore,Bearish,Bullish,Bullish,Low,Flat,At,Below,Above,None,None,,,,,,2026-08-14T13:25:00+05:30,57635.0,57630.4,57635.0,57616.4,57635.0,240.0,2563.5,60.0,57630.60047890526,57693.13571742958,0.9776713543906226,b3620733
2026-08-14T13:26:14+05:30,WAIT,Neutral,Ignore,Bearish,Bearish,Bearish,Low,Flat,Below,Below,Above,None,Bearish,,,volume,,,2026-08-14T13:25:00+05:30,57616.0,57630.4,57635.0,57616.0,57616.0,315.0,2563.5,74.0,57627.14593345071,57693.11450415268,-2.618181818186713,b3620733
2026-08-14T13:26:44+05:30,WAIT,Neutral,Ignore,Bearish,Bearish,Bearish,Low,Flat,At,Below,Above,None,Bearish,,,volume,,,2026-08-14T13:25:00+05:30,57618.2,57630.4,57635.0,57616.0,57618.2,465.0,2563.5,104.0,57627.54593345071,57693.07271727778,0.32727272727061063,b3620733
2026-08-14T13:27:44+05:30,WAIT,Neutral,Ignore,Bearish,Bearish,Bearish,Low,Flat,At,Below,Above,None,None,,,volume,,,2026-08-14T13:25:00+05:30,57627.4,57630.4,57635.0,57616.0,57627.4,787.5,2563.5,164.0,57629.21866072344,57692.98675634866,1.6727272727293894,b3620733
2026-08-14T13:28:00+05:30,WAIT,Neutral,Ignore,Bearish,Bearish,Bearish,Low,Flat,At,Below,Above,None,Bearish,,,volume,,,2026-08-14T13:25:00+05:30,57623.2,57630.4,57635.0,57616.0,57623.2,870.0,2563.5,180.0,57628.4550243598,57692.96568778132,0.9818181818118319,b3620733
2026-08-14T13:28:44+05:30,WAIT,Neutral,Ignore,Bearish,Bearish,Bearish,Low,Flat,At,Below,Above,None,None,,,volume,,,2026-08-14T13:25:00+05:30,57629.0,57630.4,57635.0,57616.0,57629.0,1320.0,2563.5,224.0,57629.50956981435,57692.85307430951,0.29090909090882633,b3620733
2026-08-14T13:29:14+05:30,WAIT,Neutral,Ignore,Bearish,Bearish,Bearish,Low,Falling,At,Below,Above,None,None,,,,,,2026-08-14T13:25:00+05:30,57629.0,57630.4,57635.0,57616.0,57629.0,1560.0,2563.5,254.0,57629.50956981435,57692.797136443274,1.0545454545499524,b3620733
2026-08-14T13:30:14+05:30,WAIT,Neutral,Ignore,Bearish,None,None,Unknown,Flat,At,Below,Above,None,None,,,,,,2026-08-14T13:30:00+05:30,57629.0,57629.0,57629.0,57629.0,57629.0,22.5,2467.5,14.0,57629.4169207572,57692.728832007,-0.09264905715099303,b3620733
2026-08-14T13:30:30+05:30,WAIT,Neutral,Ignore,Bearish,None,None,Low,Flat,At,Below,Above,None,None,,,,,,2026-08-14T13:30:00+05:30,57629.0,57629.0,57629.0,57629.0,57629.0,45.0,2467.5,30.0,57629.4169207572,57692.72360404703,-0.09264905715099303,b3620733
2026-08-14T13:30:44+05:30,WAIT,Neutral,Ignore,Bearish,Bearish,None,Low,Flat,Below,Below,Above,None,Bearish,,,,,,2026-08-14T13:30:00+05:30,57611.8,57629.0,57629.0,57611.8,57611.8,67.5,2467.5,44.0,57626.289648029924,57692.71696606786,-3.074467238970101,b3620733
2026-08-14T13:31:44+05:30,WAIT,Neutral,Ignore,Bearish,None,None,Low,Flat,At,Below,Above,None,None,,,,,,2026-08-14T13:30:00+05:30,57629.0,57629.0,57629.0,57611.2,57629.0,315.0,2467.5,104.0,57629.4169207572,57692.648554881715,3.127272727273521,b3620733
2026-08-14T13:32:00+05:30,WAIT,Neutral,Ignore,Bearish,Bearish,None,Low,Flat,Below,Below,Above,None,Bearish,,,,,,2026-08-14T13:30:00+05:30,57611.2,57629.0,57629.0,57611.2,57611.2,390.0,2467.5,120.0,57626.18055712083,57692.626310902335,-0.10909090909262886,b3620733
2026-08-14T13:32:30+05:30,WAIT,Neutral,Ignore,Bearish,Bearish,None,Normal,Flat,Below,Below,Above,None,Bearish,,,rejection,,pullback,2026-08-14T13:30:00+05:30,57611.2,57629.0,57629.0,57611.2,57611.2,1065.0,2467.5,150.0,57626.18055712083,57692.426660491474,0.0,b3620733
2026-08-14T13:32:42+05:30,WAIT,Neutral,Ignore,Bearish,Bearish,None,Low,Flat,Below,Below,Above,None,Bearish,,,,,,2026-08-14T13:30:00+05:30,57611.2,57629.0,57629.0,57611.2,57611.2,1065.0,2467.5,162.0,57626.18055712083,57692.426660491474,0.0,b3620733
2026-08-14T13:32:44+05:30,WAIT,Neutral,Ignore,Bearish,Bearish,None,Normal,Flat,Below,Below,Above,None,Bearish,,,rejection,,pullback,2026-08-14T13:30:00+05:30,57600.0,57629.0,57629.0,57600.0,57600.0,1402.5,2467.5,164.0,57624.14419348447,57692.31348806835,-5.272727272727934,b3620733
2026-08-14T13:33:14+05:30,WAIT,Neutral,Ignore,Bearish,Bearish,None,High,Flat,Below,Below,Above,None,Bearish,,,rejection,,pullback,2026-08-14T13:30:00+05:30,57600.0,57629.0,57629.0,57600.0,57600.0,2197.5,2467.5,194.0,57624.14419348447,57692.047996310066,-2.0363636363617843,b3620733
2026-08-14T13:35:14+05:30,WAIT,Neutral,Ignore,Bearish,None,None,Unknown,Flat,Below,Below,Above,None,None,,,,,,2026-08-14T13:35:00+05:30,57598.8,57598.8,57598.8,57598.8,57598.8,225.0,2385.0,14.0,57619.35764590878,57691.34924818108,-1.4774566666019382,b3620733
2026-08-14T13:35:44+05:30,WAIT,Neutral,Ignore,Bearish,None,None,High,Flat,Below,Below,Above,None,Bearish,,,,,pullback,2026-08-14T13:35:00+05:30,57581.0,57598.8,57598.8,57581.0,57581.0,675.0,2385.0,44.0,57616.12128227241,57691.185488297015,-7.986547575688746,b3620733
2026-08-14T13:36:44+05:30,WAIT,Neutral,Ignore,Bearish,None,None,High,Flat,Below,Below,Rejected,None,Bearish,,,,,,2026-08-14T13:35:00+05:30,57580.0,57598.8,57598.8,57580.0,57580.0,1260.0,2385.0,104.0,57615.939464090596,57690.954666022335,-0.18181818181619747,b3620733
2026-08-14T13:37:00+05:30,WAIT,Neutral,Ignore,Bearish,None,None,High,Flat,Below,Below,Above,None,Bearish,,,,,pullback,2026-08-14T13:35:00+05:30,57581.4,57598.8,57598.8,57580.0,57581.4,1380.0,2385.0,120.0,57616.19400954514,57690.90762666381,0.07272727273084456,b3620733
2026-08-14T13:38:44+05:30,WAIT,Neutral,Ignore,Bearish,None,None,High,Flat,Below,Below,Above,None,None,,,,,,2026-08-14T13:35:00+05:30,57593.0,57598.8,57598.8,57580.0,57593.0,2745.0,2385.0,224.0,57618.303100454235,57690.383987608824,1.890909090914647,b3620733
2026-08-14T13:39:14+05:30,WAIT,Neutral,Ignore,Bearish,None,None,High,Falling,Below,Below,Above,None,None,,,,,,2026-08-14T13:35:00+05:30,57593.0,57598.8,57598.8,57580.0,57593.0,3030.0,2385.0,254.0,57618.303100454235,57690.28526304557,2.0,b3620733
2026-08-14T13:40:14+05:30,WAIT,Neutral,Ignore,Bearish,None,None,Unknown,Flat,Below,Below,Above,None,None,,,,,,2026-08-14T13:40:00+05:30,57610.0,57610.0,57610.0,57610.0,57610.0,30.0,2413.5,14.0,57619.322371446025,57690.166794543904,1.0192709917901084,b3620733
2026-08-14T13:40:30+05:30,WAIT,Neutral,Ignore,Bearish,None,None,Low,Flat,Below,Below,Above,None,None,,,,,,2026-08-14T13:40:00+05:30,57610.0,57610.0,57610.0,57610.0,57610.0,60.0,2413.5,30.0,57619.322371446025,57690.15825253064,1.0192709917901084,b3620733
2026-08-14T13:40:44+05:30,WAIT,Neutral,Ignore,Bearish,None,None,Low,Flat,At,Below,Above,None,None,,,,,,2026-08-14T13:40:00+05:30,57620.0,57610.0,57620.0,57610.0,57620.0,90.0,2413.5,44.0,57621.1405532642,57690.150777754105,-0.2534562809378258,b3620733
2026-08-14T13:41:00+05:30,WAIT,Neutral,Ignore,Bearish,None,None,Low,Flat,Below,Below,Above,None,None,,,,,,2026-08-14T13:40:00+05:30,57616.4,57610.0,57620.0,57610.0,57616.4,120.0,2413.5,60.0,57620.48600780966,57690.142921061044,-0.9080017354790471,b3620733
2026-08-14T13:41:14+05:30,WAIT,Neutral,Ignore,Bearish,Bearish,Bearish,Low,Flat,Below,Below,Above,None,Bearish,,,volume,,,2026-08-14T13:40:00+05:30,57607.6,57610.0,57620.0,57607.6,57607.6,232.5,2413.5,74.0,57618.88600780966,57690.109959268426,-0.4363636363632395,b3620733
2026-08-14T13:41:44+05:30,WAIT,Neutral,Ignore,Bearish,None,None,Low,Flat,At,Below,Above,None,None,,,,,,2026-08-14T13:40:00+05:30,57619.0,57610.0,57620.0,57607.6,57619.0,457.5,2413.5,104.0,57620.958735082386,57690.04866331498,-0.18181818181619747,b3620733
2026-08-14T13:42:00+05:30,WAIT,Neutral,Ignore,Bearish,None,None,Low,Flat,Below,Below,Above,None,None,,,,,,2026-08-14T13:40:00+05:30,57614.4,57610.0,57620.0,57607.6,57614.4,570.0,2413.5,120.0,57620.12237144602,57690.01849074665,-0.3636363636396709,b3620733
2026-08-14T13:42:44+05:30,WAIT,Neutral,Ignore,Bearish,Bullish,Bullish,Low,Flat,At,Below,Above,None,None,,,,,,2026-08-14T13:40:00+05:30,57625.0,57610.0,57625.0,57607.6,57625.0,727.5,2413.5,164.0,57622.0496441733,57689.978261447286,1.0909090909117367,b3620733
2026-08-14T13:43:00+05:30,WAIT,Neutral,Ignore,Bearish,Bearish,None,Low,Flat,Below,Below,Above,None,None,,,,,,2026-08-14T13:40:00+05:30,57615.2,57610.0,57625.0,57607.6,57615.2,780.0,2413.5,180.0,57620.267825991476,57689.964353278774,0.14545454545441316,b3620733
2026-08-14T13:43:14+05:30,WAIT,Neutral,Ignore,Bearish,Bearish,None,Low,Flat,At,Below,Above,None,None,,,,,,2026-08-14T13:40:00+05:30,57618.6,57610.0,57625.0,57607.6,57618.6,907.5,2413.5,194.0,57620.88600780966,57689.932132897775,0.7636363636411261,b3620733
2026-08-14T13:43:30+05:30,WAIT,Neutral,Ignore,Bearish,Bearish,None,Low,Flat,Below,Below,Above,None,None,,,,,,2026-08-14T13:40:00+05:30,57615.0,57610.0,57625.0,57607.6,57615.0,1035.0,2413.5,210.0,57620.231462355114,57689.8983169631,0.10909090909262886,b3620733
2026-08-14T13:43:44+05:30,WAIT,Neutral,Ignore,Bearish,Bullish,Bullish,Low,Flat,At,Below,Above,None,None,,,,,,2026-08-14T13:40:00+05:30,57632.0,57610.0,57632.0,57607.6,57632.0,1162.5,2413.5,224.0,57623.322371446025,57689.872199962854,1.2727272727279342,b3620733
2026-08-14T13:45:14+05:30,WAIT,Neutral,Ignore,Bearish,None,None,Unknown,Falling,At,Below,Above,None,None,,,,,,2026-08-14T13:45:00+05:30,57632.0,57632.0,57632.0,57632.0,57632.0,1522.5,2379.0,14.0,57624.9001220922,57689.52424106554,1.577750646174536,b3620733
2026-08-14T13:45:30+05:30,WAIT,Neutral,Ignore,Bearish,None,None,High,Falling,At,Below,Above,None,None,,,,,,2026-08-14T13:45:00+05:30,57632.0,57632.0,57632.0,57632.0,57632.0,3045.0,2379.0,30.0,57624.9001220922,57689.21789180965,1.577750646174536,b3620733
2026-08-14T13:45:44+05:30,WAIT,Neutral,Ignore,Bullish,Bullish,None,High,Falling,Above,Below,Above,Bullish,Bullish,,,,open_interest,,2026-08-14T13:45:00+05:30,57712.0,57632.0,57712.0,57632.0,57712.0,4567.5,2379.0,44.0,57639.445576637656,57689.33857675948,15.941387009814207,b3620733
2026-08-14T13:47:30+05:30,WAIT,Neutral,Ignore,Bullish,Bullish,None,High,Falling,Above,Rejected,Above,Bullish,Bullish,,,,,,2026-08-14T13:45:00+05:30,57740.0,57632.0,57740.0,57632.0,57740.0,10080.0,2379.0,150.0,57644.53648572857,57689.997685374845,4.545454545455868,b3620733
2026-08-14T13:47:44+05:30,WAIT,Neutral,Ignore,Neutral,Bullish,None,High,Falling,Above,Below,Above,Bullish,Bullish,,,,,,2026-08-14T13:45:00+05:30,57701.0,57632.0,57740.0,57632.0,57701.0,11130.0,2379.0,164.0,57637.445576637656,57690.03698336565,-5.272727272727934,b3620733
2026-08-14T13:50:14+05:30,WAIT,Neutral,Ignore,Bullish,None,None,Unknown,Flat,Above,Below,Above,None,None,,,,,,2026-08-14T13:50:00+05:30,57710.0,57710.0,57710.0,57710.0,57710.0,232.5,2940.0,14.0,57651.97613295147,57690.25065338827,14.530556313817215,b3620733
2026-08-14T13:50:44+05:30,WAIT,Neutral,Ignore,Bullish,None,Bullish,Unknown,Flat,Above,Below,Above,None,Bullish,,,,,,2026-08-14T13:50:00+05:30,57724.8,57710.0,57724.8,57703.2,57724.8,697.5,2940.0,44.0,57654.66704204238,57690.28781324921,15.585101768359891,b3620733
2026-08-14T13:51:00+05:30,WAIT,Neutral,Ignore,Bullish,None,Bullish,High,Flat,Above,Below,Above,None,Bullish,,pullback,,pullback,,2026-08-14T13:50:00+05:30,57720.0,57710.0,57724.8,57703.2,57720.0,930.0,2940.0,60.0,57653.79431476966,57690.31103994352,14.712374495633412,b3620733
2026-08-14T13:51:44+05:30,WAIT,Neutral,Ignore,Neutral,None,None,High,Flat,Above,Below,Above,Bullish,None,,,,,,2026-08-14T13:50:00+05:30,57696.0,57710.0,57724.8,57696.0,57696.0,2032.5,2940.0,104.0,57649.43067840602,57690.391141371256,-5.23636363636615,b3620733
2026-08-14T13:53:44+05:30,WAIT,Neutral,Ignore,Neutral,None,Bullish,High,Flat,Above,Below,Above,Bullish,Bullish,,,,trend,,2026-08-14T13:50:00+05:30,57711.0,57710.0,57724.8,57691.2,57711.0,3502.5,2940.0,224.0,57652.15795113329,57690.43023075577,1.0909090909044608,b3620733
2026-08-14T13:54:00+05:30,WAIT,Neutral,Ignore,Neutral,None,None,High,Flat,Above,Below,Above,Bullish,None,,,,,,2026-08-14T13:50:00+05:30,57702.6,57710.0,57724.8,57691.2,57702.6,3690.0,2940.0,240.0,57650.63067840602,57690.43783230062,1.1636363636425813,b3620733
2026-08-14T13:54:44+05:30,WAIT,Neutral,Ignore,Neutral,None,Bullish,High,Flat,Above,Below,Above,Bullish,Bullish,,,,trend,,2026-08-14T13:50:00+05:30,57720.0,57710.0,57724.8,57691.2,57720.0,4522.5,2940.0,284.0,57653.79431476966,57690.487509654915,1.636363636367605,b3620733
2026-08-14T13:55:14+05:30,WAIT,Neutral,Ignore,Bullish,None,None,Unknown,Flat,Above,Below,Above,None,None,,,,,,2026-08-14T13:55:00+05:30,57720.0,57720.0,57720.0,57720.0,57720.0,322.5,2970.0,14.0,57665.83171208426,57690.54621907249,15.201033678240492,b3620733
2026-08-14T13:55:44+05:30,WAIT,Neutral,Ignore,Bullish,None,None,High,Flat,Above,Below,Above,None,Bullish,,,,pullback,,2026-08-14T13:55:00+05:30,57724.0,57720.0,57724.0,57720.0,57724.0,967.5,2970.0,44.0,57666.558984811534,57690.61333961936,12.764670041877253,b3620733
2026-08-14T13:56:44+05:30,WAIT,Neutral,Ignore,Bullish,None,None,High,Flat,Above,Below,Above,None,None,,,,,,2026-08-14T13:55:00+05:30,57716.0,57720.0,57724.0,57716.0,57716.0,2167.5,2970.0,104.0,57665.10443935699,57690.73765354292,-1.4545454545441316,b3620733
2026-08-14T13:57:44+05:30,WAIT,Neutral,Ignore,Bullish,None,Bullish,High,Flat,Above,Below,Above,None,Bullish,,pullback,,pullback,,2026-08-14T13:55:00+05:30,57730.0,57720.0,57730.0,57715.8,57730.0,3517.5,2970.0,164.0,57667.649893902446,57690.86526906326,2.5454545454558684,b3620733
2026-08-14T13:58:14+05:30,WAIT,Neutral,Ignore,Bullish,None,Bullish,High,Flat,Above,Rejected,Above,None,Bullish,,,,,,2026-08-14T13:55:00+05:30,57740.4,57720.0,57740.4,57715.8,57740.4,4117.5,2970.0,194.0,57669.54080299335,57690.95058078141,4.472727272725024,b3620733
2026-08-14T13:59:14+05:30,WAIT,Neutral,Ignore,Bullish,None,Bullish,High,Falling,Above,Rejected,Above,None,Bullish,,,,,,2026-08-14T13:55:00+05:30,57736.8,57720.0,57744.0,57715.8,57736.8,5767.5,2970.0,254.0,57668.88625753881,57691.20614542879,-0.6545454545412213,b3620733
2026-08-14T13:59:44+05:30,WAIT,Neutral,Ignore,Bullish,None,Bullish,High,Falling,Above,Above,Above,None,Bullish,,,,,,2026-08-14T13:55:00+05:30,57769.0,57720.0,57769.0,57715.8,57769.0,7582.5,2970.0,284.0,57674.74080299336,57691.56867153923,5.854545454545587,b3620733
2026-08-14T14:00:14+05:30,WAIT,Neutral,Ignore,Bullish,None,None,Unknown,Flat,Above,Above,Above,None,None,,,,,,2026-08-14T14:00:00+05:30,57762.0,57762.0,57762.0,57762.0,57762.0,877.5,3243.0,14.0,57689.56478922597,57691.97336133845,20.678531687161012,b3620733
2026-08-14T14:00:30+05:30,WAIT,Neutral,Ignore,Bullish,None,None,High,Flat,Above,Above,Above,None,None,,,,,,2026-08-14T14:00:00+05:30,57750.6,57762.0,57762.0,57750.6,57750.6,1755.0,3243.0,30.0,57687.49206195324,57692.13849487217,18.605804414430168,b3620733
2026-08-14T14:00:44+05:30,WAIT,Neutral,Ignore,Bullish,None,Bullish,High,Flat,Above,Above,Above,None,Bullish,,pullback,,pullback,,2026-08-14T14:00:00+05:30,57775.0,57762.0,57775.0,57750.6,57775.0,2632.5,3243.0,44.0,57691.928425589605,57692.37123514584,17.18762259624782,b3620733
2026-08-14T14:01:14+05:30,WAIT,Neutral,Ignore,Bullish,None,Bullish,High,Rising,Above,Above,Above,None,Bullish,,pullback,,pullback,,2026-08-14T14:00:00+05:30,57773.0,57762.0,57775.0,57750.6,57773.0,4230.0,3243.0,74.0,57691.56478922597,57692.778632846086,2.0,b3620733
2026-08-14T14:02:14+05:30,WAIT,Neutral,Ignore,Bullish,None,Bullish,High,Flat,Above,Above,Above,None,Bullish,,pullback,,pullback,,2026-08-14T14:00:00+05:30,57785.0,57762.0,57790.0,57750.6,57785.0,7005.0,3243.0,134.0,57693.74660740779,57693.563298451634,2.1818181818161975,b3620733
2026-08-14T14:04:14+05:30,WAIT,Neutral,Ignore,Bullish,None,Bullish,High,Rising,Above,Above,Above,None,Bullish,,pullback,,pullback,,2026-08-14T14:00:00+05:30,57800.0,57762.0,57800.0,57750.6,57800.0,11820.0,3243.0,254.0,57696.47388013506,57695.10999533582,0.18181818181619747,b3620733
2026-08-14T14:04:44+05:30,WAIT,Neutral,Ignore,Neutral,None,Bullish,High,Rising,Above,Above,Above,None,None,,,,,,2026-08-14T14:00:00+05:30,57763.6,57762.0,57800.0,57750.6,57763.6,13140.0,3243.0,284.0,57689.85569831688,57695.464358045334,-5.345454545451503,b3620733
2026-08-14T14:05:00+05:30,WAIT,Neutral,Ignore,Neutral,None,Bullish,High,Rising,Above,Above,Above,None,Bullish,,,,,,2026-08-14T14:00:00+05:30,57781.0,57762.0,57800.0,57750.6,57781.0,13800.0,3741.0,300.0,57693.01933468052,57695.638823474874,-3.4545454545441316,b3620733
2026-08-14T14:05:14+05:30,WAIT,Neutral,Ignore,Bullish,None,None,Unknown,Flat,Above,Above,Above,None,None,,,,,,2026-08-14T14:05:00+05:30,57786.0,57786.0,57786.0,57786.0,57786.0,570.0,3741.0,14.0,57709.92491019315,57695.79771864878,13.451030058087781,b3620733
2026-08-14T14:05:30+05:30,WAIT,Neutral,Ignore,Bullish,None,None,High,Flat,Above,Above,Above,None,None,,,,,,2026-08-14T14:05:00+05:30,57775.0,57786.0,57786.0,57775.0,57775.0,1140.0,3741.0,30.0,57707.92491019315,57695.936747043605,11.451030058087781,b3620733
2026-08-14T14:05:44+05:30,WAIT,Neutral,Ignore,Bullish,None,Bullish,High,Flat,Above,Above,Above,None,Bullish,,pullback,,pullback,,2026-08-14T14:05:00+05:30,57803.0,57786.0,57803.0,57775.0,57803.0,1710.0,3741.0,44.0,57713.01581928406,57696.124352116574,23.160120967178955,b3620733
2026-08-14T14:06:00+05:30,WAIT,Neutral,Ignore,Bullish,None,None,High,Flat,Above,Above,Above,None,None,,,,,,2026-08-14T14:05:00+05:30,57775.0,57786.0,57803.0,57775.0,57775.0,2280.0,3741.0,60.0,57707.92491019315,57696.26232277665,14.905575512631913,b3620733
2026-08-14T14:06:44+05:30,WAIT,Neutral,Ignore,Bullish,None,Bullish,High,Flat,Above,Above,Above,None,Bullish,,pullback,,pullback,,2026-08-14T14:05:00+05:30,57799.8,57786.0,57803.0,57768.4,57799.8,2370.0,3741.0,104.0,57712.43400110224,57696.28573861022,-0.5818181818176527,b3620733
2026-08-14T14:07:00+05:30,WAIT,Neutral,Ignore,Bullish,None,None,High,Flat,Above,Above,Above,None,None,,,,,,2026-08-14T14:05:00+05:30,57768.4,57786.0,57803.0,57768.4,57768.4,2400.0,3741.0,120.0,57706.72491019315,57696.2923752991,-1.1999999999970896,b3620733
2026-08-14T14:07:44+05:30,WAIT,Neutral,Ignore,Bullish,None,Bullish,High,Flat,Above,Above,Above,None,Bullish,,pullback,,pullback,,2026-08-14T14:05:00+05:30,57790.0,57786.0,57803.0,57767.0,57790.0,2962.5,3741.0,164.0,57710.65218292042,57696.42738234686,-1.7818181818220182,b3620733
2026-08-14T14:08:44+05:30,WAIT,Neutral,Ignore,Bullish,None,None,High,Flat,Above,Above,Above,None,None,,,,,,2026-08-14T14:05:00+05:30,57771.6,57786.0,57803.0,57767.0,57771.6,3622.5,3741.0,224.0,57707.30672837497,57696.609677493296,-3.345454545451503,b3620733
2026-08-14T14:08:54+05:30,WAIT,Neutral,Ignore,Bullish,None,None,Normal,Flat,Above,Above,Above,None,None,,,,,,2026-08-14T14:05:00+05:30,57771.6,57786.0,57803.0,57767.0,57771.6,3622.5,3741.0,234.0,57707.30672837497,57696.609677493296,-3.345454545451503,b3620733
2026-08-14T14:09:00+05:30,WAIT,Neutral,Ignore,Bullish,None,Bullish,Normal,Flat,Above,Above,Above,None,Bullish,,pullback,,pullback,,2026-08-14T14:05:00+05:30,57795.0,57786.0,57803.0,57767.0,57795.0,3780.0,3741.0,240.0,57711.56127382952,57696.65701521261,0.9090909090955392,b3620733
2026-08-14T14:09:44+05:30,WAIT,Neutral,Ignore,Bullish,None,None,Normal,Flat,Above,Above,Above,None,None,,,,,,2026-08-14T14:05:00+05:30,57785.6,57786.0,57803.0,57767.0,57785.6,4027.5,3741.0,284.0,57709.852182920426,57696.72894393443,2.5454545454558684,b3620733
2026-08-14T14:10:00+05:30,WAIT,Neutral,Ignore,Bullish,None,Bullish,Normal,Flat,Above,Above,Above,None,Bullish,,pullback,,pullback,,2026-08-14T14:05:00+05:30,57794.8,57786.0,57803.0,57767.0,57794.8,4110.0,3825.0,300.0,57711.52491019315,57696.75363453264,-0.03636363636906026,b3620733
2026-08-14T14:10:14+05:30,WAIT,Neutral,Ignore,Bullish,None,None,Unknown,Flat,Above,Above,Above,None,None,,,,,,2026-08-14T14:10:00+05:30,57794.8,57794.8,57794.8,57794.8,57794.8,120.0,3825.0,14.0,57726.66583561258,57696.78952594491,15.10456178306049,b3620733
2026-08-14T14:10:30+05:30,WAIT,Neutral,Ignore,Bullish,None,None,Low,Flat,Above,Above,Above,None,Bullish,,,,,,2026-08-14T14:10:00+05:30,57795.0,57794.8,57795.0,57794.8,57795.0,240.0,3825.0,30.0,57726.70219924894,57696.82546427591,15.140925419422274,b3620733
2026-08-14T14:10:44+05:30,WAIT,Neutral,Ignore,Bullish,None,None,Low,Flat,Above,Above,Above,None,None,,,,,,2026-08-14T14:10:00+05:30,57777.4,57794.8,57795.0,57777.4,57777.4,360.0,3825.0,44.0,57723.50219924894,57696.85493827161,13.650016328516358,b3620733
2026-08-14T14:11:30+05:30,WAIT,Neutral,Ignore,Bullish,None,Bullish,Low,Flat,Above,Above,Above,None,Bullish,,,,,,2026-08-14T14:10:00+05:30,57799.8,57794.8,57799.8,57777.4,57799.8,915.0,3825.0,90.0,57727.574926521665,57697.02285114347,0.872727272726479,b3620733
2026-08-14T14:11:44+05:30,WAIT,Neutral,Ignore,Bullish,None,None,Normal,Flat,Above,Above,Above,None,None,,,,,,2026-08-14T14:10:00+05:30,57777.4,57794.8,57799.8,57777.4,57777.4,1132.5,3825.0,104.0,57723.50219924894,57697.07601669594,0.0,b3620733
2026-08-14T14:11:52+05:30,WAIT,Neutral,Ignore,Bullish,None,None,Low,Flat,Above,Above,Above,None,None,,,,,,2026-08-14T14:10:00+05:30,57777.4,57794.8,57799.8,57777.4,57777.4,1132.5,3825.0,112.0,57723.50219924894,57697.07601669594,0.0,b3620733
2026-08-14T14:12:00+05:30,WAIT,Neutral,Ignore,Bullish,None,Bullish,Normal,Flat,Above,Above,Above,None,Bullish,,pullback,,pullback,,2026-08-14T14:10:00+05:30,57795.0,57794.8,57799.8,57777.4,57795.0,1350.0,3825.0,120.0,57726.70219924894,57697.140745805984,0.18181818181619747,b3620733
2026-08-14T14:12:20+05:30,WAIT,Neutral,Ignore,Bullish,None,Bullish,Low,Flat,Above,Above,Above,None,Bullish,,,,,,2026-08-14T14:10:00+05:30,57795.0,57794.8,57799.8,57777.4,57795.0,1417.5,3825.0,140.0,57726.70219924894,57697.160816754404,0.18181818181619747,b3620733
2026-08-14T14:12:44+05:30,WAIT,Neutral,Ignore,Bullish,None,None,Low,Flat,Above,Above,Above,None,None,,,,,,2026-08-14T14:10:00+05:30,57771.6,57794.8,57799.8,57771.6,57771.6,1552.5,3825.0,164.0,57722.44765379439,57697.19613658625,-1.0545454545499524,b3620733
2026-08-14T14:13:30+05:30,WAIT,Neutral,Ignore,Neutral,None,None,Low,Flat,Above,Above,Above,None,None,,,,,,2026-08-14T14:10:00+05:30,57771.0,57794.8,57799.8,57771.0,57771.0,1905.0,3825.0,210.0,57722.3385628853,57697.27545169071,-4.363636363639671,b3620733
2026-08-14T14:15:14+05:30,WAIT,Neutral,Ignore,Bullish,None,None,Unknown,Flat,Above,Above,Above,None,None,,,,,,2026-08-14T14:15:00+05:30,57765.4,57765.4,57765.4,57765.4,57765.4,97.5,3828.0,14.0,57729.33485723673,57697.51058994307,6.99629435143288,b3620733
2026-08-14T14:15:30+05:30,WAIT,Neutral,Ignore,Bullish,None,None,Low,Flat,Above,Above,Above,None,None,,,,,,2026-08-14T14:15:00+05:30,57765.4,57765.4,57765.4,57765.4,57765.4,195.0,3828.0,30.0,57729.33485723673,57697.53060178677,6.269021624153538,b3620733
2026-08-14T14:15:44+05:30,WAIT,Neutral,Ignore,Bullish,None,None,Low,Flat,Above,Above,Above,None,Bullish,,,,,,2026-08-14T14:15:00+05:30,57794.0,57765.4,57794.0,57765.4,57794.0,292.5,3828.0,44.0,57734.53485723674,57697.55902980846,14.159930715068185,b3620733
2026-08-14T14:16:44+05:30,WAIT,Neutral,Ignore,Bullish,None,None,Low,Flat,Above,Above,Above,None,None,,,,,,2026-08-14T14:15:00+05:30,57774.4,57765.4,57794.0,57765.4,57774.4,885.0,3828.0,104.0,57730.9712208731,57697.71619224329,-3.5636363636367605,b3620733
2026-08-14T14:17:00+05:30,WAIT,Neutral,Ignore,Bullish,None,None,Low,Flat,Above,Above,Above,None,Bullish,,,,,,2026-08-14T14:15:00+05:30,57790.0,57765.4,57794.0,57765.4,57790.0,1050.0,3828.0,120.0,57733.80758450946,57697.76210873892,0.0727272727235686,b3620733
2026-08-14T14:17:44+05:30,WAIT,Neutral,Ignore,Bullish,None,None,Low,Flat,Above,Above,Above,None,None,,,,,,2026-08-14T14:15:00+05:30,57775.0,57765.4,57794.0,57765.4,57775.0,1072.5,3828.0,164.0,57731.080311782185,57697.768027318576,0.1090909090853529,b3620733
2026-08-14T14:18:14+05:30,WAIT,Neutral,Ignore,Bullish,None,None,Low,Flat,Above,Above,Above,None,Bullish,,,,,,2026-08-14T14:15:00+05:30,57788.0,57765.4,57794.0,57765.4,57788.0,1245.0,3828.0,194.0,57733.443948145825,57697.8146421952,-0.36363636363239493,b3620733
2026-08-14T14:18:44+05:30,WAIT,Neutral,Ignore,Bullish,None,None,Low,Flat,Above,Above,Above,None,None,,,,,,2026-08-14T14:15:00+05:30,57775.0,57765.4,57794.0,57765.4,57775.0,1575.0,3828.0,224.0,57731.080311782185,57697.89778711105,0.0,b3620733
2026-08-14T14:19:14+05:30,WAIT,Neutral,Ignore,Bullish,None,None,Low,Falling,Above,Above,Above,None,None,,,,,,2026-08-14T14:15:00+05:30,57775.0,57765.4,57794.0,57765.4,57775.0,1852.5,3828.0,254.0,57731.080311782185,57697.96215057645,-2.363636363639671,b3620733
2026-08-14T14:20:14+05:30,WAIT,Neutral,Ignore,Bullish,None,None,Unknown,Flat,Above,Above,Above,None,None,,,,,,2026-08-14T14:20:00+05:30,57771.0,57771.0,57771.0,57771.0,57771.0,135.0,3847.5,14.0,57737.74339559038,57698.067237417206,6.66308380819828,b3620733
2026-08-14T14:20:30+05:30,WAIT,Neutral,Ignore,Bullish,None,None,Low,Flat,Above,Above,Above,None,Bullish,,,,,,2026-08-14T14:20:00+05:30,57782.6,57771.0,57782.6,57771.0,57782.6,270.0,3847.5,30.0,57739.852486499476,57698.10150436898,8.735811080921849,b3620733
2026-08-14T14:20:44+05:30,WAIT,Neutral,Ignore,Bullish,None,None,Low,Flat,Above,Rejected,Above,None,None,,,,,,2026-08-14T14:20:00+05:30,57752.0,57771.0,57782.6,57752.0,57752.0,405.0,3847.5,44.0,57734.28885013584,57698.12334428886,3.9358110809262143,b3620733
2026-08-14T14:21:30+05:30,WAIT,Neutral,Ignore,Neutral,None,None,Low,Flat,Above,Rejected,Above,None,None,,,,,,2026-08-14T14:20:00+05:30,57749.0,57771.0,57782.6,57749.0,57749.0,810.0,3847.5,90.0,57733.74339559038,57698.18754384387,-6.109090909092629,b3620733
2026-08-14T14:21:44+05:30,WAIT,Neutral,Ignore,Neutral,None,Bullish,Low,Flat,Above,Above,Above,None,Bullish,,,,,,2026-08-14T14:20:00+05:30,57775.0,57771.0,57782.6,57749.0,57775.0,945.0,3847.5,104.0,57738.470668317656,57698.21861824066,4.1818181818161975,b3620733
2026-08-14T14:22:00+05:30,WAIT,Neutral,Ignore,Neutral,None,None,Low,Flat,Above,Rejected,Above,None,None,,,,,,2026-08-14T14:20:00+05:30,57753.0,57771.0,57782.6,57749.0,57753.0,1080.0,3847.5,120.0,57734.470668317656,57698.24077102804,0.18181818181619747,b3620733
2026-08-14T14:22:30+05:30,WAIT,Neutral,Ignore,Neutral,None,None,Low,Flat,Above,Above,Above,None,None,,,,,,2026-08-14T14:20:00+05:30,57760.0,57771.0,57782.6,57749.0,57760.0,1320.0,3847.5,150.0,57735.74339559038,57698.282623922416,2.0,b3620733
2026-08-14T14:22:44+05:30,WAIT,Neutral,Ignore,Neutral,None,None,Low,Flat,Above,Below,Above,None,None,,,,,,2026-08-14T14:20:00+05:30,57740.0,57771.0,57782.6,57740.0,57740.0,1440.0,3847.5,164.0,57732.10703195402,57698.2976032316,-6.363636363632395,b3620733
2026-08-14T14:24:44+05:30,WAIT,Neutral,Ignore,Bullish,Bullish,Bullish,Low,Flat,Above,Above,Above,None,Bullish,,volume,,,,2026-08-14T14:20:00+05:30,57778.2,57771.0,57782.6,57738.8,57778.2,2400.0,3847.5,284.0,57739.05248649947,57698.43947368421,6.654545454541221,b3620733
2026-08-14T14:25:00+05:30,WAIT,Neutral,Ignore,Bullish,None,None,Low,Flat,Above,Above,Above,None,None,,,,,,2026-08-14T14:20:00+05:30,57770.0,57771.0,57782.6,57738.8,57770.0,2580.0,3838.5,300.0,57737.56157740857,57698.477885131506,5.200000000004366,b3620733
2026-08-14T14:25:14+05:30,WAIT,Neutral,Ignore,Bullish,None,None,Unknown,Flat,Above,Above,Above,None,None,,,,,,2026-08-14T14:25:00+05:30,57770.0,57770.0,57770.0,57770.0,57770.0,30.0,3838.5,14.0,57743.459472425195,57698.48428303068,11.09789501663181,b3620733
2026-08-14T14:25:30+05:30,WAIT,Neutral,Ignore,Bullish,None,None,Low,Flat,Above,Above,Above,None,None,,,,,,2026-08-14T14:25:00+05:30,57770.0,57770.0,57770.0,57770.0,57770.0,60.0,3838.5,30.0,57743.459472425195,57698.49067978533,11.09789501663181,b3620733
2026-08-14T14:25:44+05:30,WAIT,Neutral,Ignore,Bullish,None,None,Low,Flat,Above,Rejected,Above,None,None,,,,,,2026-08-14T14:25:00+05:30,57748.0,57770.0,57770.0,57748.0,57748.0,90.0,3838.5,44.0,57739.459472425195,57698.49510777211,0.4069859257215285,b3620733
2026-08-14T14:26:44+05:30,WAIT,Neutral,Ignore,Bullish,None,None,Low,Flat,Above,Below,Above,None,None,,,,,,2026-08-14T14:25:00+05:30,57743.0,57770.0,57770.0,57743.0,57743.0,255.0,3838.5,104.0,57738.5503815161,57698.51877709739,-0.9090909090955392,b3620733
2026-08-14T14:27:00+05:30,WAIT,Neutral,Ignore,Bullish,None,None,Low,Flat,Above,Rejected,Above,None,None,,,,,,2026-08-14T14:25:00+05:30,57747.0,57770.0,57770.0,57743.0,57747.0,300.0,3838.5,120.0,57739.27765424337,57698.52527708259,-0.18181818182347342,b3620733
2026-08-14T14:27:44+05:30,WAIT,Neutral,Ignore,Bullish,None,None,Low,Flat,Above,Below,Above,None,None,,,,,,2026-08-14T14:25:00+05:30,57743.0,57770.0,57770.0,57743.0,57743.0,547.5,3838.5,164.0,57738.5503815161,57698.56001339734,0.0,b3620733
2026-08-14T14:28:44+05:30,WAIT,Neutral,Ignore,Bullish,None,None,Low,Flat,Above,Rejected,Above,None,None,,,,,,2026-08-14T14:25:00+05:30,57745.6,57770.0,57770.0,57743.0,57745.6,787.5,3838.5,224.0,57739.023108788824,57698.59215030011,0.4727272727250238,b3620733
2026-08-14T14:29:44+05:30,WAIT,Neutral,Ignore,Bullish,None,None,Low,Flat,Above,Below,Above,None,None,,,,,,2026-08-14T14:25:00+05:30,57741.6,57770.0,57770.0,57741.6,57741.6,1020.0,3838.5,284.0,57738.29583606155,57698.62435783089,-0.7272727272720658,b3620733
2026-08-14T14:30:14+05:30,WAIT,Neutral,Ignore,Bullish,None,None,Unknown,Flat,Above,Below,Above,None,None,,,,,,2026-08-14T14:30:00+05:30,57741.6,57741.6,57741.6,57741.6,57741.6,142.5,3750.0,14.0,57738.89659314127,57698.65021504178,-0.12651564755651634,b3620733
2026-08-14T14:30:30+05:30,WAIT,Neutral,Ignore,Bullish,None,None,Low,Flat,Above,Below,Above,None,Bullish,,,,,,2026-08-14T14:30:00+05:30,57742.4,57741.6,57742.4,57741.6,57742.4,285.0,3750.0,30.0,57739.04204768672,57698.66873078808,-0.41742473847261863,b3620733
2026-08-14T14:30:44+05:30,WAIT,Neutral,Ignore,Bullish,Bearish,Bearish,Low,Flat,Above,Below,Above,None,None,,,,,,2026-08-14T14:30:00+05:30,57731.4,57741.6,57742.4,57731.4,57731.4,427.5,3750.0,44.0,57737.04204768672,57698.68257742747,-1.2537883748300374,b3620733
2026-08-14T14:31:00+05:30,WAIT,Neutral,Ignore,Bullish,Bullish,None,Low,Flat,Above,Below,Above,None,None,,,,,,2026-08-14T14:30:00+05:30,57741.0,57741.6,57742.4,57731.4,57741.0,570.0,3750.0,60.0,57738.78750223218,57698.70047182409,0.4916661706301966,b3620733
2026-08-14T14:31:14+05:30,WAIT,Neutral,Ignore,Bullish,Bullish,None,Unknown,Flat,Above,Below,Above,None,None,,,,,,2026-08-14T14:30:00+05:30,57741.0,57741.6,57742.4,57731.4,57741.0,787.5,3750.0,74.0,57738.78750223218,57698.727755165586,-0.1090909090853529,b3620733
2026-08-14T14:31:20+05:30,WAIT,Neutral,Ignore,Bullish,Bullish,None,Low,Flat,Above,Below,Above,None,None,,,,,,2026-08-14T14:30:00+05:30,57741.0,57741.6,57742.4,57731.4,57741.0,787.5,3750.0,80.0,57738.78750223218,57698.727755165586,-0.1090909090853529,b3620733
2026-08-14T14:31:30+05:30,WAIT,Neutral,Ignore,Bullish,Bullish,None,Normal,Flat,Above,Below,Above,None,None,,rejection,,,,2026-08-14T14:30:00+05:30,57741.0,57741.6,57742.4,57731.4,57741.0,1005.0,3750.0,90.0,57738.78750223218,57698.755003334074,-0.25454545453976607,b3620733
2026-08-14T14:31:42+05:30,WAIT,Neutral,Ignore,Bullish,Bullish,None,Low,Flat,Above,Below,Above,None,None,,,,,,2026-08-14T14:30:00+05:30,57741.0,57741.6,57742.4,57731.4,57741.0,1005.0,3750.0,102.0,57738.78750223218,57698.755003334074,-0.25454545453976607,b3620733
2026-08-14T14:31:44+05:30,WAIT,Neutral,Ignore,Bullish,Bullish,Bullish,Normal,Flat,Above,Rejected,Above,None,Bullish,,level,,,,2026-08-14T14:30:00+05:30,57752.4,57741.6,57752.4,57731.4,57752.4,1222.5,3750.0,104.0,57740.860229504906,57698.789559963574,3.8181818181838025,b3620733
2026-08-14T14:32:28+05:30,WAIT,Neutral,Ignore,Bullish,Bullish,Bullish,Low,Flat,Above,Rejected,Above,None,Bullish,,,,,,2026-08-14T14:30:00+05:30,57752.4,57741.6,57752.4,57731.4,57752.4,1462.5,3750.0,148.0,57740.860229504906,57698.82763978602,2.0727272727235686,b3620733
2026-08-14T14:32:44+05:30,WAIT,Neutral,Ignore,Bullish,Bullish,Bullish,Low,Flat,Above,Above,Above,None,Bullish,,volume,,,,2026-08-14T14:30:00+05:30,57764.8,57741.6,57764.8,57731.4,57764.8,1507.5,3750.0,164.0,57743.11477495945,57698.83559935193,2.254545454547042,b3620733
2026-08-14T14:34:14+05:30,WAIT,Neutral,Ignore,Bullish,Bullish,Bullish,Low,Falling,Above,Above,Above,None,Bullish,,,,,,2026-08-14T14:30:00+05:30,57760.2,57741.6,57768.2,57731.4,57760.2,2062.5,3750.0,254.0,57742.27841132309,57698.94023176974,-0.509090909094084,b3620733
2026-08-14T14:34:44+05:30,WAIT,Neutral,Ignore,Bullish,Bullish,Bullish,Low,Falling,Above,Rejected,Above,None,None,,,,,,2026-08-14T14:30:00+05:30,57747.0,57741.6,57770.0,57731.4,57747.0,2167.5,3750.0,284.0,57739.87841132309,57698.95870196035,-3.854545454545587,b3620733
2026-08-14T14:35:14+05:30,WAIT,Neutral,Ignore,Bullish,None,None,Unknown,Flat,Above,Rejected,Above,None,None,,,,,,2026-08-14T14:35:00+05:30,57747.0,57747.0,57747.0,57747.0,57747.0,67.5,3763.5,14.0,57741.17324562798,57698.97572241536,-1.1051656951094628,b3620733
2026-08-14T14:35:30+05:30,WAIT,Neutral,Ignore,Bullish,None,None,Low,Flat,Above,Rejected,Above,None,None,,,,,,2026-08-14T14:35:00+05:30,57745.0,57747.0,57747.0,57745.0,57745.0,135.0,3763.5,30.0,57740.80960926435,57698.98489262785,-3.2506202405566,b3620733
2026-08-14T14:35:44+05:30,WAIT,Neutral,Ignore,Bullish,None,Bullish,Low,Flat,Above,Rejected,Above,None,Bullish,,,,,,2026-08-14T14:35:00+05:30,57750.2,57747.0,57750.2,57745.0,57750.2,202.5,3763.5,44.0,57741.7550638098,57698.99509506629,1.876652486709645,b3620733
2026-08-14T14:36:30+05:30,WAIT,Neutral,Ignore,Bullish,None,None,Low,Flat,Above,Rejected,Above,None,None,,,,,,2026-08-14T14:35:00+05:30,57746.2,57747.0,57750.2,57745.0,57746.2,420.0,3763.5,90.0,57741.027791082524,57699.026300654754,0.21818181817798177,b3620733
2026-08-14T14:36:44+05:30,WAIT,Neutral,Ignore,Bullish,Bullish,Bullish,Low,Flat,Above,Above,Above,None,Bullish,,volume,,,,2026-08-14T14:35:00+05:30,57769.8,57747.0,57769.8,57745.0,57769.8,495.0,3763.5,104.0,57745.31870017343,57699.04195231987,3.5636363636367605,b3620733
2026-08-14T14:37:00+05:30,WAIT,Neutral,Ignore,Bullish,None,Bullish,Low,Flat,Above,Rejected,Above,None,None,,,,,,2026-08-14T14:35:00+05:30,57751.0,57747.0,57769.8,57745.0,57751.0,570.0,3763.5,120.0,57741.90051835525,57699.05344034669,0.4727272727250238,b3620733
2026-08-14T14:37:44+05:30,WAIT,Neutral,Ignore,Neutral,None,None,Low,Flat,Above,Below,Above,None,None,,,,,,2026-08-14T14:35:00+05:30,57740.0,57747.0,57769.8,57740.0,57740.0,1200.0,3763.5,164.0,57739.90051835525,57699.142942266946,-5.418181818182347,b3620733
2026-08-14T14:38:30+05:30,WAIT,Neutral,Ignore,Neutral,Bearish,Bearish,Low,Flat,Above,Below,Above,None,None,,,,,,2026-08-14T14:35:00+05:30,57738.2,57747.0,57769.8,57738.2,57738.2,1695.0,3763.5,210.0,57739.57324562798,57699.201613116486,-2.3272727272706106,b3620733
2026-08-14T14:38:44+05:30,WAIT,Neutral,Ignore,Neutral,Bullish,None,Low,Flat,Above,Rejected,Above,None,None,,,,,,2026-08-14T14:35:00+05:30,57745.0,57747.0,57769.8,57738.2,57745.0,1837.5,3763.5,224.0,57740.80960926435,57699.22078110888,0.9090909090955392,b3620733
2026-08-14T14:39:14+05:30,WAIT,Neutral,Ignore,Neutral,Bullish,None,Low,Falling,Above,Rejected,Above,None,None,,,,,,2026-08-14T14:35:00+05:30,57745.0,57747.0,57769.8,57738.2,57745.0,2010.0,3763.5,254.0,57740.80960926435,57699.24396301189,0.9090909090955392,b3620733
2026-08-14T14:39:44+05:30,WAIT,Neutral,Ignore,Bullish,Bullish,Bullish,Low,Falling,Above,Above,Above,None,Bullish,,,,,,2026-08-14T14:35:00+05:30,57769.0,57747.0,57769.8,57738.2,57769.0,2070.0,3763.5,284.0,57745.17324562798,57699.25413401426,4.363636363632395,b3620733
2026-08-14T14:40:00+05:30,WAIT,Neutral,Ignore,Bullish,Bullish,None,Low,Falling,Above,Rejected,Above,None,None,,,,,,2026-08-14T14:35:00+05:30,57745.0,57747.0,57769.8,57738.2,57745.0,2100.0,3784.5,300.0,57740.80960926435,57699.25816164818,0.0,b3620733
2026-08-14T14:40:14+05:30,WAIT,Neutral,Ignore,Bullish,None,None,Unknown,Flat,Above,Rejected,Above,None,None,,,,,,2026-08-14T14:40:00+05:30,57745.0,57745.0,57745.0,57745.0,57745.0,300.0,3784.5,14.0,57741.57149848901,57699.29839901478,0.7618892246609903,b3620733
2026-08-14T14:40:30+05:30,WAIT,Neutral,Ignore,Bullish,None,None,Unknown,Flat,Above,Below,Above,None,None,,,,,,2026-08-14T14:40:00+05:30,57742.4,57745.0,57745.0,57742.4,57742.4,600.0,3784.5,30.0,57741.09877121628,57699.33628054139,0.2891619519359665,b3620733
2026-08-14T14:40:44+05:30,WAIT,Neutral,Ignore,Bullish,Bullish,Bullish,Unknown,Flat,Above,Rejected,Above,None,Bullish,,,,,,2026-08-14T14:40:00+05:30,57750.0,57745.0,57750.0,57742.4,57750.0,900.0,3784.5,44.0,57742.4805893981,57699.38076923077,-2.6926562298758654,b3620733
2026-08-14T14:41:00+05:30,WAIT,Neutral,Ignore,Bullish,Bullish,Bullish,High,Flat,Above,Rejected,Above,None,Bullish,,level,,,,2026-08-14T14:40:00+05:30,57750.0,57745.0,57750.0,57742.4,57750.0,1200.0,3784.5,60.0,57742.4805893981,57699.425179856116,1.6709801337565295,b3620733
2026-08-14T14:41:20+05:30,WAIT,Neutral,Ignore,Bullish,Bullish,Bullish,Normal,Flat,Above,Rejected,Above,None,Bullish,,level,,,,2026-08-14T14:40:00+05:30,57750.0,57745.0,57750.0,57742.4,57750.0,1260.0,3784.5,80.0,57742.4805893981,57699.43405263158,0.9090909090955392,b3620733
2026-08-14T14:41:44+05:30,WAIT,Neutral,Ignore,Bullish,None,Bullish,Normal,Flat,Above,Rejected,Above,None,Bullish,,,,,,2026-08-14T14:40:00+05:30,57747.2,57745.0,57751.0,57742.4,57747.2,1380.0,3784.5,104.0,57741.97149848901,57699.45147316731,-0.509090909094084,b3620733
2026-08-14T14:42:00+05:30,WAIT,Neutral,Ignore,Bullish,Bullish,Bullish,Normal,Flat,Above,Rejected,Above,None,Bullish,,level,,,,2026-08-14T14:40:00+05:30,57751.0,57745.0,57751.0,57742.4,57751.0,1440.0,3784.5,120.0,57742.66240757992,57699.460512011225,0.18181818181619747,b3620733
2026-08-14T14:42:26+05:30,WAIT,Neutral,Ignore,Bullish,Bullish,Bullish,Low,Flat,Above,Rejected,Above,None,Bullish,,,,,,2026-08-14T14:40:00+05:30,57751.0,57745.0,57751.0,57742.4,57751.0,1455.0,3784.5,146.0,57742.66240757992,57699.46277122693,0.18181818181619747,b3620733
2026-08-14T14:42:44+05:30,WAIT,Neutral,Ignore,Bullish,Bullish,Bullish,Low,Flat,Above,Above,Above,None,Bullish,,volume,,,,2026-08-14T14:40:00+05:30,57768.0,57745.0,57768.0,57742.4,57768.0,1485.0,3784.5,164.0,57745.75331667083,57699.46803418804,3.7818181818220182,b3620733
2026-08-14T14:43:44+05:30,WAIT,Neutral,Ignore,Neutral,None,None,Low,Flat,Above,Below,Above,None,None,,,,,,2026-08-14T14:40:00+05:30,57741.0,57745.0,57768.0,57741.0,57741.0,1680.0,3784.5,224.0,57740.844225761735,57699.502330471354,-4.909090909095539,b3620733
2026-08-14T14:44:14+05:30,WAIT,Neutral,Ignore,Neutral,None,None,Low,Falling,Above,Below,Above,None,None,,,,,,2026-08-14T14:40:00+05:30,57741.4,57745.0,57768.0,57741.0,57741.4,1807.5,3784.5,254.0,57740.916953034466,57699.51792525124,-4.836363636364695,b3620733
2026-08-14T14:44:30+05:30,WAIT,Neutral,Ignore,Neutral,Bullish,None,Low,Falling,Above,Below,Above,None,None,,,,,,2026-08-14T14:40:00+05:30,57743.0,57745.0,57768.0,57741.0,57743.0,1875.0,3784.5,270.0,57741.207862125375,57699.526491834855,-4.545454545455868,b3620733
2026-08-14T14:44:44+05:30,WAIT,Neutral,Ignore,Neutral,Bearish,Bearish,Low,Falling,Above,Below,Above,None,None,,,,,,2026-08-14T14:40:00+05:30,57737.6,57745.0,57768.0,57737.6,57737.6,1942.5,3784.5,284.0,57740.226043943556,57699.533991376855,-0.618181818179437,b3620733
2026-08-14T14:45:14+05:30,WAIT,Neutral,Ignore,Neutral,None,None,Unknown,Flat,Above,Below,Above,None,None,,,,,,2026-08-14T14:45:00+05:30,57740.0,57740.0,57740.0,57740.0,57740.0,75.0,3820.5,14.0,57740.541969838116,57699.55081163859,-0.374983196350513,b3620733
2026-08-14T14:45:30+05:30,WAIT,Neutral,Ignore,Neutral,None,None,Low,Flat,Above,Below,Above,None,None,,,,,,2026-08-14T14:45:00+05:30,57737.8,57740.0,57740.0,57737.8,57737.8,150.0,3820.5,30.0,57740.141969838114,57699.5591776028,-1.0658922872607945,b3620733
2026-08-14T14:45:44+05:30,WAIT,Neutral,Ignore,Neutral,Bullish,Bullish,Low,Flat,Above,Rejected,Above,None,Bullish,,,,,,2026-08-14T14:45:00+05:30,57755.0,57740.0,57755.0,57737.8,57755.0,225.0,3820.5,44.0,57743.26924256539,57699.57130111524,3.0431986218318343,b3620733
2026-08-14T14:46:00+05:30,WAIT,Neutral,Ignore,Neutral,Bearish,Bearish,Low,Flat,Above,Below,Above,None,None,,,,,,2026-08-14T14:45:00+05:30,57738.8,57740.0,57755.0,57737.8,57738.8,300.0,3820.5,60.0,57740.32378801994,57699.57987756887,-0.33861955998145277,b3620733
2026-08-14T14:47:44+05:30,WAIT,Neutral,Ignore,Neutral,Bullish,Bullish,Low,Flat,Above,Rejected,Above,None,Bullish,,,,,,2026-08-14T14:45:00+05:30,57745.0,57740.0,57755.0,57728.0,57745.0,1162.5,3820.5,164.0,57741.451060747204,57699.66712899357,2.727272727272066,b3620733
2026-08-14T14:48:00+05:30,WAIT,Neutral,Ignore,Neutral,Bearish,Bearish,Low,Flat,Above,Below,Above,None,None,,,,,,2026-08-14T14:45:00+05:30,57729.0,57740.0,57755.0,57728.0,57729.0,1290.0,3820.5,180.0,57738.541969838116,57699.677999651205,-0.18181818181619747,b3620733
2026-08-14T14:48:44+05:30,WAIT,Neutral,Ignore,Neutral,Bullish,Bullish,Low,Flat,Above,Rejected,Above,None,Bullish,,,,,,2026-08-14T14:45:00+05:30,57745.0,57740.0,57755.0,57728.0,57745.0,1470.0,3820.5,224.0,57741.451060747204,57699.69612166638,0.0,b3620733
2026-08-14T14:49:00+05:30,WAIT,Neutral,Ignore,Neutral,Bearish,Bearish,Low,Flat,Above,Below,Above,None,None,,,,,,2026-08-14T14:45:00+05:30,57730.0,57740.0,57755.0,57728.0,57730.0,1530.0,3820.5,240.0,57738.72378801993,57699.70140292785,0.18181818181619747,b3620733
2026-08-14T14:50:14+05:30,WAIT,Neutral,Ignore,Neutral,None,None,Unknown,Flat,Above,Below,Above,None,None,,,,,,2026-08-14T14:50:00+05:30,57720.2,57720.2,57720.2,57720.2,57720.2,142.5,3867.0,14.0,57733.89797532209,57699.74853353625,-4.825812697839865,b3620733
2026-08-14T14:50:30+05:30,WAIT,Neutral,Ignore,Neutral,None,None,Low,Flat,Above,Below,Above,None,None,,,,,,2026-08-14T14:50:00+05:30,57720.2,57720.2,57720.2,57720.2,57720.2,285.0,3867.0,30.0,57733.89797532209,57699.75697831095,-4.825812697839865,b3620733
2026-08-14T14:50:44+05:30,WAIT,Neutral,Ignore,Neutral,None,None,Low,Flat,Above,Below,Above,None,Bullish,,,,,,2026-08-14T14:50:00+05:30,57730.0,57720.2,57730.0,57720.2,57730.0,427.5,3867.0,44.0,57735.679793503914,57699.76946103882,-0.7530854251090204,b3620733
2026-08-14T14:51:00+05:30,WAIT,Neutral,Ignore,Neutral,None,None,Low,Flat,Above,Below,Above,None,None,,,,,,2026-08-14T14:50:00+05:30,57725.0,57720.2,57730.0,57720.2,57725.0,570.0,3867.0,60.0,57734.770702594826,57699.779870581086,-2.1712672432913678,b3620733
2026-08-14T14:51:44+05:30,WAIT,Neutral,Ignore,Neutral,Bullish,None,Low,Flat,Above,Rejected,Above,None,Bullish,,,,,,2026-08-14T14:50:00+05:30,57749.0,57720.2,57749.0,57720.2,57749.0,840.0,3867.0,104.0,57739.13433895846,57699.80581930221,3.4545454545441316,b3620733
2026-08-14T14:52:00+05:30,WAIT,Neutral,Ignore,Bullish,Bullish,None,Low,Flat,Above,Rejected,Above,None,Bullish,,,,,,2026-08-14T14:50:00+05:30,57749.0,57720.2,57749.0,57720.2,57749.0,930.0,3867.0,120.0,57739.13433895846,57699.81862472885,4.363636363632395,b3620733
2026-08-14T14:52:30+05:30,WAIT,Neutral,Ignore,Bullish,Bullish,None,Low,Flat,Above,Below,Above,None,Bullish,,,,,,2026-08-14T14:50:00+05:30,57742.0,57720.2,57749.0,57720.2,57742.0,1365.0,3867.0,150.0,57737.86161168573,57699.87602582434,3.0909090909044608,b3620733
2026-08-14T14:52:44+05:30,WAIT,Neutral,Ignore,Bullish,Bullish,None,Low,Flat,Above,Above,Above,None,Bullish,,,,,,2026-08-14T14:50:00+05:30,57765.0,57720.2,57765.0,57720.2,57765.0,1582.5,3867.0,164.0,57742.043429867554,57699.91691601533,2.9090909090955392,b3620733
2026-08-14T14:53:44+05:30,WAIT,Neutral,Ignore,Bullish,Bullish,None,Low,Flat,Above,Rejected,Above,None,Bullish,,,,,,2026-08-14T14:50:00+05:30,57750.0,57720.2,57769.0,57720.2,57750.0,2227.5,3867.0,224.0,57739.316157140274,57700.03335854602,-2.727272727279342,b3620733
2026-08-14T14:54:44+05:30,WAIT,Neutral,Ignore,Bullish,Bullish,None,Low,Flat,Above,Above,Above,None,Bullish,,,,,,2026-08-14T14:50:00+05:30,57760.0,57720.2,57769.0,57720.2,57760.0,2505.0,3867.0,284.0,57741.13433895846,57700.0745756856,1.8181818181838025,b3620733
2026-08-14T14:55:14+05:30,WAIT,Neutral,Ignore,Bullish,None,None,Unknown,Flat,Above,Above,Above,None,None,,,,,,2026-08-14T14:55:00+05:30,57760.0,57760.0,57760.0,57760.0,57760.0,60.0,3891.0,14.0,57744.56445914783,57700.09268629652,5.248302007552411,b3620733
2026-08-14T14:55:30+05:30,WAIT,Neutral,Ignore,Bullish,None,None,Low,Flat,Above,Above,Above,None,None,,,,,,2026-08-14T14:55:00+05:30,57760.0,57760.0,57760.0,57760.0,57760.0,120.0,3891.0,30.0,57744.56445914783,57700.10303030303,5.248302007552411,b3620733
2026-08-14T14:55:44+05:30,WAIT,Neutral,Ignore,Bullish,None,None,Low,Flat,Above,Rejected,Above,None,None,,,,,,2026-08-14T14:55:00+05:30,57745.2,57760.0,57760.0,57745.2,57745.2,180.0,3891.0,44.0,57741.87355005692,57700.11081570997,0.7392110984583269,b3620733
2026-08-14T14:56:44+05:30,WAIT,Neutral,Ignore,Bullish,Bearish,None,Low,Flat,Above,Below,Above,None,None,,,,,,2026-08-14T14:55:00+05:30,57740.0,57760.0,57760.0,57740.0,57740.0,397.5,3891.0,104.0,57740.92809551147,57700.13859259419,-0.9454545454500476,b3620733
2026-08-14T14:57:00+05:30,WAIT,Neutral,Ignore,Bullish,Bullish,None,Low,Flat,Above,Rejected,Above,None,None,,,,,,2026-08-14T14:55:00+05:30,57746.6,57760.0,57760.0,57740.0,57746.6,450.0,3891.0,120.0,57742.12809551146,57700.145605485595,0.254545454547042,b3620733
2026-08-14T14:57:30+05:30,WAIT,Neutral,Ignore,Bullish,Bullish,None,Low,Flat,Above,Below,Above,None,None,,,,,,2026-08-14T14:55:00+05:30,57743.0,57760.0,57760.0,57740.0,57743.0,570.0,3891.0,150.0,57741.47355005692,57700.16100620796,-0.8363636363646947,b3620733
2026-08-14T14:57:44+05:30,WAIT,Neutral,Ignore,Bullish,Bullish,None,Low,Flat,Above,Above,Above,None,None,,,,,,2026-08-14T14:55:00+05:30,57759.0,57760.0,57760.0,57740.0,57759.0,630.0,3891.0,164.0,57744.38264096601,57700.17115086207,3.4545454545441316,b3620733
2026-08-14T14:58:00+05:30,WAIT,Neutral,Ignore,Bullish,Bullish,None,Low,Flat,Above,Rejected,Above,None,None,,,,,,2026-08-14T14:55:00+05:30,57752.6,57760.0,57760.0,57740.0,57752.6,690.0,3891.0,180.0,57743.219004602375,57700.18018876056,1.0909090909117367,b3620733
2026-08-14T14:58:44+05:30,WAIT,Neutral,Ignore,Bullish,Bullish,None,Low,Flat,Above,Below,Above,None,None,,,,,,2026-08-14T14:55:00+05:30,57741.2,57760.0,57760.0,57740.0,57741.2,960.0,3891.0,224.0,57741.146277329644,57700.21787529067,-3.23636363636615,b3620733
2026-08-14T14:59:44+05:30,WAIT,Neutral,Ignore,Bullish,Bullish,Bullish,Low,Flat,Above,Above,Above,None,Bullish,,volume,,,,2026-08-14T14:55:00+05:30,57769.8,57760.0,57769.8,57740.0,57769.8,1770.0,3891.0,284.0,57746.34627732965,57700.33701237326,5.200000000004366,b3620733
2026-08-14T15:00:00+05:30,WAIT,Neutral,Ignore,Bullish,Bullish,None,Low,Flat,Above,Below,Above,None,None,,,,,,2026-08-14T14:55:00+05:30,57743.2,57760.0,57769.8,57740.0,57743.2,2010.0,3921.0,300.0,57741.509913693284,57700.366456294,-0.21818181818525773,b3620733
2026-08-14T15:00:14+05:30,WAIT,Neutral,Ignore,Bullish,None,None,Unknown,Flat,Above,Below,Above,None,None,,,,,,2026-08-14T15:00:00+05:30,57743.2,57743.2,57743.2,57743.2,57743.2,165.0,3921.0,14.0,57741.81720211269,57700.38667553534,0.08910660121910041,b3620733
2026-08-14T15:00:30+05:30,WAIT,Neutral,Ignore,Bullish,Bearish,None,Unknown,Flat,Above,Below,Above,None,None,,,,,,2026-08-14T15:00:00+05:30,57732.0,57743.2,57743.2,57732.0,57732.0,330.0,3921.0,30.0,57739.78083847633,57700.40159131852,-1.7290752169574262,b3620733
2026-08-14T15:00:32+05:30,WAIT,Neutral,Ignore,Bullish,Bearish,None,Low,Flat,Above,Below,Above,None,None,,,,,,2026-08-14T15:00:00+05:30,57732.0,57743.2,57743.2,57732.0,57732.0,330.0,3921.0,32.0,57739.78083847633,57700.40159131852,-1.7290752169574262,b3620733
2026-08-14T15:00:44+05:30,WAIT,Neutral,Ignore,Bullish,Bullish,Bullish,Unknown,Flat,Above,Above,Above,None,Bullish,,volume,,,,2026-08-14T15:00:00+05:30,57760.0,57743.2,57760.0,57732.0,57760.0,495.0,3921.0,44.0,57744.87174756723,57700.4296977492,-1.47452976241766,b3620733
2026-08-14T15:00:48+05:30,WAIT,Neutral,Ignore,Bullish,Bullish,Bullish,Low,Flat,Above,Above,Above,None,Bullish,,volume,,,,2026-08-14T15:00:00+05:30,57760.0,57743.2,57760.0,57732.0,57760.0,495.0,3921.0,48.0,57744.87174756723,57700.4296977492,-1.47452976241766,b3620733
2026-08-14T15:01:00+05:30,WAIT,Neutral,Ignore,Bullish,Bearish,Bearish,Low,Flat,Above,Below,Above,None,None,,,,,,2026-08-14T15:00:00+05:30,57734.8,57743.2,57760.0,57732.0,57734.8,660.0,3921.0,60.0,57740.28992938541,57700.44589904011,-1.219984307870618,b3620733
2026-08-14T15:01:44+05:30,WAIT,Neutral,Ignore,Bullish,Bullish,Bullish,Low,Flat,Above,Rejected,Above,None,Bullish,,,,,,2026-08-14T15:00:00+05:30,57754.8,57743.2,57760.0,57732.0,57754.8,952.5,3921.0,104.0,57743.92629302178,57700.479814176535,-0.9454545454500476,b3620733
2026-08-14T15:02:00+05:30,WAIT,Neutral,Ignore,Bullish,Bearish,Bearish,Low,Flat,Above,Below,Above,None,None,,,,,,2026-08-14T15:00:00+05:30,57735.8,57743.2,57760.0,57732.0,57735.8,1050.0,3921.0,120.0,57740.47174756723,57700.489641297834,0.18181818181619747,b3620733
2026-08-14T15:02:44+05:30,WAIT,Neutral,Ignore,Neutral,Bearish,Bearish,Low,Flat,Above,Below,Above,None,None,,,,,,2026-08-14T15:00:00+05:30,57728.0,57743.2,57760.0,57728.0,57728.0,1792.5,3921.0,164.0,57739.05356574905,57700.56049377443,-4.872727272733755,b3620733
2026-08-14T15:03:00+05:30,WAIT,Neutral,Ignore,Neutral,Bearish,Bearish,Normal,Flat,Above,Below,Above,None,None,,,trend,,,2026-08-14T15:00:00+05:30,57728.0,57743.2,57760.0,57728.0,57728.0,2040.0,3921.0,180.0,57739.05356574905,57700.57981901998,-1.4181818181823473,b3620733
2026-08-14T15:04:14+05:30,WAIT,Neutral,Ignore,Neutral,Bearish,Bearish,Normal,Falling,Above,Below,Above,None,None,,,,,,2026-08-14T15:00:00+05:30,57732.0,57743.2,57760.0,57725.2,57732.0,2857.5,3921.0,254.0,57739.78083847633,57700.64862770148,0.7272727272793418,b3620733
2026-08-14T15:04:44+05:30,WAIT,Neutral,Ignore,Neutral,Bullish,Bullish,Normal,Falling,Above,Rejected,Above,None,Bullish,,,,,,2026-08-14T15:00:00+05:30,57745.0,57743.2,57760.0,57725.2,57745.0,3232.5,3921.0,284.0,57742.14447483996,57700.68877592258,1.8909090909073711,b3620733
2026-08-14T15:05:14+05:30,WAIT,Neutral,Ignore,Neutral,None,None,Unknown,Flat,Above,Rejected,Above,None,None,,,,,,2026-08-14T15:05:00+05:30,57745.0,57745.0,57745.0,57745.0,57745.0,112.5,4020.0,14.0,57742.66366123269,57700.726443523534,2.882822756364476,b3620733
2026-08-14T15:05:30+05:30,WAIT,Neutral,Ignore,Neutral,None,None,Low,Flat,Above,Rejected,Above,None,Bullish,,,,,,2026-08-14T15:05:00+05:30,57750.0,57745.0,57750.0,57745.0,57750.0,225.0,4020.0,30.0,57743.57275214179,57700.74214574038,3.8282773018290754,b3620733
2026-08-14T15:05:44+05:30,WAIT,Neutral,Ignore,Neutral,Bearish,Bearish,Low,Flat,Above,Below,Above,None,None,,,,,,2026-08-14T15:05:00+05:30,57735.0,57745.0,57750.0,57735.0,57735.0,337.5,4020.0,44.0,57740.845479414515,57700.75305936073,-1.2989954254444456,b3620733
2026-08-14T15:06:30+05:30,WAIT,Neutral,Ignore,Neutral,Bearish,Bearish,Normal,Flat,Above,Below,Above,None,None,,,trend,,,2026-08-14T15:05:00+05:30,57740.0,57745.0,57750.0,57735.0,57740.0,1035.0,4020.0,90.0,57741.7545703236,57700.8247021917,-1.8181818181838025,b3620733
2026-08-14T15:06:38+05:30,WAIT,Neutral,Ignore,Neutral,Bearish,Bearish,Low,Flat,Above,Below,Above,None,None,,,,,,2026-08-14T15:05:00+05:30,57740.0,57745.0,57750.0,57735.0,57740.0,1035.0,4020.0,98.0,57741.7545703236,57700.8247021917,-1.8181818181838025,b3620733
2026-08-14T15:06:44+05:30,WAIT,Neutral,Ignore,Neutral,Bearish,Bearish,Normal,Flat,Above,Below,Above,None,None,,,trend,,,2026-08-14T15:05:00+05:30,57712.6,57745.0,57750.0,57712.6,57712.6,1327.5,4020.0,104.0,57736.772752141784,57700.83442827795,-4.072727272730845,b3620733
2026-08-14T15:07:44+05:30,WAIT,Neutral,Ignore,Bullish,Bearish,Bearish,Normal,Flat,Above,Below,Above,None,None,,,trend,,,2026-08-14T15:05:00+05:30,57740.0,57745.0,57750.0,57712.6,57740.0,2025.0,4020.0,164.0,57741.7545703236,57700.87781018812,4.981818181819108,b3620733
2026-08-14T15:08:26+05:30,WAIT,Neutral,Ignore,Bullish,Bearish,Bearish,Low,Flat,Above,Below,Above,None,None,,,,,,2026-08-14T15:05:00+05:30,57725.0,57745.0,57750.0,57712.6,57725.0,2190.0,4020.0,206.0,57739.02729759633,57700.88902222598,1.127272727273521,b3620733
2026-08-14T15:09:14+05:30,WAIT,Neutral,Ignore,Bullish,Bearish,Bearish,Low,Falling,Above,Below,Above,None,None,,,,,,2026-08-14T15:05:00+05:30,57730.0,57745.0,57750.0,57712.6,57730.0,2445.0,4020.0,254.0,57739.93638850542,57700.90949626314,0.9090909090882633,b3620733
2026-08-14T15:09:44+05:30,WAIT,Neutral,Ignore,Bullish,Bearish,Bearish,Low,Falling,Above,Below,Above,Bullish,None,,,,,,2026-08-14T15:05:00+05:30,57710.2,57745.0,57750.0,57710.2,57710.2,2775.0,4020.0,284.0,57736.33638850542,57700.92730647543,-3.599999999998545,b3620733
2026-08-14T15:10:14+05:30,WAIT,Neutral,Ignore,Neutral,None,None,Unknown,Flat,Above,Below,Above,Bullish,None,,,,,,2026-08-14T15:10:00+05:30,57710.2,57710.2,57710.2,57710.2,57710.2,555.0,4075.5,14.0,57731.58431786807,57700.946044710145,-8.352070637345605,b3620733
2026-08-14T15:10:30+05:30,WAIT,Neutral,Ignore,Neutral,None,None,High,Flat,Above,Below,Above,Bullish,None,,,,,,2026-08-14T15:10:00+05:30,57708.0,57710.2,57710.2,57708.0,57708.0,1110.0,4075.5,30.0,57731.18431786807,57700.957015552754,-8.75207063734706,b3620733
2026-08-14T15:10:44+05:30,WAIT,Neutral,Ignore,Neutral,None,None,High,Flat,Above,Below,Above,Bullish,Bullish,,,,trend,,2026-08-14T15:10:00+05:30,57735.0,57710.2,57735.0,57708.0,57735.0,1665.0,4075.5,44.0,57736.09340877716,57701.00987954841,-0.24297972826025216,b3620733
2026-08-14T15:11:14+05:30,ENTRY,Long,A,Bullish,None,None,High,Flat,Above,Below,Above,Bullish,Bullish,vwap,,,,,2026-08-14T15:10:00+05:30,57735.0,57710.2,57735.0,57708.0,57735.0,2527.5,4075.5,74.0,57736.09340877716,57701.091708011474,4.509090909086808,b3620733
2026-08-14T15:11:30+05:30,ENTRY,Long,A,Bullish,Bullish,Bullish,High,Flat,Above,Below,Above,Bullish,Bullish,ema+vwap,,,,,2026-08-14T15:10:00+05:30,57740.0,57710.2,57740.0,57708.0,57740.0,2835.0,4075.5,90.0,57737.002499686256,57701.125074252246,5.8181818181838025,b3620733
2026-08-14T15:11:44+05:30,WAIT,Neutral,Ignore,Neutral,Bearish,None,High,Flat,Above,Below,Above,Bullish,None,,,,,,2026-08-14T15:10:00+05:30,57710.2,57710.2,57740.0,57708.0,57710.2,3142.5,4075.5,104.0,57731.58431786807,57701.13284988819,-4.509090909086808,b3620733
2026-08-14T15:12:00+05:30,WAIT,Neutral,Ignore,Neutral,Bearish,None,High,Flat,Above,Below,Above,Bullish,Bullish,,,,trend,,2026-08-14T15:10:00+05:30,57730.0,57710.2,57740.0,57708.0,57730.0,3450.0,4075.5,120.0,57735.18431786807,57701.157562849745,-0.9090909090882633,b3620733
2026-08-14T15:12:44+05:30,WAIT,Neutral,Ignore,Neutral,Bearish,Bearish,High,Flat,Above,Below,Above,Bullish,None,,,trend,,,2026-08-14T15:10:00+05:30,57705.0,57710.2,57740.0,57705.0,57705.0,4125.0,4075.5,164.0,57730.638863322616,57701.19603184528,-0.9454545454573235,b3620733
2026-08-14T15:13:44+05:30,WAIT,Neutral,Ignore,Neutral,Bearish,None,High,Flat,Above,Below,Above,Bullish,None,,,,,,2026-08-14T15:10:00+05:30,57720.0,57710.2,57740.0,57705.0,57720.0,4845.0,4075.5,224.0,57733.36613604989,57701.210491285,2.727272727272066,b3620733
2026-08-14T15:14:14+05:30,WAIT,Neutral,Ignore,Neutral,Bearish,None,High,Falling,Above,Below,Above,Bullish,None,,,,,,2026-08-14T15:10:00+05:30,57715.2,57710.2,57740.0,57705.0,57715.2,5227.5,4075.5,254.0,57732.49340877716,57701.22531529847,1.8545454545455868,b3620733
2026-08-14T15:14:30+05:30,WAIT,Neutral,Ignore,Neutral,Bearish,Bearish,High,Falling,Above,Below,Above,Bullish,None,,,,,,2026-08-14T15:10:00+05:30,57709.0,57710.2,57740.0,57705.0,57709.0,5445.0,4075.5,270.0,57731.36613604989,57701.2299970929,0.7272727272720658,b3620733
2026-08-14T15:14:44+05:30,WAIT,Neutral,Ignore,Neutral,Bearish,None,High,Falling,Above,Below,Above,Bullish,Bullish,,,,,,2026-08-14T15:10:00+05:30,57723.0,57710.2,57740.0,57705.0,57723.0,5662.5,4075.5,284.0,57733.911590595344,57701.24309876108,0.5454545454558684,b3620733
2026-08-14T15:15:14+05:30,WAIT,Neutral,Ignore,Neutral,None,None,Unknown,Flat,Above,Below,Above,None,None,,,,,,2026-08-14T15:15:00+05:30,57723.0,57723.0,57723.0,57723.0,57723.0,375.0,4176.0,14.0,57731.927665032556,57701.27870965069,-0.5657437446061522,b3620733
2026-08-14T15:15:44+05:30,WAIT,Neutral,Ignore,Neutral,None,None,High,Flat,Above,Below,Above,Bullish,None,,,,,,2026-08-14T15:15:00+05:30,57708.8,57723.0,57723.0,57708.8,57708.8,1125.0,4176.0,44.0,57729.34584685074,57701.30894016458,-4.565743744606152,b3620733
2026-08-14T15:16:42+05:30,WAIT,Neutral,Ignore,Neutral,None,None,Normal,Flat,Above,Below,Above,Bullish,None,,,,,,2026-08-14T15:15:00+05:30,57720.0,57723.0,57723.0,57708.8,57720.0,1770.0,4176.0,102.0,57731.3822104871,57701.34152150582,-0.5454545454558684,b3620733
2026-08-14T15:16:44+05:30,WAIT,Neutral,Ignore,Neutral,None,None,High,Flat,Above,Below,Above,Bullish,None,,,,,,2026-08-14T15:15:00+05:30,57710.0,57723.0,57723.0,57708.8,57710.0,1905.0,4176.0,104.0,57729.564028668916,57701.34473695069,0.21818181817798177,b3620733
2026-08-14T15:16:50+05:30,WAIT,Neutral,Ignore,Neutral,None,None,Normal,Flat,Above,Below,Above,Bullish,None,,,,,,2026-08-14T15:15:00+05:30,57710.0,57723.0,57723.0,57708.8,57710.0,1905.0,4176.0,110.0,57729.564028668916,57701.34473695069,0.21818181817798177,b3620733
2026-08-14T15:19:14+05:30,WAIT,Neutral,Ignore,Neutral,None,None,Normal,Falling,Above,Below,Above,Bullish,None,,,,,,2026-08-14T15:15:00+05:30,57708.0,57723.0,57723.0,57705.0,57708.0,3112.5,4176.0,254.0,57729.20039230528,57701.380572063084,0.4363636363632395,b3620733
2026-08-14T15:19:56+05:30,WAIT,Neutral,Ignore,Neutral,None,None,Low,Falling,Above,Below,Above,Bullish,None,,,,,,2026-08-14T15:15:00+05:30,57719.0,57723.0,57723.0,57705.0,57719.0,3277.5,4176.0,296.0,57731.20039230528,57701.38537397488,-0.14545454545441316,b3620733
2026-08-14T15:20:14+05:30,WAIT,Neutral,Ignore,Neutral,None,None,Unknown,Flat,Above,Below,Above,Bullish,None,,,,,,2026-08-14T15:20:00+05:30,57710.0,57710.0,57710.0,57710.0,57710.0,45.0,4174.5,14.0,57726.006932547294,57701.38838298747,-3.1934597579893307,b3620733
2026-08-14T15:20:30+05:30,WAIT,Neutral,Ignore,Neutral,None,None,Low,Flat,Above,Below,Above,Bullish,None,,,,,,2026-08-14T15:20:00+05:30,57710.0,57710.0,57710.0,57710.0,57710.0,90.0,4174.5,30.0,57726.006932547294,57701.389444490094,-2.6480052125334623,b3620733
2026-08-14T15:21:44+05:30,WAIT,Neutral,Ignore,Neutral,None,None,Low,Flat,Above,Below,Above,Bearish,Bearish,,,,,,2026-08-14T15:20:00+05:30,57700.0,57710.0,57710.0,57700.0,57700.0,562.5,4174.5,104.0,57724.18875072911,57701.39176839902,-0.5818181818176527,b3620733
2026-08-14T15:22:00+05:30,WAIT,Neutral,Ignore,Neutral,None,None,Low,Flat,Above,Below,Above,Bullish,None,,,,,,2026-08-14T15:20:00+05:30,57705.0,57710.0,57710.0,57700.0,57705.0,690.0,4174.5,120.0,57725.097841638206,57701.3930264993,0.14545454545441316,b3620733
2026-08-14T15:22:30+05:30,WAIT,Neutral,Ignore,Neutral,None,None,Low,Flat,Above,Below,Above,Bearish,Bearish,,,,,,2026-08-14T15:20:00+05:30,57700.0,57710.0,57710.0,57700.0,57700.0,885.0,4174.5,150.0,57724.18875072911,57701.39361649789,-0.9090909090955392,b3620733
2026-08-14T15:22:44+05:30,WAIT,Neutral,Ignore,Neutral,None,None,Low,Flat,Above,Below,Above,Bullish,Bullish,,,,,,2026-08-14T15:20:00+05:30,57714.8,57710.0,57714.8,57700.0,57714.8,982.5,4174.5,164.0,57726.87965982002,57701.3971882365,2.6909090909102815,b3620733
2026-08-14T15:23:00+05:30,WAIT,Neutral,Ignore,Neutral,None,Bearish,Low,Flat,Above,Below,Above,Bearish,Bearish,,,,,,2026-08-14T15:20:00+05:30,57700.0,57710.0,57714.8,57700.0,57700.0,1080.0,4174.5,180.0,57724.18875072911,57701.39681609572,-0.9090909090955392,b3620733
2026-08-14T15:23:44+05:30,WAIT,Neutral,Ignore,Neutral,None,None,Low,Flat,Above,Below,Above,Bullish,Bullish,,,,,,2026-08-14T15:20:00+05:30,57714.8,57710.0,57714.8,57700.0,57714.8,1327.5,4174.5,224.0,57726.87965982002,57701.39920558547,0.0,b3620733
2026-08-14T15:24:00+05:30,WAIT,Neutral,Ignore,Neutral,None,Bearish,Low,Flat,Above,Below,Above,Bearish,Bearish,,,,,,2026-08-14T15:20:00+05:30,57700.0,57710.0,57714.8,57700.0,57700.0,1410.0,4174.5,240.0,57724.18875072911,57701.398890526485,0.0,b3620733
2026-08-14T15:24:44+05:30,WAIT,Neutral,Ignore,Neutral,None,Bearish,Low,Flat,Above,Below,Above,Bullish,None,,,,,,2026-08-14T15:20:00+05:30,57705.0,57710.0,57714.8,57700.0,57705.0,1927.5,4174.5,284.0,57725.097841638206,57701.399268207926,-1.7818181818147423,b3620733
2026-08-14T15:25:14+05:30,WAIT,Neutral,Ignore,Neutral,None,None,Unknown,Flat,Above,Below,Above,Bullish,None,,,,,,2026-08-14T15:25:00+05:30,57702.0,57702.0,57702.0,57702.0,57702.0,172.5,4212.0,14.0,57720.451953075884,57701.39983254028,-3.736797653225949,b3620733
2026-08-14T15:25:30+05:30,WAIT,Neutral,Ignore,Neutral,None,None,Unknown,Flat,Above,Below,Above,Bearish,Bearish,,,,,,2026-08-14T15:25:00+05:30,57701.0,57702.0,57702.0,57701.0,57701.0,345.0,4212.0,30.0,57720.27013489407,57701.39964482548,-3.9186158350421465,b3620733
2026-08-14T15:25:32+05:30,WAIT,Neutral,Ignore,Neutral,None,None,Low,Flat,Above,Below,Above,Bearish,Bearish,,,,,,2026-08-14T15:25:00+05:30,57701.0,57702.0,57702.0,57701.0,57701.0,345.0,4212.0,32.0,57720.27013489407,57701.39964482548,-3.9186158350421465,b3620733
2026-08-14T15:25:44+05:30,WAIT,Neutral,Ignore,Neutral,None,None,Low,Flat,Above,Below,Above,Bullish,Bullish,,,,,,2026-08-14T15:25:00+05:30,57714.0,57702.0,57714.0,57701.0,57714.0,517.5,4212.0,44.0,57722.63377125771,57701.40555770918,-2.464070380498015,b3620733
2026-08-14T15:26:00+05:30,WAIT,Neutral,Ignore,Neutral,None,Bearish,Low,Flat,Above,Below,Above,Bearish,Bearish,,,,,,2026-08-14T15:25:00+05:30,57701.0,57702.0,57714.0,57701.0,57701.0,690.0,4212.0,60.0,57720.27013489407,57701.40536748512,-4.282252198681817,b3620733
2026-08-14T15:26:44+05:30,WAIT,Neutral,Ignore,Neutral,None,None,Low,Flat,Above,Below,Above,Bullish,Bullish,,,,,,2026-08-14T15:25:00+05:30,57709.0,57702.0,57714.0,57695.0,57709.0,1207.5,4212.0,104.0,57721.72468034861,57701.40573465024,-0.9090909090955392,b3620733
2026-08-14T15:27:14+05:30,WAIT,Neutral,Ignore,Neutral,None,Bearish,Normal,Flat,Above,Below,Above,Bearish,Bearish,,,,,trend,2026-08-14T15:25:00+05:30,57695.0,57702.0,57714.0,57695.0,57695.0,1635.0,4212.0,134.0,57719.17922580316,57701.4048574102,-1.0909090909117367,b3620733
2026-08-14T15:27:26+05:30,WAIT,Neutral,Ignore,Neutral,None,Bearish,Low,Flat,Above,Below,Above,Bearish,Bearish,,,,,,2026-08-14T15:25:00+05:30,57695.0,57702.0,57714.0,57695.0,57695.0,1635.0,4212.0,146.0,57719.17922580316,57701.4048574102,-1.0909090909117367,b3620733
2026-08-14T15:27:30+05:30,WAIT,Neutral,Ignore,Neutral,None,Bearish,Normal,Flat,Above,Below,Above,Bearish,Bearish,,,,,trend,2026-08-14T15:25:00+05:30,57690.0,57702.0,57714.0,57690.0,57690.0,1890.0,4212.0,150.0,57718.27013489407,57701.39697536385,-0.9090909090882633,b3620733
2026-08-14T15:27:44+05:30,WAIT,Neutral,Ignore,Neutral,None,None,Normal,Flat,Above,Below,Above,Bullish,Bullish,,,,trend,,2026-08-14T15:25:00+05:30,57706.0,57702.0,57714.0,57690.0,57706.0,2145.0,4212.0,164.0,57721.17922580316,57701.400154377414,-0.5454545454558684,b3620733
2026-08-14T15:28:00+05:30,WAIT,Neutral,Ignore,Neutral,None,Bearish,Normal,Flat,Above,Below,Above,Bearish,Bearish,,,,,trend,2026-08-14T15:25:00+05:30,57690.0,57702.0,57714.0,57690.0,57690.0,2400.0,4212.0,180.0,57718.27013489407,57701.39228645664,-3.4545454545441316,b3620733
2026-08-14T15:28:54+05:30,WAIT,Neutral,Ignore,Neutral,None,Bearish,Low,Flat,Above,Below,Above,Bearish,Bearish,,,,,,2026-08-14T15:25:00+05:30,57686.8,57702.0,57714.0,57686.8,57686.8,2625.0,4212.0,234.0,57717.68831671225,57701.38490688522,-3.490909090905916,b3620733
2026-08-14T15:29:14+05:30,WAIT,Neutral,Ignore,Neutral,None,Bearish,Normal,Falling,Above,Below,Above,Bearish,Bearish,,,,,,2026-08-14T15:25:00+05:30,57686.8,57702.0,57714.0,57686.8,57686.8,3457.5,4212.0,254.0,57717.68831671225,57701.352138447524,-0.5818181818176527,b3620733
2026-08-14T15:30:00+05:30,WAIT,Neutral,Ignore,Neutral,None,Bearish,High,Falling,Above,Below,Above,Bearish,Bearish,,,,,,2026-08-14T15:25:00+05:30,57688.8,57702.0,57714.0,57686.6,57688.8,5730.0,3816.0,300.0,57718.05195307589,57701.29350607548,0.3636363636396709,b3620733
