bar_start,direction,setup,blocking_gate,blocker_count,snapshots,first_seen,last_seen,engine_version,tick_mode
2026-08-14 09:15:00+05:30,long,long,open_interest,3,150,2026-08-14T09:15:14+05:30,2026-08-14T09:20:12+05:30,b3620733,ohlc4-distance-from-open-v1
2026-08-14 09:15:00+05:30,long,long,pullback,3,150,2026-08-14T09:15:14+05:30,2026-08-14T09:20:12+05:30,b3620733,ohlc4-distance-from-open-v1
2026-08-14 09:15:00+05:30,long,long,rejection,3,150,2026-08-14T09:15:14+05:30,2026-08-14T09:20:12+05:30,b3620733,ohlc4-distance-from-open-v1
2026-08-14 09:15:00+05:30,long,long,trend,4,142,2026-08-14T09:15:14+05:30,2026-08-14T09:20:12+05:30,b3620733,ohlc4-distance-from-open-v1
2026-08-14 09:15:00+05:30,long,long,volume,5,8,2026-08-14T09:15:14+05:30,2026-08-14T09:15:28+05:30,b3620733,ohlc4-distance-from-open-v1
2026-08-14 09:15:00+05:30,long,long_vwap,open_interest,2,150,2026-08-14T09:15:14+05:30,2026-08-14T09:20:12+05:30,b3620733,ohlc4-distance-from-open-v1
2026-08-14 09:15:00+05:30,long,long_vwap,pullback,4,128,2026-08-14T09:15:14+05:30,2026-08-14T09:20:12+05:30,b3620733,ohlc4-distance-from-open-v1
2026-08-14 09:15:00+05:30,long,long_vwap,rejection,2,143,2026-08-14T09:15:14+05:30,2026-08-14T09:20:12+05:30,b3620733,ohlc4-distance-from-open-v1
2026-08-14 09:15:00+05:30,long,long_vwap,trend,2,142,2026-08-14T09:15:14+05:30,2026-08-14T09:20:12+05:30,b3620733,ohlc4-distance-from-open-v1
2026-08-14 09:15:00+05:30,long,long_vwap,volume,5,8,2026-08-14T09:15:14+05:30,2026-08-14T09:15:28+05:30,b3620733,ohlc4-distance-from-open-v1
2026-08-14 09:15:00+05:30,short,short,open_interest,1,150,2026-08-14T09:15:14+05:30,2026-08-14T09:20:12+05:30,b3620733,ohlc4-distance-from-open-v1
2026-08-14 09:15:00+05:30,short,short,pullback,2,74,2026-08-14T09:15:14+05:30,2026-08-14T09:18:58+05:30,b3620733,ohlc4-distance-from-open-v1
2026-08-14 09:15:00+05:30,short,short,rejection,4,15,2026-08-14T09:15:14+05:30,2026-08-14T09:15:42+05:30,b3620733,ohlc4-distance-from-open-v1
2026-08-14 09:15:00+05:30,short,short,trend,2,75,2026-08-14T09:15:14+05:30,2026-08-14T09:19:42+05:30,b3620733,ohlc4-distance-from-open-v1
2026-08-14 09:15:00+05:30,short,short,volume,5,8,2026-08-14T09:15:14+05:30,2026-08-14T09:15:28+05:30,b3620733,ohlc4-distance-from-open-v1
2026-08-14 09:15:00+05:30,short,short_vwap,open_interest,1,150,2026-08-14T09:15:14+05:30,2026-08-14T09:20:12+05:30,b3620733,ohlc4-distance-from-open-v1
2026-08-14 09:15:00+05:30,short,short_vwap,pullback,4,30,2026-08-14T09:15:14+05:30,2026-08-14T09:18:58+05:30,b3620733,ohlc4-distance-from-open-v1
2026-08-14 09:15:00+05:30,short,short_vwap,rejection,4,30,2026-08-14T09:15:14+05:30,2026-08-14T09:18:58+05:30,b3620733,ohlc4-distance-from-open-v1
2026-08-14 09:15:00+05:30,short,short_vwap,trend,2,75,2026-08-14T09:15:14+05:30,2026-08-14T09:19:42+05:30,b3620733,ohlc4-distance-from-open-v1
2026-08-14 09:15:00+05:30,short,short_vwap,volume,5,8,2026-08-14T09:15:14+05:30,2026-08-14T09:15:28+05:30,b3620733,ohlc4-distance-from-open-v1
2026-08-14 09:20:00+05:30,long,long,pullback,3,150,2026-08-14T09:20:14+05:30,2026-08-14T09:25:12+05:30,b3620733,ohlc4-distance-from-open-v1
2026-08-14 09:20:00+05:30,long,long,rejection,3,150,2026-08-14T09:20:14+05:30,2026-08-14T09:25:12+05:30,b3620733,ohlc4-distance-from-open-v1
2026-08-14 09:20:00+05:30,long,long,trend,3,150,2026-08-14T09:20:14+05:30,2026-08-14T09:25:12+05:30,b3620733,ohlc4-distance-from-open-v1
2026-08-14 09:20:00+05:30,long,long,volume,4,8,2026-08-14T09:20:14+05:30,2026-08-14T09:20:28+05:30,b3620733,ohlc4-distance-from-open-v1
2026-08-14 09:20:00+05:30,long,long_vwap,pullback,3,150,2026-08-14T09:20:14+05:30,2026-08-14T09:25:12+05:30,b3620733,ohlc4-distance-from-open-v1
2026-08-14 09:20:00+05:30,long,long_vwap,rejection,3,150,2026-08-14T09:20:14+05:30,2026-08-14T09:25:12+05:30,b3620733,ohlc4-distance-from-open-v1
2026-08-14 09:20:00+05:30,long,long_vwap,trend,3,150,2026-08-14T09:20:14+05:30,2026-08-14T09:25:12+05:30,b3620733,ohlc4-distance-from-open-v1
2026-08-14 09:20:00+05:30,long,long_vwap,volume,4,8,2026-08-14T09:20:14+05:30,2026-08-14T09:20:28+05:30,b3620733,ohlc4-distance-from-open-v1
2026-08-14 09:20:00+05:30,short,short,level,3,45,2026-08-14T09:20:44+05:30,2026-08-14T09:22:42+05:30,b3620733,ohlc4-distance-from-open-v1
2026-08-14 09:20:00+05:30,short,short,pullback,1,150,2026-08-14T09:20:14+05:30,2026-08-14T09:25:12+05:30,b3620733,ohlc4-distance-from-open-v1
2026-08-14 09:20:00+05:30,short,short,rejection,2,135,2026-08-14T09:20:14+05:30,2026-08-14T09:24:42+05:30,b3620733,ohlc4-distance-from-open-v1
2026-08-14 09:20:00+05:30,short,short,trend,3,30,2026-08-14T09:23:44+05:30,2026-08-14T09:24:42+05:30,b3620733,ohlc4-distance-from-open-v1
2026-08-14 09:20:00+05:30,short,short,volume,3,8,2026-08-14T09:20:14+05:30,2026-08-14T09:20:28+05:30,b3620733,ohlc4-distance-from-open-v1
2026-08-14 09:20:00+05:30,short,short_vwap,level,1,45,2026-08-14T09:20:44+05:30,2026-08-14T09:22:42+05:30,b3620733,ohlc4-distance-from-open-v1
2026-08-14 09:20:00+05:30,short,short_vwap,pullback,1,68,2026-08-14T09:20:14+05:30,2026-08-14T09:22:28+05:30,b3620733,ohlc4-distance-from-open-v1
2026-08-14 09:20:00+05:30,short,short_vwap,rejection,1,52,2026-08-14T09:20:14+05:30,2026-08-14T09:25:12+05:30,b3620733,ohlc4-distance-from-open-v1
2026-08-14 09:20:00+05:30,short,short_vwap,trend,2,30,2026-08-14T09:23:44+05:30,2026-08-14T09:24:42+05:30,b3620733,ohlc4-distance-from-open-v1
2026-08-14 09:20:00+05:30,short,short_vwap,volume,3,8,2026-08-14T09:20:14+05:30,2026-08-14T09:20:28+05:30,b3620733,ohlc4-distance-from-open-v1
2026-08-14 09:25:00+05:30,long,long,pullback,3,150,2026-08-14T09:25:14+05:30,2026-08-14T09:30:12+05:30,b3620733,ohlc4-distance-from-open-v1
2026-08-14 09:25:00+05:30,long,long,rejection,3,150,2026-08-14T09:25:14+05:30,2026-08-14T09:30:12+05:30,b3620733,ohlc4-distance-from-open-v1
2026-08-14 09:25:00+05:30,long,long,trend,3,150,2026-08-14T09:25:14+05:30,2026-08-14T09:30:12+05:30,b3620733,ohlc4-distance-from-open-v1
2026-08-14 09:25:00+05:30,long,long,volume,4,15,2026-08-14T09:25:14+05:30,2026-08-14T09:25:42+05:30,b3620733,ohlc4-distance-from-open-v1
2026-08-14 09:25:00+05:30,long,long_vwap,pullback,3,150,2026-08-14T09:25:14+05:30,2026-08-14T09:30:12+05:30,b3620733,ohlc4-distance-from-open-v1
2026-08-14 09:25:00+05:30,long,long_vwap,rejection,3,150,2026-08-14T09:25:14+05:30,2026-08-14T09:30:12+05:30,b3620733,ohlc4-distance-from-open-v1
2026-08-14 09:25:00+05:30,long,long_vwap,trend,3,150,2026-08-14T09:25:14+05:30,2026-08-14T09:30:12+05:30,b3620733,ohlc4-distance-from-open-v1
2026-08-14 09:25:00+05:30,long,long_vwap,volume,4,15,2026-08-14T09:25:14+05:30,2026-08-14T09:25:42+05:30,b3620733,ohlc4-distance-from-open-v1
2026-08-14 09:25:00+05:30,short,short,level,2,30,2026-08-14T09:25:44+05:30,2026-08-14T09:30:12+05:30,b3620733,ohlc4-distance-from-open-v1
2026-08-14 09:25:00+05:30,short,short,pullback,2,150,2026-08-14T09:25:14+05:30,2026-08-14T09:30:12+05:30,b3620733,ohlc4-distance-from-open-v1
2026-08-14 09:25:00+05:30,short,short,rejection,2,69,2026-08-14T09:25:14+05:30,2026-08-14T09:28:58+05:30,b3620733,ohlc4-distance-from-open-v1
2026-08-14 09:25:00+05:30,short,short,trend,2,90,2026-08-14T09:26:44+05:30,2026-08-14T09:29:42+05:30,b3620733,ohlc4-distance-from-open-v1
2026-08-14 09:25:00+05:30,short,short,volume,3,15,2026-08-14T09:25:14+05:30,2026-08-14T09:25:42+05:30,b3620733,ohlc4-distance-from-open-v1
2026-08-14 09:25:00+05:30,short,short_vwap,level,1,30,2026-08-14T09:25:44+05:30,2026-08-14T09:30:12+05:30,b3620733,ohlc4-distance-from-open-v1
2026-08-14 09:25:00+05:30,short,short_vwap,pullback,1,45,2026-08-14T09:25:14+05:30,2026-08-14T09:26:42+05:30,b3620733,ohlc4-distance-from-open-v1
2026-08-14 09:25:00+05:30,short,short_vwap,rejection,2,54,2026-08-14T09:25:14+05:30,2026-08-14T09:28:58+05:30,b3620733,ohlc4-distance-from-open-v1
2026-08-14 09:25:00+05:30,short,short_vwap,trend,1,90,2026-08-14T09:26:44+05:30,2026-08-14T09:29:42+05:30,b3620733,ohlc4-distance-from-open-v1
2026-08-14 09:25:00+05:30,short,short_vwap,volume,3,15,2026-08-14T09:25:14+05:30,2026-08-14T09:25:42+05:30,b3620733,ohlc4-distance-from-open-v1
2026-08-14 09:30:00+05:30,long,long,pullback,2,150,2026-08-14T09:30:14+05:30,2026-08-14T09:35:12+05:30,b3620733,ohlc4-distance-from-open-v1
2026-08-14 09:30:00+05:30,long,long,rejection,2,150,2026-08-14T09:30:14+05:30,2026-08-14T09:35:12+05:30,b3620733,ohlc4-distance-from-open-v1
2026-08-14 09:30:00+05:30,long,long,trend,3,120,2026-08-14T09:30:14+05:30,2026-08-14T09:35:12+05:30,b3620733,ohlc4-distance-from-open-v1
2026-08-14 09:30:00+05:30,long,long,volume,4,8,2026-08-14T09:30:14+05:30,2026-08-14T09:30:28+05:30,b3620733,ohlc4-distance-from-open-v1
2026-08-14 09:30:00+05:30,long,long_vwap,pullback,3,120,2026-08-14T09:30:14+05:30,2026-08-14T09:35:12+05:30,b3620733,ohlc4-distance-from-open-v1
2026-08-14 09:30:00+05:30,long,long_vwap,rejection,3,120,2026-08-14T09:30:14+05:30,2026-08-14T09:35:12+05:30,b3620733,ohlc4-distance-from-open-v1
2026-08-14 09:30:00+05:30,long,long_vwap,trend,3,120,2026-08-14T09:30:14+05:30,2026-08-14T09:35:12+05:30,b3620733,ohlc4-distance-from-open-v1
2026-08-14 09:30:00+05:30,long,long_vwap,volume,4,8,2026-08-14T09:30:14+05:30,2026-08-14T09:30:28+05:30,b3620733,ohlc4-distance-from-open-v1
2026-08-14 09:30:00+05:30,short,short,level,3,15,2026-08-14T09:30:14+05:30,2026-08-14T09:30:42+05:30,b3620733,ohlc4-distance-from-open-v1
2026-08-14 09:30:00+05:30,short,short,pullback,1,150,2026-08-14T09:30:14+05:30,2026-08-14T09:35:12+05:30,b3620733,ohlc4-distance-from-open-v1
2026-08-14 09:30:00+05:30,short,short,rejection,2,127,2026-08-14T09:30:14+05:30,2026-08-14T09:35:12+05:30,b3620733,ohlc4-distance-from-open-v1
2026-08-14 09:30:00+05:30,short,short,trend,2,75,2026-08-14T09:32:00+05:30,2026-08-14T09:34:42+05:30,b3620733,ohlc4-distance-from-open-v1
2026-08-14 09:30:00+05:30,short,short,volume,4,8,2026-08-14T09:30:14+05:30,2026-08-14T09:30:28+05:30,b3620733,ohlc4-distance-from-open-v1
2026-08-14 09:30:00+05:30,short,short_vwap,level,3,15,2026-08-14T09:30:14+05:30,2026-08-14T09:30:42+05:30,b3620733,ohlc4-distance-from-open-v1
2026-08-14 09:30:00+05:30,short,short_vwap,pullback,1,135,2026-08-14T09:30:14+05:30,2026-08-14T09:34:42+05:30,b3620733,ohlc4-distance-from-open-v1
2026-08-14 09:30:00+05:30,short,short_vwap,rejection,1,96,2026-08-14T09:30:14+05:30,2026-08-14T09:35:12+05:30,b3620733,ohlc4-distance-from-open-v1
2026-08-14 09:30:00+05:30,short,short_vwap,trend,2,75,2026-08-14T09:32:00+05:30,2026-08-14T09:34:42+05:30,b3620733,ohlc4-distance-from-open-v1
2026-08-14 09:30:00+05:30,short,short_vwap,volume,4,8,2026-08-14T09:30:14+05:30,2026-08-14T09:30:28+05:30,b3620733,ohlc4-distance-from-open-v1
2026-08-14 09:35:00+05:30,long,long,pullback,2,150,2026-08-14T09:35:14+05:30,2026-08-14T09:40:12+05:30,b3620733,ohlc4-distance-from-open-v1
2026-08-14 09:35:00+05:30,long,long,rejection,2,150,2026-08-14T09:35:14+05:30,2026-08-14T09:40:12+05:30,b3620733,ohlc4-distance-from-open-v1
2026-08-14 09:35:00+05:30,long,long,trend,3,90,2026-08-14T09:35:14+05:30,2026-08-14T09:40:12+05:30,b3620733,ohlc4-distance-from-open-v1
2026-08-14 09:35:00+05:30,long,long,volume,3,90,2026-08-14T09:35:14+05:30,2026-08-14T09:38:12+05:30,b3620733,ohlc4-distance-from-open-v1
2026-08-14 09:35:00+05:30,long,long_vwap,pullback,3,53,2026-08-14T09:35:14+05:30,2026-08-14T09:37:58+05:30,b3620733,ohlc4-distance-from-open-v1
2026-08-14 09:35:00+05:30,long,long_vwap,rejection,2,105,2026-08-14T09:35:14+05:30,2026-08-14T09:40:12+05:30,b3620733,ohlc4-distance-from-open-v1
2026-08-14 09:35:00+05:30,long,long_vwap,trend,2,90,2026-08-14T09:35:14+05:30,2026-08-14T09:40:12+05:30,b3620733,ohlc4-distance-from-open-v1
2026-08-14 09:35:00+05:30,long,long_vwap,volume,1,90,2026-08-14T09:35:14+05:30,2026-08-14T09:38:12+05:30,b3620733,ohlc4-distance-from-open-v1
2026-08-14 09:35:00+05:30,short,short,pullback,2,150,2026-08-14T09:35:14+05:30,2026-08-14T09:40:12+05:30,b3620733,ohlc4-distance-from-open-v1
2026-08-14 09:35:00+05:30,short,short,rejection,3,75,2026-08-14T09:35:14+05:30,2026-08-14T09:39:42+05:30,b3620733,ohlc4-distance-from-open-v1
2026-08-14 09:35:00+05:30,short,short,trend,2,120,2026-08-14T09:35:14+05:30,2026-08-14T09:40:12+05:30,b3620733,ohlc4-distance-from-open-v1
2026-08-14 09:35:00+05:30,short,short,volume,2,90,2026-08-14T09:35:14+05:30,2026-08-14T09:38:12+05:30,b3620733,ohlc4-distance-from-open-v1
2026-08-14 09:35:00+05:30,short,short_vwap,pullback,3,112,2026-08-14T09:35:14+05:30,2026-08-14T09:40:12+05:30,b3620733,ohlc4-distance-from-open-v1
2026-08-14 09:35:00+05:30,short,short_vwap,rejection,3,112,2026-08-14T09:35:14+05:30,2026-08-14T09:40:12+05:30,b3620733,ohlc4-distance-from-open-v1
2026-08-14 09:35:00+05:30,short,short_vwap,trend,2,120,2026-08-14T09:35:14+05:30,2026-08-14T09:40:12+05:30,b3620733,ohlc4-distance-from-open-v1
2026-08-14 09:35:00+05:30,short,short_vwap,volume,1,90,2026-08-14T09:35:14+05:30,2026-08-14T09:38:12+05:30,b3620733,ohlc4-distance-from-open-v1
2026-08-14 09:40:00+05:30,long,long,level,4,74,2026-08-14T09:40:44+05:30,2026-08-14T09:43:42+05:30,b3620733,ohlc4-distance-from-open-v1
2026-08-14 09:40:00+05:30,long,long,pullback,4,150,2026-08-14T09:40:14+05:30,2026-08-14T09:45:12+05:30,b3620733,ohlc4-distance-from-open-v1
2026-08-14 09:40:00+05:30,long,long,rejection,4,150,2026-08-14T09:40:14+05:30,2026-08-14T09:45:12+05:30,b3620733,ohlc4-distance-from-open-v1
2026-08-14 09:40:00+05:30,long,long,trend,4,135,2026-08-14T09:40:14+05:30,2026-08-14T09:45:12+05:30,b3620733,ohlc4-distance-from-open-v1
2026-08-14 09:40:00+05:30,long,long,volume,4,150,2026-08-14T09:40:14+05:30,2026-08-14T09:45:12+05:30,b3620733,ohlc4-distance-from-open-v1
2026-08-14 09:40:00+05:30,long,long_vwap,level,2,74,2026-08-14T09:40:44+05:30,2026-08-14T09:43:42+05:30,b3620733,ohlc4-distance-from-open-v1
2026-08-14 09:40:00+05:30,long,long_vwap,rejection,3,76,2026-08-14T09:40:14+05:30,2026-08-14T09:45:12+05:30,b3620733,ohlc4-distance-from-open-v1
2026-08-14 09:40:00+05:30,long,long_vwap,trend,3,135,2026-08-14T09:40:14+05:30,2026-08-14T09:45:12+05:30,b3620733,ohlc4-distance-from-open-v1
2026-08-14 09:40:00+05:30,long,long_vwap,volume,2,150,2026-08-14T09:40:14+05:30,2026-08-14T09:45:12+05:30,b3620733,ohlc4-distance-from-open-v1
2026-08-14 09:40:00+05:30,short,short,pullback,4,89,2026-08-14T09:40:14+05:30,2026-08-14T09:43:42+05:30,b3620733,ohlc4-distance-from-open-v1
2026-08-14 09:40:00+05:30,short,short,rejection,3,150,2026-08-14T09:40:14+05:30,2026-08-14T09:45:12+05:30,b3620733,ohlc4-distance-from-open-v1
2026-08-14 09:40:00+05:30,short,short,trend,3,150,2026-08-14T09:40:14+05:30,2026-08-14T09:45:12+05:30,b3620733,ohlc4-distance-from-open-v1
2026-08-14 09:40:00+05:30,short,short,volume,3,150,2026-08-14T09:40:14+05:30,2026-08-14T09:45:12+05:30,b3620733,ohlc4-distance-from-open-v1
2026-08-14 09:40:00+05:30,short,short_vwap,pullback,4,150,2026-08-14T09:40:14+05:30,2026-08-14T09:45:12+05:30,b3620733,ohlc4-distance-from-open-v1
2026-08-14 09:40:00+05:30,short,short_vwap,rejection,4,150,2026-08-14T09:40:14+05:30,2026-08-14T09:45:12+05:30,b3620733,ohlc4-distance-from-open-v1
2026-08-14 09:40:00+05:30,short,short_vwap,trend,4,150,2026-08-14T09:40:14+05:30,2026-08-14T09:45:12+05:30,b3620733,ohlc4-distance-from-open-v1
2026-08-14 09:40:00+05:30,short,short_vwap,volume,4,150,2026-08-14T09:40:14+05:30,2026-08-14T09:45:12+05:30,b3620733,ohlc4-distance-from-open-v1
2026-08-14 09:45:00+05:30,long,long,level,3,30,2026-08-14T09:45:44+05:30,2026-08-14T09:46:42+05:30,b3620733,ohlc4-distance-from-open-v1
2026-08-14 09:45:00+05:30,long,long,pullback,3,37,2026-08-14T09:45:14+05:30,2026-08-14T09:46:42+05:30,b3620733,ohlc4-distance-from-open-v1
2026-08-14 09:45:00+05:30,long,long,rejection,3,37,2026-08-14T09:45:14+05:30,2026-08-14T09:46:42+05:30,b3620733,ohlc4-distance-from-open-v1
2026-08-14 09:45:00+05:30,long,long,trend,3,30,2026-08-14T09:45:14+05:30,2026-08-14T09:46:12+05:30,b3620733,ohlc4-distance-from-open-v1
2026-08-14 09:45:00+05:30,long,long,volume,3,38,2026-08-14T09:45:14+05:30,2026-08-14T09:46:28+05:30,b3620733,ohlc4-distance-from-open-v1
2026-08-14 09:45:00+05:30,long,long_vwap,level,1,30,2026-08-14T09:45:44+05:30,2026-08-14T09:46:42+05:30,b3620733,ohlc4-distance-from-open-v1
2026-08-14 09:45:00+05:30,long,long_vwap,rejection,3,15,2026-08-14T09:45:14+05:30,2026-08-14T09:45:42+05:30,b3620733,ohlc4-distance-from-open-v1
2026-08-14 09:45:00+05:30,long,long_vwap,trend,3,30,2026-08-14T09:45:14+05:30,2026-08-14T09:46:12+05:30,b3620733,ohlc4-distance-from-open-v1
2026-08-14 09:45:00+05:30,long,long_vwap,volume,2,38,2026-08-14T09:45:14+05:30,2026-08-14T09:46:28+05:30,b3620733,ohlc4-distance-from-open-v1
2026-08-14 09:45:00+05:30,short,short,pullback,3,128,2026-08-14T09:45:14+05:30,2026-08-14T09:50:12+05:30,b3620733,ohlc4-distance-from-open-v1
2026-08-14 09:45:00+05:30,short,short,rejection,2,150,2026-08-14T09:45:14+05:30,2026-08-14T09:50:12+05:30,b3620733,ohlc4-distance-from-open-v1
2026-08-14 09:45:00+05:30,short,short,trend,2,150,2026-08-14T09:45:14+05:30,2026-08-14T09:50:12+05:30,b3620733,ohlc4-distance-from-open-v1
2026-08-14 09:45:00+05:30,short,short,volume,3,38,2026-08-14T09:45:14+05:30,2026-08-14T09:46:28+05:30,b3620733,ohlc4-distance-from-open-v1
2026-08-14 09:45:00+05:30,short,short_vwap,pullback,3,150,2026-08-14T09:45:14+05:30,2026-08-14T09:50:12+05:30,b3620733,ohlc4-distance-from-open-v1
2026-08-14 09:45:00+05:30,short,short_vwap,rejection,3,150,2026-08-14T09:45:14+05:30,2026-08-14T09:50:12+05:30,b3620733,ohlc4-distance-from-open-v1
2026-08-14 09:45:00+05:30,short,short_vwap,trend,3,150,2026-08-14T09:45:14+05:30,2026-08-14T09:50:12+05:30,b3620733,ohlc4-distance-from-open-v1
2026-08-14 09:45:00+05:30,short,short_vwap,volume,4,38,2026-08-14T09:45:14+05:30,2026-08-14T09:46:28+05:30,b3620733,ohlc4-distance-from-open-v1
2026-08-14 09:50:00+05:30,long,long,level,4,67,2026-08-14T09:51:44+05:30,2026-08-14T09:54:42+05:30,b3620733,ohlc4-distance-from-open-v1
2026-08-14 09:50:00+05:30,long,long,pullback,1,150,2026-08-14T09:50:14+05:30,2026-08-14T09:55:12+05:30,b3620733,ohlc4-distance-from-open-v1
2026-08-14 09:50:00+05:30,long,long,rejection,2,135,2026-08-14T09:50:14+05:30,2026-08-14T09:55:12+05:30,b3620733,ohlc4-distance-from-open-v1
2026-08-14 09:50:00+05:30,long,long,trend,3,105,2026-08-14T09:51:44+05:30,2026-08-14T09:55:12+05:30,b3620733,ohlc4-distance-from-open-v1
2026-08-14 09:50:00+05:30,long,long,volume,2,61,2026-08-14T09:50:14+05:30,2026-08-14T09:55:12+05:30,b3620733,ohlc4-distance-from-open-v1
2026-08-14 09:50:00+05:30,long,long_vwap,level,4,67,2026-08-14T09:51:44+05:30,2026-08-14T09:54:42+05:30,b3620733,ohlc4-distance-from-open-v1
2026-08-14 09:50:00+05:30,long,long_vwap,pullback,1,150,2026-08-14T09:50:14+05:30,2026-08-14T09:55:12+05:30,b3620733,ohlc4-distance-from-open-v1
2026-08-14 09:50:00+05:30,long,long_vwap,rejection,2,135,2026-08-14T09:50:14+05:30,2026-08-14T09:55:12+05:30,b3620733,ohlc4-distance-from-open-v1
2026-08-14 09:50:00+05:30,long,long_vwap,trend,3,105,2026-08-14T09:51:44+05:30,2026-08-14T09:55:12+05:30,b3620733,ohlc4-distance-from-open-v1
2026-08-14 09:50:00+05:30,long,long_vwap,volume,2,61,2026-08-14T09:50:14+05:30,2026-08-14T09:55:12+05:30,b3620733,ohlc4-distance-from-open-v1
2026-08-14 09:50:00+05:30,short,short,pullback,3,135,2026-08-14T09:50:14+05:30,2026-08-14T09:54:42+05:30,b3620733,ohlc4-distance-from-open-v1
2026-08-14 09:50:00+05:30,short,short,rejection,3,135,2026-08-14T09:50:14+05:30,2026-08-14T09:54:42+05:30,b3620733,ohlc4-distance-from-open-v1
2026-08-14 09:50:00+05:30,short,short,trend,2,150,2026-08-14T09:50:14+05:30,2026-08-14T09:55:12+05:30,b3620733,ohlc4-distance-from-open-v1
2026-08-14 09:50:00+05:30,short,short,volume,2,61,2026-08-14T09:50:14+05:30,2026-08-14T09:55:12+05:30,b3620733,ohlc4-distance-from-open-v1
2026-08-14 09:50:00+05:30,short,short_vwap,pullback,3,150,2026-08-14T09:50:14+05:30,2026-08-14T09:55:12+05:30,b3620733,ohlc4-distance-from-open-v1
2026-08-14 09:50:00+05:30,short,short_vwap,rejection,3,150,2026-08-14T09:50:14+05:30,2026-08-14T09:55:12+05:30,b3620733,ohlc4-distance-from-open-v1
2026-08-14 09:50:00+05:30,short,short_vwap,trend,3,150,2026-08-14T09:50:14+05:30,2026-08-14T09:55:12+05:30,b3620733,ohlc4-distance-from-open-v1
2026-08-14 09:50:00+05:30,short,short_vwap,volume,4,61,2026-08-14T09:50:14+05:30,2026-08-14T09:55:12+05:30,b3620733,ohlc4-distance-from-open-v1
2026-08-14 09:55:00+05:30,long,long,level,2,8,2026-08-14T09:59:44+05:30,2026-08-14T09:59:58+05:30,b3620733,ohlc4-distance-from-open-v1
2026-08-14 09:55:00+05:30,long,long,pullback,2,135,2026-08-14T09:55:14+05:30,2026-08-14T09:59:42+05:30,b3620733,ohlc4-distance-from-open-v1
2026-08-14 09:55:00+05:30,long,long,rejection,2,135,2026-08-14T09:55:14+05:30,2026-08-14T09:59:42+05:30,b3620733,ohlc4-distance-from-open-v1
2026-08-14 09:55:00+05:30,long,long,trend,3,105,2026-08-14T09:55:14+05:30,2026-08-14T09:59:42+05:30,b3620733,ohlc4-distance-from-open-v1
2026-08-14 09:55:00+05:30,long,long,volume,1,72,2026-08-14T09:55:14+05:30,2026-08-14T10:00:12+05:30,b3620733,ohlc4-distance-from-open-v1
2026-08-14 09:55:00+05:30,long,long_vwap,level,2,8,2026-08-14T09:59:44+05:30,2026-08-14T09:59:58+05:30,b3620733,ohlc4-distance-from-open-v1
2026-08-14 09:55:00+05:30,long,long_vwap,pullback,3,39,2026-08-14T09:55:14+05:30,2026-08-14T09:58:58+05:30,b3620733,ohlc4-distance-from-open-v1
2026-08-14 09:55:00+05:30,long,long_vwap,rejection,2,61,2026-08-14T09:55:14+05:30,2026-08-14T09:58:58+05:30,b3620733,ohlc4-distance-from-open-v1
2026-08-14 09:55:00+05:30,long,long_vwap,trend,1,105,2026-08-14T09:55:14+05:30,2026-08-14T09:59:42+05:30,b3620733,ohlc4-distance-from-open-v1
2026-08-14 09:55:00+05:30,long,long_vwap,volume,1,72,2026-08-14T09:55:14+05:30,2026-08-14T10:00:12+05:30,b3620733,ohlc4-distance-from-open-v1
2026-08-14 09:55:00+05:30,short,short,pullback,2,134,2026-08-14T09:55:14+05:30,2026-08-14T10:00:12+05:30,b3620733,ohlc4-distance-from-open-v1
2026-08-14 09:55:00+05:30,short,short,rejection,2,134,2026-08-14T09:55:14+05:30,2026-08-14T10:00:12+05:30,b3620733,ohlc4-distance-from-open-v1
2026-08-14 09:55:00+05:30,short,short,trend,2,134,2026-08-14T09:55:14+05:30,2026-08-14T10:00:12+05:30,b3620733,ohlc4-distance-from-open-v1
2026-08-14 09:55:00+05:30,short,short,volume,2,72,2026-08-14T09:55:14+05:30,2026-08-14T10:00:12+05:30,b3620733,ohlc4-distance-from-open-v1
2026-08-14 09:55:00+05:30,short,short_vwap,pullback,3,126,2026-08-14T09:55:14+05:30,2026-08-14T10:00:12+05:30,b3620733,ohlc4-distance-from-open-v1
2026-08-14 09:55:00+05:30,short,short_vwap,rejection,3,126,2026-08-14T09:55:14+05:30,2026-08-14T10:00:12+05:30,b3620733,ohlc4-distance-from-open-v1
2026-08-14 09:55:00+05:30,short,short_vwap,trend,2,134,2026-08-14T09:55:14+05:30,2026-08-14T10:00:12+05:30,b3620733,ohlc4-distance-from-open-v1
2026-08-14 09:55:00+05:30,short,short_vwap,volume,2,72,2026-08-14T09:55:14+05:30,2026-08-14T10:00:12+05:30,b3620733,ohlc4-distance-from-open-v1
2026-08-14 10:00:00+05:30,long,long,level,2,22,2026-08-14T10:04:00+05:30,2026-08-14T10:04:42+05:30,b3620733,ohlc4-distance-from-open-v1
2026-08-14 10:00:00+05:30,long,long,pullback,3,75,2026-08-14T10:00:14+05:30,2026-08-14T10:05:12+05:30,b3620733,ohlc4-distance-from-open-v1
2026-08-14 10:00:00+05:30,long,long,rejection,3,120,2026-08-14T10:00:14+05:30,2026-08-14T10:05:12+05:30,b3620733,ohlc4-distance-from-open-v1
2026-08-14 10:00:00+05:30,long,long,trend,3,75,2026-08-14T10:01:44+05:30,2026-08-14T10:05:12+05:30,b3620733,ohlc4-distance-from-open-v1
2026-08-14 10:00:00+05:30,long,long,volume,1,150,2026-08-14T10:00:14+05:30,2026-08-14T10:05:12+05:30,b3620733,ohlc4-distance-from-open-v1
2026-08-14 10:00:00+05:30,long,long_vwap,level,3,22,2026-08-14T10:04:00+05:30,2026-08-14T10:04:42+05:30,b3620733,ohlc4-distance-from-open-v1
2026-08-14 10:00:00+05:30,long,long_vwap,pullback,2,150,2026-08-14T10:00:14+05:30,2026-08-14T10:05:12+05:30,b3620733,ohlc4-distance-from-open-v1
2026-08-14 10:00:00+05:30,long,long_vwap,rejection,3,112,2026-08-14T10:00:14+05:30,2026-08-14T10:05:12+05:30,b3620733,ohlc4-distance-from-open-v1
2026-08-14 10:00:00+05:30,long,long_vwap,trend,4,75,2026-08-14T10:01:44+05:30,2026-08-14T10:05:12+05:30,b3620733,ohlc4-distance-from-open-v1
2026-08-14 10:00:00+05:30,long,long_vwap,volume,2,150,2026-08-14T10:00:14+05:30,2026-08-14T10:05:12+05:30,b3620733,ohlc4-distance-from-open-v1
2026-08-14 10:00:00+05:30,short,short,pullback,4,120,2026-08-14T10:00:14+05:30,2026-08-14T10:04:42+05:30,b3620733,ohlc4-distance-from-open-v1
2026-08-14 10:00:00+05:30,short,short,rejection,4,120,2026-08-14T10:00:14+05:30,2026-08-14T10:04:42+05:30,b3620733,ohlc4-distance-from-open-v1
2026-08-14 10:00:00+05:30,short,short,trend,2,150,2026-08-14T10:00:14+05:30,2026-08-14T10:05:12+05:30,b3620733,ohlc4-distance-from-open-v1
2026-08-14 10:00:00+05:30,short,short,volume,2,150,2026-08-14T10:00:14+05:30,2026-08-14T10:05:12+05:30,b3620733,ohlc4-distance-from-open-v1
2026-08-14 10:00:00+05:30,short,short_vwap,pullback,4,150,2026-08-14T10:00:14+05:30,2026-08-14T10:05:12+05:30,b3620733,ohlc4-distance-from-open-v1
2026-08-14 10:00:00+05:30,short,short_vwap,rejection,4,150,2026-08-14T10:00:14+05:30,2026-08-14T10:05:12+05:30,b3620733,ohlc4-distance-from-open-v1
2026-08-14 10:00:00+05:30,short,short_vwap,trend,4,150,2026-08-14T10:00:14+05:30,2026-08-14T10:05:12+05:30,b3620733,ohlc4-distance-from-open-v1
2026-08-14 10:00:00+05:30,short,short_vwap,volume,4,150,2026-08-14T10:00:14+05:30,2026-08-14T10:05:12+05:30,b3620733,ohlc4-distance-from-open-v1
2026-08-14 10:05:00+05:30,long,long,level,2,29,2026-08-14T10:08:30+05:30,2026-08-14T10:09:42+05:30,b3620733,ohlc4-distance-from-open-v1
2026-08-14 10:05:00+05:30,long,long,pullback,4,59,2026-08-14T10:05:14+05:30,2026-08-14T10:07:42+05:30,b3620733,ohlc4-distance-from-open-v1
2026-08-14 10:05:00+05:30,long,long,rejection,4,59,2026-08-14T10:05:14+05:30,2026-08-14T10:07:42+05:30,b3620733,ohlc4-distance-from-open-v1
2026-08-14 10:05:00+05:30,long,long,trend,2,83,2026-08-14T10:05:14+05:30,2026-08-14T10:07:58+05:30,b3620733,ohlc4-distance-from-open-v1
2026-08-14 10:05:00+05:30,long,long,volume,1,150,2026-08-14T10:05:14+05:30,2026-08-14T10:10:12+05:30,b3620733,ohlc4-distance-from-open-v1
2026-08-14 10:05:00+05:30,long,long_vwap,level,2,29,2026-08-14T10:08:30+05:30,2026-08-14T10:09:42+05:30,b3620733,ohlc4-distance-from-open-v1
2026-08-14 10:05:00+05:30,long,long_vwap,pullback,3,38,2026-08-14T10:05:14+05:30,2026-08-14T10:06:28+05:30,b3620733,ohlc4-distance-from-open-v1
2026-08-14 10:05:00+05:30,long,long_vwap,rejection,3,59,2026-08-14T10:05:14+05:30,2026-08-14T10:07:42+05:30,b3620733,ohlc4-distance-from-open-v1
2026-08-14 10:05:00+05:30,long,long_vwap,trend,2,83,2026-08-14T10:05:14+05:30,2026-08-14T10:07:58+05:30,b3620733,ohlc4-distance-from-open-v1
2026-08-14 10:05:00+05:30,long,long_vwap,volume,1,150,2026-08-14T10:05:14+05:30,2026-08-14T10:10:12+05:30,b3620733,ohlc4-distance-from-open-v1
2026-08-14 10:05:00+05:30,short,short,pullback,4,106,2026-08-14T10:05:14+05:30,2026-08-14T10:10:12+05:30,b3620733,ohlc4-distance-from-open-v1
2026-08-14 10:05:00+05:30,short,short,rejection,3,121,2026-08-14T10:05:14+05:30,2026-08-14T10:10:12+05:30,b3620733,ohlc4-distance-from-open-v1
2026-08-14 10:05:00+05:30,short,short,trend,2,150,2026-08-14T10:05:14+05:30,2026-08-14T10:10:12+05:30,b3620733,ohlc4-distance-from-open-v1
2026-08-14 10:05:00+05:30,short,short,volume,2,150,2026-08-14T10:05:14+05:30,2026-08-14T10:10:12+05:30,b3620733,ohlc4-distance-from-open-v1
2026-08-14 10:05:00+05:30,short,short_vwap,pullback,4,150,2026-08-14T10:05:14+05:30,2026-08-14T10:10:12+05:30,b3620733,ohlc4-distance-from-open-v1
2026-08-14 10:05:00+05:30,short,short_vwap,rejection,4,150,2026-08-14T10:05:14+05:30,2026-08-14T10:10:12+05:30,b3620733,ohlc4-distance-from-open-v1
2026-08-14 10:05:00+05:30,short,short_vwap,trend,4,150,2026-08-14T10:05:14+05:30,2026-08-14T10:10:12+05:30,b3620733,ohlc4-distance-from-open-v1
2026-08-14 10:05:00+05:30,short,short_vwap,volume,4,150,2026-08-14T10:05:14+05:30,2026-08-14T10:10:12+05:30,b3620733,ohlc4-distance-from-open-v1
2026-08-14 10:10:00+05:30,long,long,pullback,2,150,2026-08-14T10:10:14+05:30,2026-08-14T10:15:12+05:30,b3620733,ohlc4-distance-from-open-v1
2026-08-14 10:10:00+05:30,long,long,rejection,2,150,2026-08-14T10:10:14+05:30,2026-08-14T10:15:12+05:30,b3620733,ohlc4-distance-from-open-v1
2026-08-14 10:10:00+05:30,long,long,trend,3,105,2026-08-14T10:11:44+05:30,2026-08-14T10:15:12+05:30,b3620733,ohlc4-distance-from-open-v1
2026-08-14 10:10:00+05:30,long,long,volume,3,8,2026-08-14T10:10:14+05:30,2026-08-14T10:10:28+05:30,b3620733,ohlc4-distance-from-open-v1
2026-08-14 10:10:00+05:30,long,long_vwap,pullback,1,150,2026-08-14T10:10:14+05:30,2026-08-14T10:15:12+05:30,b3620733,ohlc4-distance-from-open-v1
2026-08-14 10:10:00+05:30,long,long_vwap,rejection,2,90,2026-08-14T10:10:14+05:30,2026-08-14T10:15:12+05:30,b3620733,ohlc4-distance-from-open-v1
2026-08-14 10:10:00+05:30,long,long_vwap,trend,2,105,2026-08-14T10:11:44+05:30,2026-08-14T10:15:12+05:30,b3620733,ohlc4-distance-from-open-v1
2026-08-14 10:10:00+05:30,long,long_vwap,volume,3,8,2026-08-14T10:10:14+05:30,2026-08-14T10:10:28+05:30,b3620733,ohlc4-distance-from-open-v1
2026-08-14 10:10:00+05:30,short,short,pullback,3,150,2026-08-14T10:10:14+05:30,2026-08-14T10:15:12+05:30,b3620733,ohlc4-distance-from-open-v1
2026-08-14 10:10:00+05:30,short,short,rejection,3,150,2026-08-14T10:10:14+05:30,2026-08-14T10:15:12+05:30,b3620733,ohlc4-distance-from-open-v1
2026-08-14 10:10:00+05:30,short,short,trend,3,150,2026-08-14T10:10:14+05:30,2026-08-14T10:15:12+05:30,b3620733,ohlc4-distance-from-open-v1
2026-08-14 10:10:00+05:30,short,short,volume,4,8,2026-08-14T10:10:14+05:30,2026-08-14T10:10:28+05:30,b3620733,ohlc4-distance-from-open-v1
2026-08-14 10:10:00+05:30,short,short_vwap,pullback,3,150,2026-08-14T10:10:14+05:30,2026-08-14T10:15:12+05:30,b3620733,ohlc4-distance-from-open-v1
2026-08-14 10:10:00+05:30,short,short_vwap,rejection,3,150,2026-08-14T10:10:14+05:30,2026-08-14T10:15:12+05:30,b3620733,ohlc4-distance-from-open-v1
2026-08-14 10:10:00+05:30,short,short_vwap,trend,3,150,2026-08-14T10:10:14+05:30,2026-08-14T10:15:12+05:30,b3620733,ohlc4-distance-from-open-v1
2026-08-14 10:10:00+05:30,short,short_vwap,volume,4,8,2026-08-14T10:10:14+05:30,2026-08-14T10:10:28+05:30,b3620733,ohlc4-distance-from-open-v1
2026-08-14 10:15:00+05:30,long,long,level,4,44,2026-08-14T10:15:30+05:30,2026-08-14T10:17:42+05:30,b3620733,ohlc4-distance-from-open-v1
2026-08-14 10:15:00+05:30,long,long,pullback,2,143,2026-08-14T10:15:14+05:30,2026-08-14T10:20:12+05:30,b3620733,ohlc4-distance-from-open-v1
2026-08-14 10:15:00+05:30,long,long,rejection,3,142,2026-08-14T10:15:14+05:30,2026-08-14T10:20:12+05:30,b3620733,ohlc4-distance-from-open-v1
2026-08-14 10:15:00+05:30,long,long,trend,4,105,2026-08-14T10:16:44+05:30,2026-08-14T10:20:12+05:30,b3620733,ohlc4-distance-from-open-v1
2026-08-14 10:15:00+05:30,long,long,volume,2,150,2026-08-14T10:15:14+05:30,2026-08-14T10:20:12+05:30,b3620733,ohlc4-distance-from-open-v1
2026-08-14 10:15:00+05:30,long,long_vwap,level,4,44,2026-08-14T10:15:30+05:30,2026-08-14T10:17:42+05:30,b3620733,ohlc4-distance-from-open-v1
2026-08-14 10:15:00+05:30,long,long_vwap,pullback,2,135,2026-08-14T10:15:14+05:30,2026-08-14T10:19:42+05:30,b3620733,ohlc4-distance-from-open-v1
2026-08-14 10:15:00+05:30,long,long_vwap,rejection,3,142,2026-08-14T10:15:14+05:30,2026-08-14T10:20:12+05:30,b3620733,ohlc4-distance-from-open-v1
2026-08-14 10:15:00+05:30,long,long_vwap,trend,3,105,2026-08-14T10:16:44+05:30,2026-08-14T10:20:12+05:30,b3620733,ohlc4-distance-from-open-v1
2026-08-14 10:15:00+05:30,long,long_vwap,volume,2,150,2026-08-14T10:15:14+05:30,2026-08-14T10:20:12+05:30,b3620733,ohlc4-distance-from-open-v1
2026-08-14 10:15:00+05:30,short,short,pullback,4,135,2026-08-14T10:15:14+05:30,2026-08-14T10:19:42+05:30,b3620733,ohlc4-distance-from-open-v1
2026-08-14 10:15:00+05:30,short,short,rejection,4,135,2026-08-14T10:15:14+05:30,2026-08-14T10:19:42+05:30,b3620733,ohlc4-distance-from-open-v1
2026-08-14 10:15:00+05:30,short,short,trend,2,150,2026-08-14T10:15:14+05:30,2026-08-14T10:20:12+05:30,b3620733,ohlc4-distance-from-open-v1
2026-08-14 10:15:00+05:30,short,short,volume,2,150,2026-08-14T10:15:14+05:30,2026-08-14T10:20:12+05:30,b3620733,ohlc4-distance-from-open-v1
2026-08-14 10:15:00+05:30,short,short_vwap,pullback,4,150,2026-08-14T10:15:14+05:30,2026-08-14T10:20:12+05:30,b3620733,ohlc4-distance-from-open-v1
2026-08-14 10:15:00+05:30,short,short_vwap,rejection,4,150,2026-08-14T10:15:14+05:30,2026-08-14T10:20:12+05:30,b3620733,ohlc4-distance-from-open-v1
2026-08-14 10:15:00+05:30,short,short_vwap,trend,4,150,2026-08-14T10:15:14+05:30,2026-08-14T10:20:12+05:30,b3620733,ohlc4-distance-from-open-v1
2026-08-14 10:15:00+05:30,short,short_vwap,volume,4,150,2026-08-14T10:15:14+05:30,2026-08-14T10:20:12+05:30,b3620733,ohlc4-distance-from-open-v1
2026-08-14 10:20:00+05:30,long,long,pullback,3,150,2026-08-14T10:20:14+05:30,2026-08-14T10:25:12+05:30,b3620733,ohlc4-distance-from-open-v1
2026-08-14 10:20:00+05:30,long,long,rejection,3,150,2026-08-14T10:20:14+05:30,2026-08-14T10:25:12+05:30,b3620733,ohlc4-distance-from-open-v1
2026-08-14 10:20:00+05:30,long,long,trend,4,53,2026-08-14T10:20:14+05:30,2026-08-14T10:25:12+05:30,b3620733,ohlc4-distance-from-open-v1
2026-08-14 10:20:00+05:30,long,long,volume,3,150,2026-08-14T10:20:14+05:30,2026-08-14T10:25:12+05:30,b3620733,ohlc4-distance-from-open-v1
2026-08-14 10:20:00+05:30,long,long_vwap,pullback,4,22,2026-08-14T10:20:30+05:30,2026-08-14T10:25:12+05:30,b3620733,ohlc4-distance-from-open-v1
2026-08-14 10:20:00+05:30,long,long_vwap,rejection,2,112,2026-08-14T10:20:14+05:30,2026-08-14T10:25:12+05:30,b3620733,ohlc4-distance-from-open-v1
2026-08-14 10:20:00+05:30,long,long_vwap,trend,2,53,2026-08-14T10:20:14+05:30,2026-08-14T10:25:12+05:30,b3620733,ohlc4-distance-from-open-v1
2026-08-14 10:20:00+05:30,long,long_vwap,volume,1,150,2026-08-14T10:20:14+05:30,2026-08-14T10:25:12+05:30,b3620733,ohlc4-distance-from-open-v1
2026-08-14 10:20:00+05:30,short,short,pullback,3,45,2026-08-14T10:20:14+05:30,2026-08-14T10:21:42+05:30,b3620733,ohlc4-distance-from-open-v1
2026-08-14 10:20:00+05:30,short,short,rejection,3,135,2026-08-14T10:20:14+05:30,2026-08-14T10:24:42+05:30,b3620733,ohlc4-distance-from-open-v1
2026-08-14 10:20:00+05:30,short,short,trend,3,128,2026-08-14T10:20:14+05:30,2026-08-14T10:24:42+05:30,b3620733,ohlc4-distance-from-open-v1
2026-08-14 10:20:00+05:30,short,short,volume,1,150,2026-08-14T10:20:14+05:30,2026-08-14T10:25:12+05:30,b3620733,ohlc4-distance-from-open-v1
2026-08-14 10:20:00+05:30,short,short_vwap,pullback,4,128,2026-08-14T10:20:14+05:30,2026-08-14T10:24:42+05:30,b3620733,ohlc4-distance-from-open-v1
2026-08-14 10:20:00+05:30,short,short_vwap,rejection,4,128,2026-08-14T10:20:14+05:30,2026-08-14T10:24:42+05:30,b3620733,ohlc4-distance-from-open-v1
2026-08-14 10:20:00+05:30,short,short_vwap,trend,4,128,2026-08-14T10:20:14+05:30,2026-08-14T10:24:42+05:30,b3620733,ohlc4-distance-from-open-v1
2026-08-14 10:20:00+05:30,short,short_vwap,volume,1,150,2026-08-14T10:20:14+05:30,2026-08-14T10:25:12+05:30,b3620733,ohlc4-distance-from-open-v1
2026-08-14 10:25:00+05:30,long,long,pullback,4,150,2026-08-14T10:25:14+05:30,2026-08-14T10:30:12+05:30,b3620733,ohlc4-distance-from-open-v1
2026-08-14 10:25:00+05:30,long,long,rejection,4,150,2026-08-14T10:25:14+05:30,2026-08-14T10:30:12+05:30,b3620733,ohlc4-distance-from-open-v1
2026-08-14 10:25:00+05:30,long,long,trend,4,150,2026-08-14T10:25:14+05:30,2026-08-14T10:30:12+05:30,b3620733,ohlc4-distance-from-open-v1
2026-08-14 10:25:00+05:30,long,long,volume,4,150,2026-08-14T10:25:14+05:30,2026-08-14T10:30:12+05:30,b3620733,ohlc4-distance-from-open-v1
2026-08-14 10:25:00+05:30,long,long_vwap,pullback,4,119,2026-08-14T10:25:14+05:30,2026-08-14T10:30:12+05:30,b3620733,ohlc4-distance-from-open-v1
2026-08-14 10:25:00+05:30,long,long_vwap,rejection,4,119,2026-08-14T10:25:14+05:30,2026-08-14T10:30:12+05:30,b3620733,ohlc4-distance-from-open-v1
2026-08-14 10:25:00+05:30,long,long_vwap,trend,2,150,2026-08-14T10:25:14+05:30,2026-08-14T10:30:12+05:30,b3620733,ohlc4-distance-from-open-v1
2026-08-14 10:25:00+05:30,long,long_vwap,volume,2,150,2026-08-14T10:25:14+05:30,2026-08-14T10:30:12+05:30,b3620733,ohlc4-distance-from-open-v1
2026-08-14 10:25:00+05:30,short,short,pullback,3,77,2026-08-14T10:25:14+05:30,2026-08-14T10:30:12+05:30,b3620733,ohlc4-distance-from-open-v1
2026-08-14 10:25:00+05:30,short,short,rejection,3,77,2026-08-14T10:25:14+05:30,2026-08-14T10:30:12+05:30,b3620733,ohlc4-distance-from-open-v1
2026-08-14 10:25:00+05:30,short,short,trend,2,113,2026-08-14T10:25:44+05:30,2026-08-14T10:30:12+05:30,b3620733,ohlc4-distance-from-open-v1
2026-08-14 10:25:00+05:30,short,short,volume,1,150,2026-08-14T10:25:14+05:30,2026-08-14T10:30:12+05:30,b3620733,ohlc4-distance-from-open-v1
2026-08-14 10:25:00+05:30,short,short_vwap,pullback,3,46,2026-08-14T10:25:14+05:30,2026-08-14T10:27:58+05:30,b3620733,ohlc4-distance-from-open-v1
2026-08-14 10:25:00+05:30,short,short_vwap,rejection,3,77,2026-08-14T10:25:14+05:30,2026-08-14T10:30:12+05:30,b3620733,ohlc4-distance-from-open-v1
2026-08-14 10:25:00+05:30,short,short_vwap,trend,2,113,2026-08-14T10:25:44+05:30,2026-08-14T10:30:12+05:30,b3620733,ohlc4-distance-from-open-v1
2026-08-14 10:25:00+05:30,short,short_vwap,volume,1,150,2026-08-14T10:25:14+05:30,2026-08-14T10:30:12+05:30,b3620733,ohlc4-distance-from-open-v1
2026-08-14 10:30:00+05:30,long,long,pullback,3,150,2026-08-14T10:30:14+05:30,2026-08-14T10:35:12+05:30,b3620733,ohlc4-distance-from-open-v1
2026-08-14 10:30:00+05:30,long,long,rejection,3,150,2026-08-14T10:30:14+05:30,2026-08-14T10:35:12+05:30,b3620733,ohlc4-distance-from-open-v1
2026-08-14 10:30:00+05:30,long,long,trend,3,150,2026-08-14T10:30:14+05:30,2026-08-14T10:35:12+05:30,b3620733,ohlc4-distance-from-open-v1
2026-08-14 10:30:00+05:30,long,long,volume,4,8,2026-08-14T10:30:14+05:30,2026-08-14T10:30:28+05:30,b3620733,ohlc4-distance-from-open-v1
2026-08-14 10:30:00+05:30,long,long_vwap,pullback,3,150,2026-08-14T10:30:14+05:30,2026-08-14T10:35:12+05:30,b3620733,ohlc4-distance-from-open-v1
2026-08-14 10:30:00+05:30,long,long_vwap,rejection,3,150,2026-08-14T10:30:14+05:30,2026-08-14T10:35:12+05:30,b3620733,ohlc4-distance-from-open-v1
2026-08-14 10:30:00+05:30,long,long_vwap,trend,3,150,2026-08-14T10:30:14+05:30,2026-08-14T10:35:12+05:30,b3620733,ohlc4-distance-from-open-v1
2026-08-14 10:30:00+05:30,long,long_vwap,volume,4,8,2026-08-14T10:30:14+05:30,2026-08-14T10:30:28+05:30,b3620733,ohlc4-distance-from-open-v1
2026-08-14 10:30:00+05:30,short,short,pullback,2,150,2026-08-14T10:30:14+05:30,2026-08-14T10:35:12+05:30,b3620733,ohlc4-distance-from-open-v1
2026-08-14 10:30:00+05:30,short,short,rejection,2,150,2026-08-14T10:30:14+05:30,2026-08-14T10:35:12+05:30,b3620733,ohlc4-distance-from-open-v1
2026-08-14 10:30:00+05:30,short,short,trend,3,45,2026-08-14T10:30:14+05:30,2026-08-14T10:33:42+05:30,b3620733,ohlc4-distance-from-open-v1
2026-08-14 10:30:00+05:30,short,short,volume,4,8,2026-08-14T10:30:14+05:30,2026-08-14T10:30:28+05:30,b3620733,ohlc4-distance-from-open-v1
2026-08-14 10:30:00+05:30,short,short_vwap,rejection,1,37,2026-08-14T10:30:14+05:30,2026-08-14T10:32:58+05:30,b3620733,ohlc4-distance-from-open-v1
2026-08-14 10:30:00+05:30,short,short_vwap,trend,1,45,2026-08-14T10:30:14+05:30,2026-08-14T10:33:42+05:30,b3620733,ohlc4-distance-from-open-v1
2026-08-14 10:30:00+05:30,short,short_vwap,volume,3,8,2026-08-14T10:30:14+05:30,2026-08-14T10:30:28+05:30,b3620733,ohlc4-distance-from-open-v1
2026-08-14 10:35:00+05:30,long,long,pullback,4,150,2026-08-14T10:35:14+05:30,2026-08-14T10:40:12+05:30,b3620733,ohlc4-distance-from-open-v1
2026-08-14 10:35:00+05:30,long,long,rejection,4,150,2026-08-14T10:35:14+05:30,2026-08-14T10:40:12+05:30,b3620733,ohlc4-distance-from-open-v1
2026-08-14 10:35:00+05:30,long,long,trend,4,150,2026-08-14T10:35:14+05:30,2026-08-14T10:40:12+05:30,b3620733,ohlc4-distance-from-open-v1
2026-08-14 10:35:00+05:30,long,long,volume,4,150,2026-08-14T10:35:14+05:30,2026-08-14T10:40:12+05:30,b3620733,ohlc4-distance-from-open-v1
2026-08-14 10:35:00+05:30,long,long_vwap,pullback,4,150,2026-08-14T10:35:14+05:30,2026-08-14T10:40:12+05:30,b3620733,ohlc4-distance-from-open-v1
2026-08-14 10:35:00+05:30,long,long_vwap,rejection,4,150,2026-08-14T10:35:14+05:30,2026-08-14T10:40:12+05:30,b3620733,ohlc4-distance-from-open-v1
2026-08-14 10:35:00+05:30,long,long_vwap,trend,4,150,2026-08-14T10:35:14+05:30,2026-08-14T10:40:12+05:30,b3620733,ohlc4-distance-from-open-v1
2026-08-14 10:35:00+05:30,long,long_vwap,volume,4,150,2026-08-14T10:35:14+05:30,2026-08-14T10:40:12+05:30,b3620733,ohlc4-distance-from-open-v1
2026-08-14 10:35:00+05:30,short,short,level,4,60,2026-08-14T10:36:44+05:30,2026-08-14T10:39:58+05:30,b3620733,ohlc4-distance-from-open-v1
2026-08-14 10:35:00+05:30,short,short,pullback,3,150,2026-08-14T10:35:14+05:30,2026-08-14T10:40:12+05:30,b3620733,ohlc4-distance-from-open-v1
2026-08-14 10:35:00+05:30,short,short,rejection,3,150,2026-08-14T10:35:14+05:30,2026-08-14T10:40:12+05:30,b3620733,ohlc4-distance-from-open-v1
2026-08-14 10:35:00+05:30,short,short,trend,4,60,2026-08-14T10:36:14+05:30,2026-08-14T10:40:12+05:30,b3620733,ohlc4-distance-from-open-v1
2026-08-14 10:35:00+05:30,short,short,volume,3,150,2026-08-14T10:35:14+05:30,2026-08-14T10:40:12+05:30,b3620733,ohlc4-distance-from-open-v1
2026-08-14 10:35:00+05:30,short,short_vwap,level,4,60,2026-08-14T10:36:44+05:30,2026-08-14T10:39:58+05:30,b3620733,ohlc4-distance-from-open-v1
2026-08-14 10:35:00+05:30,short,short_vwap,pullback,3,150,2026-08-14T10:35:14+05:30,2026-08-14T10:40:12+05:30,b3620733,ohlc4-distance-from-open-v1
2026-08-14 10:35:00+05:30,short,short_vwap,rejection,3,150,2026-08-14T10:35:14+05:30,2026-08-14T10:40:12+05:30,b3620733,ohlc4-distance-from-open-v1
2026-08-14 10:35:00+05:30,short,short_vwap,trend,4,60,2026-08-14T10:36:14+05:30,2026-08-14T10:40:12+05:30,b3620733,ohlc4-distance-from-open-v1
2026-08-14 10:35:00+05:30,short,short_vwap,volume,3,150,2026-08-14T10:35:14+05:30,2026-08-14T10:40:12+05:30,b3620733,ohlc4-distance-from-open-v1
2026-08-14 10:40:00+05:30,long,long,pullback,4,150,2026-08-14T10:40:14+05:30,2026-08-14T10:45:12+05:30,b3620733,ohlc4-distance-from-open-v1
2026-08-14 10:40:00+05:30,long,long,rejection,4,150,2026-08-14T10:40:14+05:30,2026-08-14T10:45:12+05:30,b3620733,ohlc4-distance-from-open-v1
2026-08-14 10:40:00+05:30,long,long,trend,4,150,2026-08-14T10:40:14+05:30,2026-08-14T10:45:12+05:30,b3620733,ohlc4-distance-from-open-v1
2026-08-14 10:40:00+05:30,long,long,volume,4,150,2026-08-14T10:40:14+05:30,2026-08-14T10:45:12+05:30,b3620733,ohlc4-distance-from-open-v1
2026-08-14 10:40:00+05:30,long,long_vwap,pullback,4,150,2026-08-14T10:40:14+05:30,2026-08-14T10:45:12+05:30,b3620733,ohlc4-distance-from-open-v1
2026-08-14 10:40:00+05:30,long,long_vwap,rejection,4,150,2026-08-14T10:40:14+05:30,2026-08-14T10:45:12+05:30,b3620733,ohlc4-distance-from-open-v1
2026-08-14 10:40:00+05:30,long,long_vwap,trend,4,150,2026-08-14T10:40:14+05:30,2026-08-14T10:45:12+05:30,b3620733,ohlc4-distance-from-open-v1
2026-08-14 10:40:00+05:30,long,long_vwap,volume,4,150,2026-08-14T10:40:14+05:30,2026-08-14T10:45:12+05:30,b3620733,ohlc4-distance-from-open-v1
2026-08-14 10:40:00+05:30,short,short,level,3,90,2026-08-14T10:40:44+05:30,2026-08-14T10:45:12+05:30,b3620733,ohlc4-distance-from-open-v1
2026-08-14 10:40:00+05:30,short,short,pullback,3,150,2026-08-14T10:40:14+05:30,2026-08-14T10:45:12+05:30,b3620733,ohlc4-distance-from-open-v1
2026-08-14 10:40:00+05:30,short,short,rejection,3,120,2026-08-14T10:40:14+05:30,2026-08-14T10:44:58+05:30,b3620733,ohlc4-distance-from-open-v1
2026-08-14 10:40:00+05:30,short,short,volume,3,150,2026-08-14T10:40:14+05:30,2026-08-14T10:45:12+05:30,b3620733,ohlc4-distance-from-open-v1
2026-08-14 10:40:00+05:30,short,short_vwap,level,3,90,2026-08-14T10:40:44+05:30,2026-08-14T10:45:12+05:30,b3620733,ohlc4-distance-from-open-v1
2026-08-14 10:40:00+05:30,short,short_vwap,pullback,3,150,2026-08-14T10:40:14+05:30,2026-08-14T10:45:12+05:30,b3620733,ohlc4-distance-from-open-v1
2026-08-14 10:40:00+05:30,short,short_vwap,rejection,3,60,2026-08-14T10:40:14+05:30,2026-08-14T10:44:58+05:30,b3620733,ohlc4-distance-from-open-v1
2026-08-14 10:40:00+05:30,short,short_vwap,volume,3,150,2026-08-14T10:40:14+05:30,2026-08-14T10:45:12+05:30,b3620733,ohlc4-distance-from-open-v1
2026-08-14 10:45:00+05:30,long,long,pullback,4,150,2026-08-14T10:45:14+05:30,2026-08-14T10:50:12+05:30,b3620733,ohlc4-distance-from-open-v1
2026-08-14 10:45:00+05:30,long,long,rejection,4,150,2026-08-14T10:45:14+05:30,2026-08-14T10:50:12+05:30,b3620733,ohlc4-distance-from-open-v1
2026-08-14 10:45:00+05:30,long,long,trend,4,150,2026-08-14T10:45:14+05:30,2026-08-14T10:50:12+05:30,b3620733,ohlc4-distance-from-open-v1
2026-08-14 10:45:00+05:30,long,long,volume,4,150,2026-08-14T10:45:14+05:30,2026-08-14T10:50:12+05:30,b3620733,ohlc4-distance-from-open-v1
2026-08-14 10:45:00+05:30,long,long_vwap,pullback,4,150,2026-08-14T10:45:14+05:30,2026-08-14T10:50:12+05:30,b3620733,ohlc4-distance-from-open-v1
2026-08-14 10:45:00+05:30,long,long_vwap,rejection,4,150,2026-08-14T10:45:14+05:30,2026-08-14T10:50:12+05:30,b3620733,ohlc4-distance-from-open-v1
2026-08-14 10:45:00+05:30,long,long_vwap,trend,4,150,2026-08-14T10:45:14+05:30,2026-08-14T10:50:12+05:30,b3620733,ohlc4-distance-from-open-v1
2026-08-14 10:45:00+05:30,long,long_vwap,volume,4,150,2026-08-14T10:45:14+05:30,2026-08-14T10:50:12+05:30,b3620733,ohlc4-distance-from-open-v1
2026-08-14 10:45:00+05:30,short,short,level,3,96,2026-08-14T10:45:14+05:30,2026-08-14T10:50:12+05:30,b3620733,ohlc4-distance-from-open-v1
2026-08-14 10:45:00+05:30,short,short,pullback,3,150,2026-08-14T10:45:14+05:30,2026-08-14T10:50:12+05:30,b3620733,ohlc4-distance-from-open-v1
2026-08-14 10:45:00+05:30,short,short,rejection,3,69,2026-08-14T10:45:14+05:30,2026-08-14T10:49:58+05:30,b3620733,ohlc4-distance-from-open-v1
2026-08-14 10:45:00+05:30,short,short,volume,3,150,2026-08-14T10:45:14+05:30,2026-08-14T10:50:12+05:30,b3620733,ohlc4-distance-from-open-v1
2026-08-14 10:45:00+05:30,short,short_vwap,level,3,96,2026-08-14T10:45:14+05:30,2026-08-14T10:50:12+05:30,b3620733,ohlc4-distance-from-open-v1
2026-08-14 10:45:00+05:30,short,short_vwap,pullback,3,150,2026-08-14T10:45:14+05:30,2026-08-14T10:50:12+05:30,b3620733,ohlc4-distance-from-open-v1
2026-08-14 10:45:00+05:30,short,short_vwap,rejection,3,69,2026-08-14T10:45:14+05:30,2026-08-14T10:49:58+05:30,b3620733,ohlc4-distance-from-open-v1
2026-08-14 10:45:00+05:30,short,short_vwap,volume,3,150,2026-08-14T10:45:14+05:30,2026-08-14T10:50:12+05:30,b3620733,ohlc4-distance-from-open-v1
2026-08-14 10:50:00+05:30,long,long,pullback,4,105,2026-08-14T10:50:14+05:30,2026-08-14T10:54:42+05:30,b3620733,ohlc4-distance-from-open-v1
2026-08-14 10:50:00+05:30,long,long,rejection,3,150,2026-08-14T10:50:14+05:30,2026-08-14T10:55:12+05:30,b3620733,ohlc4-distance-from-open-v1
2026-08-14 10:50:00+05:30,long,long,trend,3,150,2026-08-14T10:50:14+05:30,2026-08-14T10:55:12+05:30,b3620733,ohlc4-distance-from-open-v1
2026-08-14 10:50:00+05:30,long,long,volume,3,150,2026-08-14T10:50:14+05:30,2026-08-14T10:55:12+05:30,b3620733,ohlc4-distance-from-open-v1
2026-08-14 10:50:00+05:30,long,long_vwap,pullback,4,150,2026-08-14T10:50:14+05:30,2026-08-14T10:55:12+05:30,b3620733,ohlc4-distance-from-open-v1
2026-08-14 10:50:00+05:30,long,long_vwap,rejection,4,150,2026-08-14T10:50:14+05:30,2026-08-14T10:55:12+05:30,b3620733,ohlc4-distance-from-open-v1
2026-08-14 10:50:00+05:30,long,long_vwap,trend,4,150,2026-08-14T10:50:14+05:30,2026-08-14T10:55:12+05:30,b3620733,ohlc4-distance-from-open-v1
2026-08-14 10:50:00+05:30,long,long_vwap,volume,4,150,2026-08-14T10:50:14+05:30,2026-08-14T10:55:12+05:30,b3620733,ohlc4-distance-from-open-v1
2026-08-14 10:50:00+05:30,short,short,level,4,22,2026-08-14T10:50:14+05:30,2026-08-14T10:51:42+05:30,b3620733,ohlc4-distance-from-open-v1
2026-08-14 10:50:00+05:30,short,short,pullback,3,90,2026-08-14T10:50:14+05:30,2026-08-14T10:55:12+05:30,b3620733,ohlc4-distance-from-open-v1
2026-08-14 10:50:00+05:30,short,short,rejection,3,150,2026-08-14T10:50:14+05:30,2026-08-14T10:55:12+05:30,b3620733,ohlc4-distance-from-open-v1
2026-08-14 10:50:00+05:30,short,short,trend,3,105,2026-08-14T10:51:44+05:30,2026-08-14T10:55:12+05:30,b3620733,ohlc4-distance-from-open-v1
2026-08-14 10:50:00+05:30,short,short,volume,3,150,2026-08-14T10:50:14+05:30,2026-08-14T10:55:12+05:30,b3620733,ohlc4-distance-from-open-v1
2026-08-14 10:50:00+05:30,short,short_vwap,level,4,22,2026-08-14T10:50:14+05:30,2026-08-14T10:51:42+05:30,b3620733,ohlc4-distance-from-open-v1
2026-08-14 10:50:00+05:30,short,short_vwap,pullback,3,45,2026-08-14T10:50:14+05:30,2026-08-14T10:51:42+05:30,b3620733,ohlc4-distance-from-open-v1
2026-08-14 10:50:00+05:30,short,short_vwap,rejection,3,150,2026-08-14T10:50:14+05:30,2026-08-14T10:55:12+05:30,b3620733,ohlc4-distance-from-open-v1
2026-08-14 10:50:00+05:30,short,short_vwap,trend,3,105,2026-08-14T10:51:44+05:30,2026-08-14T10:55:12+05:30,b3620733,ohlc4-distance-from-open-v1
2026-08-14 10:50:00+05:30,short,short_vwap,volume,3,150,2026-08-14T10:50:14+05:30,2026-08-14T10:55:12+05:30,b3620733,ohlc4-distance-from-open-v1
2026-08-14 10:55:00+05:30,long,long,pullback,4,150,2026-08-14T10:55:14+05:30,2026-08-14T11:00:12+05:30,b3620733,ohlc4-distance-from-open-v1
2026-08-14 10:55:00+05:30,long,long,rejection,4,150,2026-08-14T10:55:14+05:30,2026-08-14T11:00:12+05:30,b3620733,ohlc4-distance-from-open-v1
2026-08-14 10:55:00+05:30,long,long,trend,4,150,2026-08-14T10:55:14+05:30,2026-08-14T11:00:12+05:30,b3620733,ohlc4-distance-from-open-v1
2026-08-14 10:55:00+05:30,long,long,volume,4,150,2026-08-14T10:55:14+05:30,2026-08-14T11:00:12+05:30,b3620733,ohlc4-distance-from-open-v1
2026-08-14 10:55:00+05:30,long,long_vwap,pullback,4,150,2026-08-14T10:55:14+05:30,2026-08-14T11:00:12+05:30,b3620733,ohlc4-distance-from-open-v1
2026-08-14 10:55:00+05:30,long,long_vwap,rejection,4,150,2026-08-14T10:55:14+05:30,2026-08-14T11:00:12+05:30,b3620733,ohlc4-distance-from-open-v1
2026-08-14 10:55:00+05:30,long,long_vwap,trend,4,150,2026-08-14T10:55:14+05:30,2026-08-14T11:00:12+05:30,b3620733,ohlc4-distance-from-open-v1
2026-08-14 10:55:00+05:30,long,long_vwap,volume,4,150,2026-08-14T10:55:14+05:30,2026-08-14T11:00:12+05:30,b3620733,ohlc4-distance-from-open-v1
2026-08-14 10:55:00+05:30,short,short,level,3,30,2026-08-14T10:58:44+05:30,2026-08-14T10:59:42+05:30,b3620733,ohlc4-distance-from-open-v1
2026-08-14 10:55:00+05:30,short,short,pullback,4,15,2026-08-14T10:55:14+05:30,2026-08-14T10:55:42+05:30,b3620733,ohlc4-distance-from-open-v1
2026-08-14 10:55:00+05:30,short,short,rejection,2,150,2026-08-14T10:55:14+05:30,2026-08-14T11:00:12+05:30,b3620733,ohlc4-distance-from-open-v1
2026-08-14 10:55:00+05:30,short,short,trend,3,75,2026-08-14T10:55:14+05:30,2026-08-14T10:57:42+05:30,b3620733,ohlc4-distance-from-open-v1
2026-08-14 10:55:00+05:30,short,short,volume,2,150,2026-08-14T10:55:14+05:30,2026-08-14T11:00:12+05:30,b3620733,ohlc4-distance-from-open-v1
2026-08-14 10:55:00+05:30,short,short_vwap,level,3,30,2026-08-14T10:58:44+05:30,2026-08-14T10:59:42+05:30,b3620733,ohlc4-distance-from-open-v1
2026-08-14 10:55:00+05:30,short,short_vwap,pullback,2,150,2026-08-14T10:55:14+05:30,2026-08-14T11:00:12+05:30,b3620733,ohlc4-distance-from-open-v1
2026-08-14 10:55:00+05:30,short,short_vwap,rejection,4,15,2026-08-14T10:55:14+05:30,2026-08-14T10:55:42+05:30,b3620733,ohlc4-distance-from-open-v1
2026-08-14 10:55:00+05:30,short,short_vwap,trend,3,75,2026-08-14T10:55:14+05:30,2026-08-14T10:57:42+05:30,b3620733,ohlc4-distance-from-open-v1
2026-08-14 10:55:00+05:30,short,short_vwap,volume,2,150,2026-08-14T10:55:14+05:30,2026-08-14T11:00:12+05:30,b3620733,ohlc4-distance-from-open-v1
2026-08-14 11:00:00+05:30,long,long,pullback,3,150,2026-08-14T11:00:14+05:30,2026-08-14T11:05:12+05:30,b3620733,ohlc4-distance-from-open-v1
2026-08-14 11:00:00+05:30,long,long,rejection,3,150,2026-08-14T11:00:14+05:30,2026-08-14T11:05:12+05:30,b3620733,ohlc4-distance-from-open-v1
2026-08-14 11:00:00+05:30,long,long,trend,3,150,2026-08-14T11:00:14+05:30,2026-08-14T11:05:12+05:30,b3620733,ohlc4-distance-from-open-v1
2026-08-14 11:00:00+05:30,long,long,volume,4,8,2026-08-14T11:00:14+05:30,2026-08-14T11:00:28+05:30,b3620733,ohlc4-distance-from-open-v1
2026-08-14 11:00:00+05:30,long,long_vwap,pullback,3,150,2026-08-14T11:00:14+05:30,2026-08-14T11:05:12+05:30,b3620733,ohlc4-distance-from-open-v1
2026-08-14 11:00:00+05:30,long,long_vwap,rejection,3,150,2026-08-14T11:00:14+05:30,2026-08-14T11:05:12+05:30,b3620733,ohlc4-distance-from-open-v1
2026-08-14 11:00:00+05:30,long,long_vwap,trend,3,150,2026-08-14T11:00:14+05:30,2026-08-14T11:05:12+05:30,b3620733,ohlc4-distance-from-open-v1
2026-08-14 11:00:00+05:30,long,long_vwap,volume,4,8,2026-08-14T11:00:14+05:30,2026-08-14T11:00:28+05:30,b3620733,ohlc4-distance-from-open-v1
2026-08-14 11:00:00+05:30,short,short,pullback,2,150,2026-08-14T11:00:14+05:30,2026-08-14T11:05:12+05:30,b3620733,ohlc4-distance-from-open-v1
2026-08-14 11:00:00+05:30,short,short,rejection,2,150,2026-08-14T11:00:14+05:30,2026-08-14T11:05:12+05:30,b3620733,ohlc4-distance-from-open-v1
2026-08-14 11:00:00+05:30,short,short,volume,3,8,2026-08-14T11:00:14+05:30,2026-08-14T11:00:28+05:30,b3620733,ohlc4-distance-from-open-v1
2026-08-14 11:00:00+05:30,short,short_vwap,pullback,1,150,2026-08-14T11:00:14+05:30,2026-08-14T11:05:12+05:30,b3620733,ohlc4-distance-from-open-v1
2026-08-14 11:00:00+05:30,short,short_vwap,rejection,2,90,2026-08-14T11:00:14+05:30,2026-08-14T11:05:12+05:30,b3620733,ohlc4-distance-from-open-v1
2026-08-14 11:00:00+05:30,short,short_vwap,volume,3,8,2026-08-14T11:00:14+05:30,2026-08-14T11:00:28+05:30,b3620733,ohlc4-distance-from-open-v1
2026-08-14 11:05:00+05:30,long,long,pullback,4,150,2026-08-14T11:05:14+05:30,2026-08-14T11:10:12+05:30,b3620733,ohlc4-distance-from-open-v1
2026-08-14 11:05:00+05:30,long,long,rejection,4,150,2026-08-14T11:05:14+05:30,2026-08-14T11:10:12+05:30,b3620733,ohlc4-distance-from-open-v1
2026-08-14 11:05:00+05:30,long,long,trend,4,150,2026-08-14T11:05:14+05:30,2026-08-14T11:10:12+05:30,b3620733,ohlc4-distance-from-open-v1
2026-08-14 11:05:00+05:30,long,long,volume,4,150,2026-08-14T11:05:14+05:30,2026-08-14T11:10:12+05:30,b3620733,ohlc4-distance-from-open-v1
2026-08-14 11:05:00+05:30,long,long_vwap,pullback,4,150,2026-08-14T11:05:14+05:30,2026-08-14T11:10:12+05:30,b3620733,ohlc4-distance-from-open-v1
2026-08-14 11:05:00+05:30,long,long_vwap,rejection,4,150,2026-08-14T11:05:14+05:30,2026-08-14T11:10:12+05:30,b3620733,ohlc4-distance-from-open-v1
2026-08-14 11:05:00+05:30,long,long_vwap,trend,4,150,2026-08-14T11:05:14+05:30,2026-08-14T11:10:12+05:30,b3620733,ohlc4-distance-from-open-v1
2026-08-14 11:05:00+05:30,long,long_vwap,volume,4,150,2026-08-14T11:05:14+05:30,2026-08-14T11:10:12+05:30,b3620733,ohlc4-distance-from-open-v1
2026-08-14 11:05:00+05:30,short,short,level,4,37,2026-08-14T11:06:00+05:30,2026-08-14T11:07:58+05:30,b3620733,ohlc4-distance-from-open-v1
2026-08-14 11:05:00+05:30,short,short,pullback,2,150,2026-08-14T11:05:14+05:30,2026-08-14T11:10:12+05:30,b3620733,ohlc4-distance-from-open-v1
2026-08-14 11:05:00+05:30,short,short,rejection,3,92,2026-08-14T11:05:14+05:30,2026-08-14T11:09:58+05:30,b3620733,ohlc4-distance-from-open-v1
2026-08-14 11:05:00+05:30,short,short,volume,2,150,2026-08-14T11:05:14+05:30,2026-08-14T11:10:12+05:30,b3620733,ohlc4-distance-from-open-v1
2026-08-14 11:05:00+05:30,short,short_vwap,level,4,37,2026-08-14T11:06:00+05:30,2026-08-14T11:07:58+05:30,b3620733,ohlc4-distance-from-open-v1
2026-08-14 11:05:00+05:30,short,short_vwap,pullback,2,150,2026-08-14T11:05:14+05:30,2026-08-14T11:10:12+05:30,b3620733,ohlc4-distance-from-open-v1
2026-08-14 11:05:00+05:30,short,short_vwap,rejection,3,85,2026-08-14T11:05:14+05:30,2026-08-14T11:09:58+05:30,b3620733,ohlc4-distance-from-open-v1
2026-08-14 11:05:00+05:30,short,short_vwap,volume,2,150,2026-08-14T11:05:14+05:30,2026-08-14T11:10:12+05:30,b3620733,ohlc4-distance-from-open-v1
2026-08-14 11:10:00+05:30,long,long,pullback,3,150,2026-08-14T11:10:14+05:30,2026-08-14T11:15:12+05:30,b3620733,ohlc4-distance-from-open-v1
2026-08-14 11:10:00+05:30,long,long,rejection,3,150,2026-08-14T11:10:14+05:30,2026-08-14T11:15:12+05:30,b3620733,ohlc4-distance-from-open-v1
2026-08-14 11:10:00+05:30,long,long,trend,3,150,2026-08-14T11:10:14+05:30,2026-08-14T11:15:12+05:30,b3620733,ohlc4-distance-from-open-v1
2026-08-14 11:10:00+05:30,long,long,volume,4,45,2026-08-14T11:10:14+05:30,2026-08-14T11:11:42+05:30,b3620733,ohlc4-distance-from-open-v1
2026-08-14 11:10:00+05:30,long,long_vwap,pullback,3,150,2026-08-14T11:10:14+05:30,2026-08-14T11:15:12+05:30,b3620733,ohlc4-distance-from-open-v1
2026-08-14 11:10:00+05:30,long,long_vwap,rejection,3,150,2026-08-14T11:10:14+05:30,2026-08-14T11:15:12+05:30,b3620733,ohlc4-distance-from-open-v1
2026-08-14 11:10:00+05:30,long,long_vwap,trend,3,150,2026-08-14T11:10:14+05:30,2026-08-14T11:15:12+05:30,b3620733,ohlc4-distance-from-open-v1
2026-08-14 11:10:00+05:30,long,long_vwap,volume,4,45,2026-08-14T11:10:14+05:30,2026-08-14T11:11:42+05:30,b3620733,ohlc4-distance-from-open-v1
2026-08-14 11:10:00+05:30,short,short,pullback,1,150,2026-08-14T11:10:14+05:30,2026-08-14T11:15:12+05:30,b3620733,ohlc4-distance-from-open-v1
2026-08-14 11:10:00+05:30,short,short,rejection,2,61,2026-08-14T11:10:14+05:30,2026-08-14T11:14:58+05:30,b3620733,ohlc4-distance-from-open-v1
2026-08-14 11:10:00+05:30,short,short,volume,3,45,2026-08-14T11:10:14+05:30,2026-08-14T11:11:42+05:30,b3620733,ohlc4-distance-from-open-v1
2026-08-14 11:10:00+05:30,short,short_vwap,pullback,1,150,2026-08-14T11:10:14+05:30,2026-08-14T11:15:12+05:30,b3620733,ohlc4-distance-from-open-v1
2026-08-14 11:10:00+05:30,short,short_vwap,rejection,2,61,2026-08-14T11:10:14+05:30,2026-08-14T11:14:58+05:30,b3620733,ohlc4-distance-from-open-v1
2026-08-14 11:10:00+05:30,short,short_vwap,volume,3,45,2026-08-14T11:10:14+05:30,2026-08-14T11:11:42+05:30,b3620733,ohlc4-distance-from-open-v1
2026-08-14 11:15:00+05:30,long,long,pullback,4,150,2026-08-14T11:15:14+05:30,2026-08-14T11:20:12+05:30,b3620733,ohlc4-distance-from-open-v1
2026-08-14 11:15:00+05:30,long,long,rejection,4,150,2026-08-14T11:15:14+05:30,2026-08-14T11:20:12+05:30,b3620733,ohlc4-distance-from-open-v1
2026-08-14 11:15:00+05:30,long,long,trend,4,150,2026-08-14T11:15:14+05:30,2026-08-14T11:20:12+05:30,b3620733,ohlc4-distance-from-open-v1
2026-08-14 11:15:00+05:30,long,long,volume,4,150,2026-08-14T11:15:14+05:30,2026-08-14T11:20:12+05:30,b3620733,ohlc4-distance-from-open-v1
2026-08-14 11:15:00+05:30,long,long_vwap,pullback,4,150,2026-08-14T11:15:14+05:30,2026-08-14T11:20:12+05:30,b3620733,ohlc4-distance-from-open-v1
2026-08-14 11:15:00+05:30,long,long_vwap,rejection,4,150,2026-08-14T11:15:14+05:30,2026-08-14T11:20:12+05:30,b3620733,ohlc4-distance-from-open-v1
2026-08-14 11:15:00+05:30,long,long_vwap,trend,4,150,2026-08-14T11:15:14+05:30,2026-08-14T11:20:12+05:30,b3620733,ohlc4-distance-from-open-v1
2026-08-14 11:15:00+05:30,long,long_vwap,volume,4,150,2026-08-14T11:15:14+05:30,2026-08-14T11:20:12+05:30,b3620733,ohlc4-distance-from-open-v1
2026-08-14 11:15:00+05:30,short,short,pullback,2,150,2026-08-14T11:15:14+05:30,2026-08-14T11:20:12+05:30,b3620733,ohlc4-distance-from-open-v1
2026-08-14 11:15:00+05:30,short,short,rejection,3,77,2026-08-14T11:15:14+05:30,2026-08-14T11:19:58+05:30,b3620733,ohlc4-distance-from-open-v1
2026-08-14 11:15:00+05:30,short,short,volume,2,150,2026-08-14T11:15:14+05:30,2026-08-14T11:20:12+05:30,b3620733,ohlc4-distance-from-open-v1
2026-08-14 11:15:00+05:30,short,short_vwap,pullback,2,150,2026-08-14T11:15:14+05:30,2026-08-14T11:20:12+05:30,b3620733,ohlc4-distance-from-open-v1
2026-08-14 11:15:00+05:30,short,short_vwap,rejection,3,62,2026-08-14T11:15:14+05:30,2026-08-14T11:19:58+05:30,b3620733,ohlc4-distance-from-open-v1
2026-08-14 11:15:00+05:30,short,short_vwap,volume,2,150,2026-08-14T11:15:14+05:30,2026-08-14T11:20:12+05:30,b3620733,ohlc4-distance-from-open-v1
2026-08-14 11:20:00+05:30,long,long,pullback,3,121,2026-08-14T11:20:14+05:30,2026-08-14T11:25:12+05:30,b3620733,ohlc4-distance-from-open-v1
2026-08-14 11:20:00+05:30,long,long,rejection,3,150,2026-08-14T11:20:14+05:30,2026-08-14T11:25:12+05:30,b3620733,ohlc4-distance-from-open-v1
2026-08-14 11:20:00+05:30,long,long,trend,3,150,2026-08-14T11:20:14+05:30,2026-08-14T11:25:12+05:30,b3620733,ohlc4-distance-from-open-v1
2026-08-14 11:20:00+05:30,long,long,volume,3,120,2026-08-14T11:20:14+05:30,2026-08-14T11:24:12+05:30,b3620733,ohlc4-distance-from-open-v1
2026-08-14 11:20:00+05:30,long,long_vwap,pullback,3,150,2026-08-14T11:20:14+05:30,2026-08-14T11:25:12+05:30,b3620733,ohlc4-distance-from-open-v1
2026-08-14 11:20:00+05:30,long,long_vwap,rejection,3,150,2026-08-14T11:20:14+05:30,2026-08-14T11:25:12+05:30,b3620733,ohlc4-distance-from-open-v1
2026-08-14 11:20:00+05:30,long,long_vwap,trend,3,150,2026-08-14T11:20:14+05:30,2026-08-14T11:25:12+05:30,b3620733,ohlc4-distance-from-open-v1
2026-08-14 11:20:00+05:30,long,long_vwap,volume,4,120,2026-08-14T11:20:14+05:30,2026-08-14T11:24:12+05:30,b3620733,ohlc4-distance-from-open-v1
2026-08-14 11:20:00+05:30,short,short,level,4,45,2026-08-14T11:20:44+05:30,2026-08-14T11:22:42+05:30,b3620733,ohlc4-distance-from-open-v1
2026-08-14 11:20:00+05:30,short,short,pullback,3,67,2026-08-14T11:20:14+05:30,2026-08-14T11:22:42+05:30,b3620733,ohlc4-distance-from-open-v1
2026-08-14 11:20:00+05:30,short,short,rejection,3,105,2026-08-14T11:20:14+05:30,2026-08-14T11:23:42+05:30,b3620733,ohlc4-distance-from-open-v1
2026-08-14 11:20:00+05:30,short,short,trend,1,112,2026-08-14T11:21:30+05:30,2026-08-14T11:25:12+05:30,b3620733,ohlc4-distance-from-open-v1
2026-08-14 11:20:00+05:30,short,short,volume,2,120,2026-08-14T11:20:14+05:30,2026-08-14T11:24:12+05:30,b3620733,ohlc4-distance-from-open-v1
2026-08-14 11:20:00+05:30,short,short_vwap,level,4,45,2026-08-14T11:20:44+05:30,2026-08-14T11:22:42+05:30,b3620733,ohlc4-distance-from-open-v1
2026-08-14 11:20:00+05:30,short,short_vwap,pullback,2,150,2026-08-14T11:20:14+05:30,2026-08-14T11:25:12+05:30,b3620733,ohlc4-distance-from-open-v1
2026-08-14 11:20:00+05:30,short,short_vwap,rejection,3,105,2026-08-14T11:20:14+05:30,2026-08-14T11:23:42+05:30,b3620733,ohlc4-distance-from-open-v1
2026-08-14 11:20:00+05:30,short,short_vwap,trend,2,112,2026-08-14T11:21:30+05:30,2026-08-14T11:25:12+05:30,b3620733,ohlc4-distance-from-open-v1
2026-08-14 11:20:00+05:30,short,short_vwap,volume,3,120,2026-08-14T11:20:14+05:30,2026-08-14T11:24:12+05:30,b3620733,ohlc4-distance-from-open-v1
2026-08-14 11:25:00+05:30,long,long,pullback,3,150,2026-08-14T11:25:14+05:30,2026-08-14T11:30:12+05:30,b3620733,ohlc4-distance-from-open-v1
2026-08-14 11:25:00+05:30,long,long,rejection,3,150,2026-08-14T11:25:14+05:30,2026-08-14T11:30:12+05:30,b3620733,ohlc4-distance-from-open-v1
2026-08-14 11:25:00+05:30,long,long,trend,3,150,2026-08-14T11:25:14+05:30,2026-08-14T11:30:12+05:30,b3620733,ohlc4-distance-from-open-v1
2026-08-14 11:25:00+05:30,long,long,volume,4,60,2026-08-14T11:25:14+05:30,2026-08-14T11:27:12+05:30,b3620733,ohlc4-distance-from-open-v1
2026-08-14 11:25:00+05:30,long,long_vwap,pullback,3,150,2026-08-14T11:25:14+05:30,2026-08-14T11:30:12+05:30,b3620733,ohlc4-distance-from-open-v1
2026-08-14 11:25:00+05:30,long,long_vwap,rejection,3,150,2026-08-14T11:25:14+05:30,2026-08-14T11:30:12+05:30,b3620733,ohlc4-distance-from-open-v1
2026-08-14 11:25:00+05:30,long,long_vwap,trend,3,150,2026-08-14T11:25:14+05:30,2026-08-14T11:30:12+05:30,b3620733,ohlc4-distance-from-open-v1
2026-08-14 11:25:00+05:30,long,long_vwap,volume,4,60,2026-08-14T11:25:14+05:30,2026-08-14T11:27:12+05:30,b3620733,ohlc4-distance-from-open-v1
2026-08-14 11:25:00+05:30,short,short,pullback,1,150,2026-08-14T11:25:14+05:30,2026-08-14T11:30:12+05:30,b3620733,ohlc4-distance-from-open-v1
2026-08-14 11:25:00+05:30,short,short,rejection,3,31,2026-08-14T11:25:14+05:30,2026-08-14T11:26:58+05:30,b3620733,ohlc4-distance-from-open-v1
2026-08-14 11:25:00+05:30,short,short,volume,2,60,2026-08-14T11:25:14+05:30,2026-08-14T11:27:12+05:30,b3620733,ohlc4-distance-from-open-v1
2026-08-14 11:25:00+05:30,short,short_vwap,pullback,1,150,2026-08-14T11:25:14+05:30,2026-08-14T11:30:12+05:30,b3620733,ohlc4-distance-from-open-v1
2026-08-14 11:25:00+05:30,short,short_vwap,rejection,3,24,2026-08-14T11:25:14+05:30,2026-08-14T11:26:58+05:30,b3620733,ohlc4-distance-from-open-v1
2026-08-14 11:25:00+05:30,short,short_vwap,volume,2,60,2026-08-14T11:25:14+05:30,2026-08-14T11:27:12+05:30,b3620733,ohlc4-distance-from-open-v1
2026-08-14 11:30:00+05:30,long,long,open_interest,4,150,2026-08-14T11:30:14+05:30,2026-08-14T11:35:12+05:30,b3620733,ohlc4-distance-from-open-v1
2026-08-14 11:30:00+05:30,long,long,pullback,4,150,2026-08-14T11:30:14+05:30,2026-08-14T11:35:12+05:30,b3620733,ohlc4-distance-from-open-v1
2026-08-14 11:30:00+05:30,long,long,rejection,4,150,2026-08-14T11:30:14+05:30,2026-08-14T11:35:12+05:30,b3620733,ohlc4-distance-from-open-v1
2026-08-14 11:30:00+05:30,long,long,trend,4,150,2026-08-14T11:30:14+05:30,2026-08-14T11:35:12+05:30,b3620733,ohlc4-distance-from-open-v1
2026-08-14 11:30:00+05:30,long,long,volume,5,8,2026-08-14T11:30:14+05:30,2026-08-14T11:30:28+05:30,b3620733,ohlc4-distance-from-open-v1
2026-08-14 11:30:00+05:30,long,long_vwap,open_interest,4,150,2026-08-14T11:30:14+05:30,2026-08-14T11:35:12+05:30,b3620733,ohlc4-distance-from-open-v1
2026-08-14 11:30:00+05:30,long,long_vwap,pullback,4,150,2026-08-14T11:30:14+05:30,2026-08-14T11:35:12+05:30,b3620733,ohlc4-distance-from-open-v1
2026-08-14 11:30:00+05:30,long,long_vwap,rejection,4,150,2026-08-14T11:30:14+05:30,2026-08-14T11:35:12+05:30,b3620733,ohlc4-distance-from-open-v1
2026-08-14 11:30:00+05:30,long,long_vwap,trend,4,150,2026-08-14T11:30:14+05:30,2026-08-14T11:35:12+05:30,b3620733,ohlc4-distance-from-open-v1
2026-08-14 11:30:00+05:30,long,long_vwap,volume,5,8,2026-08-14T11:30:14+05:30,2026-08-14T11:30:28+05:30,b3620733,ohlc4-distance-from-open-v1
2026-08-14 11:30:00+05:30,short,short,open_interest,2,150,2026-08-14T11:30:14+05:30,2026-08-14T11:35:12+05:30,b3620733,ohlc4-distance-from-open-v1
2026-08-14 11:30:00+05:30,short,short,pullback,2,150,2026-08-14T11:30:14+05:30,2026-08-14T11:35:12+05:30,b3620733,ohlc4-distance-from-open-v1
2026-08-14 11:30:00+05:30,short,short,rejection,3,98,2026-08-14T11:30:14+05:30,2026-08-14T11:35:12+05:30,b3620733,ohlc4-distance-from-open-v1
2026-08-14 11:30:00+05:30,short,short,trend,3,105,2026-08-14T11:31:44+05:30,2026-08-14T11:35:12+05:30,b3620733,ohlc4-distance-from-open-v1
2026-08-14 11:30:00+05:30,short,short,volume,4,8,2026-08-14T11:30:14+05:30,2026-08-14T11:30:28+05:30,b3620733,ohlc4-distance-from-open-v1
2026-08-14 11:30:00+05:30,short,short_vwap,open_interest,2,150,2026-08-14T11:30:14+05:30,2026-08-14T11:35:12+05:30,b3620733,ohlc4-distance-from-open-v1
2026-08-14 11:30:00+05:30,short,short_vwap,pullback,2,150,2026-08-14T11:30:14+05:30,2026-08-14T11:35:12+05:30,b3620733,ohlc4-distance-from-open-v1
2026-08-14 11:30:00+05:30,short,short_vwap,rejection,3,142,2026-08-14T11:30:14+05:30,2026-08-14T11:35:12+05:30,b3620733,ohlc4-distance-from-open-v1
2026-08-14 11:30:00+05:30,short,short_vwap,trend,4,105,2026-08-14T11:31:44+05:30,2026-08-14T11:35:12+05:30,b3620733,ohlc4-distance-from-open-v1
2026-08-14 11:30:00+05:30,short,short_vwap,volume,4,8,2026-08-14T11:30:14+05:30,2026-08-14T11:30:28+05:30,b3620733,ohlc4-distance-from-open-v1
2026-08-14 11:35:00+05:30,long,long,open_interest,4,60,2026-08-14T11:36:14+05:30,2026-08-14T11:40:12+05:30,b3620733,ohlc4-distance-from-open-v1
2026-08-14 11:35:00+05:30,long,long,pullback,3,150,2026-08-14T11:35:14+05:30,2026-08-14T11:40:12+05:30,b3620733,ohlc4-distance-from-open-v1
2026-08-14 11:35:00+05:30,long,long,rejection,3,150,2026-08-14T11:35:14+05:30,2026-08-14T11:40:12+05:30,b3620733,ohlc4-distance-from-open-v1
2026-08-14 11:35:00+05:30,long,long,trend,3,150,2026-08-14T11:35:14+05:30,2026-08-14T11:40:12+05:30,b3620733,ohlc4-distance-from-open-v1
2026-08-14 11:35:00+05:30,long,long,volume,4,63,2026-08-14T11:35:14+05:30,2026-08-14T11:37:58+05:30,b3620733,ohlc4-distance-from-open-v1
2026-08-14 11:35:00+05:30,long,long_vwap,open_interest,4,60,2026-08-14T11:36:14+05:30,2026-08-14T11:40:12+05:30,b3620733,ohlc4-distance-from-open-v1
2026-08-14 11:35:00+05:30,long,long_vwap,pullback,3,150,2026-08-14T11:35:14+05:30,2026-08-14T11:40:12+05:30,b3620733,ohlc4-distance-from-open-v1
2026-08-14 11:35:00+05:30,long,long_vwap,rejection,3,150,2026-08-14T11:35:14+05:30,2026-08-14T11:40:12+05:30,b3620733,ohlc4-distance-from-open-v1
2026-08-14 11:35:00+05:30,long,long_vwap,trend,3,150,2026-08-14T11:35:14+05:30,2026-08-14T11:40:12+05:30,b3620733,ohlc4-distance-from-open-v1
2026-08-14 11:35:00+05:30,long,long_vwap,volume,4,63,2026-08-14T11:35:14+05:30,2026-08-14T11:37:58+05:30,b3620733,ohlc4-distance-from-open-v1
2026-08-14 11:35:00+05:30,short,short,open_interest,2,60,2026-08-14T11:36:14+05:30,2026-08-14T11:40:12+05:30,b3620733,ohlc4-distance-from-open-v1
2026-08-14 11:35:00+05:30,short,short,pullback,1,150,2026-08-14T11:35:14+05:30,2026-08-14T11:40:12+05:30,b3620733,ohlc4-distance-from-open-v1
2026-08-14 11:35:00+05:30,short,short,rejection,3,68,2026-08-14T11:35:14+05:30,2026-08-14T11:39:58+05:30,b3620733,ohlc4-distance-from-open-v1
2026-08-14 11:35:00+05:30,short,short,trend,3,15,2026-08-14T11:39:44+05:30,2026-08-14T11:40:12+05:30,b3620733,ohlc4-distance-from-open-v1
2026-08-14 11:35:00+05:30,short,short,volume,2,63,2026-08-14T11:35:14+05:30,2026-08-14T11:37:58+05:30,b3620733,ohlc4-distance-from-open-v1
2026-08-14 11:35:00+05:30,short,short_vwap,open_interest,2,60,2026-08-14T11:36:14+05:30,2026-08-14T11:40:12+05:30,b3620733,ohlc4-distance-from-open-v1
2026-08-14 11:35:00+05:30,short,short_vwap,pullback,1,150,2026-08-14T11:35:14+05:30,2026-08-14T11:40:12+05:30,b3620733,ohlc4-distance-from-open-v1
2026-08-14 11:35:00+05:30,short,short_vwap,rejection,3,61,2026-08-14T11:35:14+05:30,2026-08-14T11:39:58+05:30,b3620733,ohlc4-distance-from-open-v1
2026-08-14 11:35:00+05:30,short,short_vwap,trend,3,15,2026-08-14T11:39:44+05:30,2026-08-14T11:40:12+05:30,b3620733,ohlc4-distance-from-open-v1
2026-08-14 11:35:00+05:30,short,short_vwap,volume,2,63,2026-08-14T11:35:14+05:30,2026-08-14T11:37:58+05:30,b3620733,ohlc4-distance-from-open-v1
2026-08-14 11:40:00+05:30,long,long,pullback,4,150,2026-08-14T11:40:14+05:30,2026-08-14T11:45:12+05:30,b3620733,ohlc4-distance-from-open-v1
2026-08-14 11:40:00+05:30,long,long,rejection,4,150,2026-08-14T11:40:14+05:30,2026-08-14T11:45:12+05:30,b3620733,ohlc4-distance-from-open-v1
2026-08-14 11:40:00+05:30,long,long,trend,4,150,2026-08-14T11:40:14+05:30,2026-08-14T11:45:12+05:30,b3620733,ohlc4-distance-from-open-v1
2026-08-14 11:40:00+05:30,long,long,volume,4,150,2026-08-14T11:40:14+05:30,2026-08-14T11:45:12+05:30,b3620733,ohlc4-distance-from-open-v1
2026-08-14 11:40:00+05:30,long,long_vwap,pullback,4,150,2026-08-14T11:40:14+05:30,2026-08-14T11:45:12+05:30,b3620733,ohlc4-distance-from-open-v1
2026-08-14 11:40:00+05:30,long,long_vwap,rejection,4,150,2026-08-14T11:40:14+05:30,2026-08-14T11:45:12+05:30,b3620733,ohlc4-distance-from-open-v1
2026-08-14 11:40:00+05:30,long,long_vwap,trend,4,150,2026-08-14T11:40:14+05:30,2026-08-14T11:45:12+05:30,b3620733,ohlc4-distance-from-open-v1
2026-08-14 11:40:00+05:30,long,long_vwap,volume,4,150,2026-08-14T11:40:14+05:30,2026-08-14T11:45:12+05:30,b3620733,ohlc4-distance-from-open-v1
2026-08-14 11:40:00+05:30,short,short,pullback,3,150,2026-08-14T11:40:14+05:30,2026-08-14T11:45:12+05:30,b3620733,ohlc4-distance-from-open-v1
2026-08-14 11:40:00+05:30,short,short,rejection,3,150,2026-08-14T11:40:14+05:30,2026-08-14T11:45:12+05:30,b3620733,ohlc4-distance-from-open-v1
2026-08-14 11:40:00+05:30,short,short,volume,3,150,2026-08-14T11:40:14+05:30,2026-08-14T11:45:12+05:30,b3620733,ohlc4-distance-from-open-v1
2026-08-14 11:40:00+05:30,short,short_vwap,pullback,3,150,2026-08-14T11:40:14+05:30,2026-08-14T11:45:12+05:30,b3620733,ohlc4-distance-from-open-v1
2026-08-14 11:40:00+05:30,short,short_vwap,rejection,3,150,2026-08-14T11:40:14+05:30,2026-08-14T11:45:12+05:30,b3620733,ohlc4-distance-from-open-v1
2026-08-14 11:40:00+05:30,short,short_vwap,volume,3,150,2026-08-14T11:40:14+05:30,2026-08-14T11:45:12+05:30,b3620733,ohlc4-distance-from-open-v1
2026-08-14 11:45:00+05:30,long,long,open_interest,4,60,2026-08-14T11:47:14+05:30,2026-08-14T11:50:12+05:30,b3620733,ohlc4-distance-from-open-v1
2026-08-14 11:45:00+05:30,long,long,pullback,3,150,2026-08-14T11:45:14+05:30,2026-08-14T11:50:12+05:30,b3620733,ohlc4-distance-from-open-v1
2026-08-14 11:45:00+05:30,long,long,rejection,3,150,2026-08-14T11:45:14+05:30,2026-08-14T11:50:12+05:30,b3620733,ohlc4-distance-from-open-v1
2026-08-14 11:45:00+05:30,long,long,trend,3,150,2026-08-14T11:45:14+05:30,2026-08-14T11:50:12+05:30,b3620733,ohlc4-distance-from-open-v1
2026-08-14 11:45:00+05:30,long,long,volume,4,140,2026-08-14T11:45:14+05:30,2026-08-14T11:50:12+05:30,b3620733,ohlc4-distance-from-open-v1
2026-08-14 11:45:00+05:30,long,long_vwap,open_interest,4,60,2026-08-14T11:47:14+05:30,2026-08-14T11:50:12+05:30,b3620733,ohlc4-distance-from-open-v1
2026-08-14 11:45:00+05:30,long,long_vwap,pullback,3,150,2026-08-14T11:45:14+05:30,2026-08-14T11:50:12+05:30,b3620733,ohlc4-distance-from-open-v1
2026-08-14 11:45:00+05:30,long,long_vwap,rejection,3,150,2026-08-14T11:45:14+05:30,2026-08-14T11:50:12+05:30,b3620733,ohlc4-distance-from-open-v1
2026-08-14 11:45:00+05:30,long,long_vwap,trend,3,150,2026-08-14T11:45:14+05:30,2026-08-14T11:50:12+05:30,b3620733,ohlc4-distance-from-open-v1
2026-08-14 11:45:00+05:30,long,long_vwap,volume,4,140,2026-08-14T11:45:14+05:30,2026-08-14T11:50:12+05:30,b3620733,ohlc4-distance-from-open-v1
2026-08-14 11:45:00+05:30,short,short,open_interest,3,60,2026-08-14T11:47:14+05:30,2026-08-14T11:50:12+05:30,b3620733,ohlc4-distance-from-open-v1
2026-08-14 11:45:00+05:30,short,short,pullback,2,150,2026-08-14T11:45:14+05:30,2026-08-14T11:50:12+05:30,b3620733,ohlc4-distance-from-open-v1
2026-08-14 11:45:00+05:30,short,short,rejection,3,98,2026-08-14T11:45:14+05:30,2026-08-14T11:50:12+05:30,b3620733,ohlc4-distance-from-open-v1
2026-08-14 11:45:00+05:30,short,short,trend,2,105,2026-08-14T11:46:44+05:30,2026-08-14T11:50:12+05:30,b3620733,ohlc4-distance-from-open-v1
2026-08-14 11:45:00+05:30,short,short,volume,2,140,2026-08-14T11:45:14+05:30,2026-08-14T11:50:12+05:30,b3620733,ohlc4-distance-from-open-v1
2026-08-14 11:45:00+05:30,short,short_vwap,open_interest,3,60,2026-08-14T11:47:14+05:30,2026-08-14T11:50:12+05:30,b3620733,ohlc4-distance-from-open-v1
2026-08-14 11:45:00+05:30,short,short_vwap,pullback,2,150,2026-08-14T11:45:14+05:30,2026-08-14T11:50:12+05:30,b3620733,ohlc4-distance-from-open-v1
2026-08-14 11:45:00+05:30,short,short_vwap,rejection,3,98,2026-08-14T11:45:14+05:30,2026-08-14T11:50:12+05:30,b3620733,ohlc4-distance-from-open-v1
2026-08-14 11:45:00+05:30,short,short_vwap,trend,2,105,2026-08-14T11:46:44+05:30,2026-08-14T11:50:12+05:30,b3620733,ohlc4-distance-from-open-v1
2026-08-14 11:45:00+05:30,short,short_vwap,volume,2,140,2026-08-14T11:45:14+05:30,2026-08-14T11:50:12+05:30,b3620733,ohlc4-distance-from-open-v1
2026-08-14 11:50:00+05:30,long,long,pullback,3,150,2026-08-14T11:50:14+05:30,2026-08-14T11:55:12+05:30,b3620733,ohlc4-distance-from-open-v1
2026-08-14 11:50:00+05:30,long,long,rejection,3,150,2026-08-14T11:50:14+05:30,2026-08-14T11:55:12+05:30,b3620733,ohlc4-distance-from-open-v1
2026-08-14 11:50:00+05:30,long,long,trend,3,150,2026-08-14T11:50:14+05:30,2026-08-14T11:55:12+05:30,b3620733,ohlc4-distance-from-open-v1
2026-08-14 11:50:00+05:30,long,long,volume,4,68,2026-08-14T11:50:14+05:30,2026-08-14T11:52:28+05:30,b3620733,ohlc4-distance-from-open-v1
2026-08-14 11:50:00+05:30,long,long_vwap,pullback,3,150,2026-08-14T11:50:14+05:30,2026-08-14T11:55:12+05:30,b3620733,ohlc4-distance-from-open-v1
2026-08-14 11:50:00+05:30,long,long_vwap,rejection,3,150,2026-08-14T11:50:14+05:30,2026-08-14T11:55:12+05:30,b3620733,ohlc4-distance-from-open-v1
2026-08-14 11:50:00+05:30,long,long_vwap,trend,3,150,2026-08-14T11:50:14+05:30,2026-08-14T11:55:12+05:30,b3620733,ohlc4-distance-from-open-v1
2026-08-14 11:50:00+05:30,long,long_vwap,volume,4,68,2026-08-14T11:50:14+05:30,2026-08-14T11:52:28+05:30,b3620733,ohlc4-distance-from-open-v1
2026-08-14 11:50:00+05:30,short,short,pullback,1,150,2026-08-14T11:50:14+05:30,2026-08-14T11:55:12+05:30,b3620733,ohlc4-distance-from-open-v1
2026-08-14 11:50:00+05:30,short,short,rejection,2,98,2026-08-14T11:50:14+05:30,2026-08-14T11:55:12+05:30,b3620733,ohlc4-distance-from-open-v1
2026-08-14 11:50:00+05:30,short,short,volume,2,68,2026-08-14T11:50:14+05:30,2026-08-14T11:52:28+05:30,b3620733,ohlc4-distance-from-open-v1
2026-08-14 11:50:00+05:30,short,short_vwap,pullback,1,150,2026-08-14T11:50:14+05:30,2026-08-14T11:55:12+05:30,b3620733,ohlc4-distance-from-open-v1
2026-08-14 11:50:00+05:30,short,short_vwap,rejection,2,91,2026-08-14T11:50:14+05:30,2026-08-14T11:55:12+05:30,b3620733,ohlc4-distance-from-open-v1
2026-08-14 11:50:00+05:30,short,short_vwap,volume,2,68,2026-08-14T11:50:14+05:30,2026-08-14T11:52:28+05:30,b3620733,ohlc4-distance-from-open-v1
2026-08-14 11:55:00+05:30,long,long,pullback,4,150,2026-08-14T11:55:14+05:30,2026-08-14T12:00:12+05:30,b3620733,ohlc4-distance-from-open-v1
2026-08-14 11:55:00+05:30,long,long,rejection,4,150,2026-08-14T11:55:14+05:30,2026-08-14T12:00:12+05:30,b3620733,ohlc4-distance-from-open-v1
2026-08-14 11:55:00+05:30,long,long,trend,4,150,2026-08-14T11:55:14+05:30,2026-08-14T12:00:12+05:30,b3620733,ohlc4-distance-from-open-v1
2026-08-14 11:55:00+05:30,long,long,volume,4,150,2026-08-14T11:55:14+05:30,2026-08-14T12:00:12+05:30,b3620733,ohlc4-distance-from-open-v1
2026-08-14 11:55:00+05:30,long,long_vwap,pullback,4,150,2026-08-14T11:55:14+05:30,2026-08-14T12:00:12+05:30,b3620733,ohlc4-distance-from-open-v1
2026-08-14 11:55:00+05:30,long,long_vwap,rejection,4,150,2026-08-14T11:55:14+05:30,2026-08-14T12:00:12+05:30,b3620733,ohlc4-distance-from-open-v1
2026-08-14 11:55:00+05:30,long,long_vwap,trend,4,150,2026-08-14T11:55:14+05:30,2026-08-14T12:00:12+05:30,b3620733,ohlc4-distance-from-open-v1
2026-08-14 11:55:00+05:30,long,long_vwap,volume,4,150,2026-08-14T11:55:14+05:30,2026-08-14T12:00:12+05:30,b3620733,ohlc4-distance-from-open-v1
2026-08-14 11:55:00+05:30,short,short,pullback,2,150,2026-08-14T11:55:14+05:30,2026-08-14T12:00:12+05:30,b3620733,ohlc4-distance-from-open-v1
2026-08-14 11:55:00+05:30,short,short,rejection,3,45,2026-08-14T11:55:14+05:30,2026-08-14T11:56:42+05:30,b3620733,ohlc4-distance-from-open-v1
2026-08-14 11:55:00+05:30,short,short,volume,2,150,2026-08-14T11:55:14+05:30,2026-08-14T12:00:12+05:30,b3620733,ohlc4-distance-from-open-v1
2026-08-14 11:55:00+05:30,short,short_vwap,pullback,2,150,2026-08-14T11:55:14+05:30,2026-08-14T12:00:12+05:30,b3620733,ohlc4-distance-from-open-v1
2026-08-14 11:55:00+05:30,short,short_vwap,rejection,3,45,2026-08-14T11:55:14+05:30,2026-08-14T11:56:42+05:30,b3620733,ohlc4-distance-from-open-v1
2026-08-14 11:55:00+05:30,short,short_vwap,volume,2,150,2026-08-14T11:55:14+05:30,2026-08-14T12:00:12+05:30,b3620733,ohlc4-distance-from-open-v1
2026-08-14 12:00:00+05:30,long,long,open_interest,5,90,2026-08-14T12:00:14+05:30,2026-08-14T12:05:12+05:30,b3620733,ohlc4-distance-from-open-v1
2026-08-14 12:00:00+05:30,long,long,pullback,4,150,2026-08-14T12:00:14+05:30,2026-08-14T12:05:12+05:30,b3620733,ohlc4-distance-from-open-v1
2026-08-14 12:00:00+05:30,long,long,rejection,4,150,2026-08-14T12:00:14+05:30,2026-08-14T12:05:12+05:30,b3620733,ohlc4-distance-from-open-v1
2026-08-14 12:00:00+05:30,long,long,trend,4,150,2026-08-14T12:00:14+05:30,2026-08-14T12:05:12+05:30,b3620733,ohlc4-distance-from-open-v1
2026-08-14 12:00:00+05:30,long,long,volume,4,150,2026-08-14T12:00:14+05:30,2026-08-14T12:05:12+05:30,b3620733,ohlc4-distance-from-open-v1
2026-08-14 12:00:00+05:30,long,long_vwap,open_interest,5,90,2026-08-14T12:00:14+05:30,2026-08-14T12:05:12+05:30,b3620733,ohlc4-distance-from-open-v1
2026-08-14 12:00:00+05:30,long,long_vwap,pullback,4,150,2026-08-14T12:00:14+05:30,2026-08-14T12:05:12+05:30,b3620733,ohlc4-distance-from-open-v1
2026-08-14 12:00:00+05:30,long,long_vwap,rejection,4,150,2026-08-14T12:00:14+05:30,2026-08-14T12:05:12+05:30,b3620733,ohlc4-distance-from-open-v1
2026-08-14 12:00:00+05:30,long,long_vwap,trend,4,150,2026-08-14T12:00:14+05:30,2026-08-14T12:05:12+05:30,b3620733,ohlc4-distance-from-open-v1
2026-08-14 12:00:00+05:30,long,long_vwap,volume,4,150,2026-08-14T12:00:14+05:30,2026-08-14T12:05:12+05:30,b3620733,ohlc4-distance-from-open-v1
2026-08-14 12:00:00+05:30,short,short,open_interest,3,90,2026-08-14T12:00:14+05:30,2026-08-14T12:05:12+05:30,b3620733,ohlc4-distance-from-open-v1
2026-08-14 12:00:00+05:30,short,short,pullback,2,150,2026-08-14T12:00:14+05:30,2026-08-14T12:05:12+05:30,b3620733,ohlc4-distance-from-open-v1
2026-08-14 12:00:00+05:30,short,short,rejection,4,46,2026-08-14T12:00:14+05:30,2026-08-14T12:01:58+05:30,b3620733,ohlc4-distance-from-open-v1
2026-08-14 12:00:00+05:30,short,short,volume,2,150,2026-08-14T12:00:14+05:30,2026-08-14T12:05:12+05:30,b3620733,ohlc4-distance-from-open-v1
2026-08-14 12:00:00+05:30,short,short_vwap,open_interest,3,90,2026-08-14T12:00:14+05:30,2026-08-14T12:05:12+05:30,b3620733,ohlc4-distance-from-open-v1
2026-08-14 12:00:00+05:30,short,short_vwap,pullback,2,150,2026-08-14T12:00:14+05:30,2026-08-14T12:05:12+05:30,b3620733,ohlc4-distance-from-open-v1
2026-08-14 12:00:00+05:30,short,short_vwap,rejection,4,46,2026-08-14T12:00:14+05:30,2026-08-14T12:01:58+05:30,b3620733,ohlc4-distance-from-open-v1
2026-08-14 12:00:00+05:30,short,short_vwap,volume,2,150,2026-08-14T12:00:14+05:30,2026-08-14T12:05:12+05:30,b3620733,ohlc4-distance-from-open-v1
2026-08-14 12:05:00+05:30,long,long,pullback,4,90,2026-08-14T12:05:14+05:30,2026-08-14T12:10:12+05:30,b3620733,ohlc4-distance-from-open-v1
2026-08-14 12:05:00+05:30,long,long,rejection,4,90,2026-08-14T12:05:14+05:30,2026-08-14T12:10:12+05:30,b3620733,ohlc4-distance-from-open-v1
2026-08-14 12:05:00+05:30,long,long,trend,2,150,2026-08-14T12:05:14+05:30,2026-08-14T12:10:12+05:30,b3620733,ohlc4-distance-from-open-v1
2026-08-14 12:05:00+05:30,long,long,volume,2,150,2026-08-14T12:05:14+05:30,2026-08-14T12:10:12+05:30,b3620733,ohlc4-distance-from-open-v1
2026-08-14 12:05:00+05:30,long,long_vwap,pullback,4,150,2026-08-14T12:05:14+05:30,2026-08-14T12:10:12+05:30,b3620733,ohlc4-distance-from-open-v1
2026-08-14 12:05:00+05:30,long,long_vwap,rejection,4,150,2026-08-14T12:05:14+05:30,2026-08-14T12:10:12+05:30,b3620733,ohlc4-distance-from-open-v1
2026-08-14 12:05:00+05:30,long,long_vwap,trend,4,150,2026-08-14T12:05:14+05:30,2026-08-14T12:10:12+05:30,b3620733,ohlc4-distance-from-open-v1
2026-08-14 12:05:00+05:30,long,long_vwap,volume,4,150,2026-08-14T12:05:14+05:30,2026-08-14T12:10:12+05:30,b3620733,ohlc4-distance-from-open-v1
2026-08-14 12:05:00+05:30,short,short,pullback,3,105,2026-08-14T12:05:14+05:30,2026-08-14T12:09:42+05:30,b3620733,ohlc4-distance-from-open-v1
2026-08-14 12:05:00+05:30,short,short,rejection,2,150,2026-08-14T12:05:14+05:30,2026-08-14T12:10:12+05:30,b3620733,ohlc4-distance-from-open-v1
2026-08-14 12:05:00+05:30,short,short,trend,3,60,2026-08-14T12:06:44+05:30,2026-08-14T12:08:42+05:30,b3620733,ohlc4-distance-from-open-v1
2026-08-14 12:05:00+05:30,short,short,volume,2,150,2026-08-14T12:05:14+05:30,2026-08-14T12:10:12+05:30,b3620733,ohlc4-distance-from-open-v1
2026-08-14 12:05:00+05:30,short,short_vwap,pullback,2,150,2026-08-14T12:05:14+05:30,2026-08-14T12:10:12+05:30,b3620733,ohlc4-distance-from-open-v1
2026-08-14 12:05:00+05:30,short,short_vwap,rejection,3,143,2026-08-14T12:05:14+05:30,2026-08-14T12:10:12+05:30,b3620733,ohlc4-distance-from-open-v1
2026-08-14 12:05:00+05:30,short,short_vwap,trend,4,60,2026-08-14T12:06:44+05:30,2026-08-14T12:08:42+05:30,b3620733,ohlc4-distance-from-open-v1
2026-08-14 12:05:00+05:30,short,short_vwap,volume,2,150,2026-08-14T12:05:14+05:30,2026-08-14T12:10:12+05:30,b3620733,ohlc4-distance-from-open-v1
2026-08-14 12:10:00+05:30,long,long,open_interest,3,30,2026-08-14T12:14:14+05:30,2026-08-14T12:15:12+05:30,b3620733,ohlc4-distance-from-open-v1
2026-08-14 12:10:00+05:30,long,long,pullback,4,111,2026-08-14T12:10:14+05:30,2026-08-14T12:14:42+05:30,b3620733,ohlc4-distance-from-open-v1
2026-08-14 12:10:00+05:30,long,long,rejection,4,111,2026-08-14T12:10:14+05:30,2026-08-14T12:14:42+05:30,b3620733,ohlc4-distance-from-open-v1
2026-08-14 12:10:00+05:30,long,long,trend,2,150,2026-08-14T12:10:14+05:30,2026-08-14T12:15:12+05:30,b3620733,ohlc4-distance-from-open-v1
2026-08-14 12:10:00+05:30,long,long,volume,2,150,2026-08-14T12:10:14+05:30,2026-08-14T12:15:12+05:30,b3620733,ohlc4-distance-from-open-v1
2026-08-14 12:10:00+05:30,long,long_vwap,open_interest,5,30,2026-08-14T12:14:14+05:30,2026-08-14T12:15:12+05:30,b3620733,ohlc4-distance-from-open-v1
2026-08-14 12:10:00+05:30,long,long_vwap,pullback,4,150,2026-08-14T12:10:14+05:30,2026-08-14T12:15:12+05:30,b3620733,ohlc4-distance-from-open-v1
2026-08-14 12:10:00+05:30,long,long_vwap,rejection,4,150,2026-08-14T12:10:14+05:30,2026-08-14T12:15:12+05:30,b3620733,ohlc4-distance-from-open-v1
2026-08-14 12:10:00+05:30,long,long_vwap,trend,4,150,2026-08-14T12:10:14+05:30,2026-08-14T12:15:12+05:30,b3620733,ohlc4-distance-from-open-v1
2026-08-14 12:10:00+05:30,long,long_vwap,volume,4,150,2026-08-14T12:10:14+05:30,2026-08-14T12:15:12+05:30,b3620733,ohlc4-distance-from-open-v1
2026-08-14 12:10:00+05:30,short,short,open_interest,3,30,2026-08-14T12:14:14+05:30,2026-08-14T12:15:12+05:30,b3620733,ohlc4-distance-from-open-v1
2026-08-14 12:10:00+05:30,short,short,pullback,3,54,2026-08-14T12:10:14+05:30,2026-08-14T12:15:12+05:30,b3620733,ohlc4-distance-from-open-v1
2026-08-14 12:10:00+05:30,short,short,rejection,2,128,2026-08-14T12:10:14+05:30,2026-08-14T12:15:12+05:30,b3620733,ohlc4-distance-from-open-v1
2026-08-14 12:10:00+05:30,short,short,volume,1,150,2026-08-14T12:10:14+05:30,2026-08-14T12:15:12+05:30,b3620733,ohlc4-distance-from-open-v1
2026-08-14 12:10:00+05:30,short,short_vwap,open_interest,4,30,2026-08-14T12:14:14+05:30,2026-08-14T12:15:12+05:30,b3620733,ohlc4-distance-from-open-v1
2026-08-14 12:10:00+05:30,short,short_vwap,pullback,2,150,2026-08-14T12:10:14+05:30,2026-08-14T12:15:12+05:30,b3620733,ohlc4-distance-from-open-v1
2026-08-14 12:10:00+05:30,short,short_vwap,rejection,3,121,2026-08-14T12:10:14+05:30,2026-08-14T12:15:12+05:30,b3620733,ohlc4-distance-from-open-v1
2026-08-14 12:10:00+05:30,short,short_vwap,volume,2,150,2026-08-14T12:10:14+05:30,2026-08-14T12:15:12+05:30,b3620733,ohlc4-distance-from-open-v1
2026-08-14 12:15:00+05:30,long,long,open_interest,3,30,2026-08-14T12:19:14+05:30,2026-08-14T12:20:12+05:30,b3620733,ohlc4-distance-from-open-v1
2026-08-14 12:15:00+05:30,long,long,pullback,4,69,2026-08-14T12:15:14+05:30,2026-08-14T12:19:58+05:30,b3620733,ohlc4-distance-from-open-v1
2026-08-14 12:15:00+05:30,long,long,rejection,4,69,2026-08-14T12:15:14+05:30,2026-08-14T12:19:58+05:30,b3620733,ohlc4-distance-from-open-v1
2026-08-14 12:15:00+05:30,long,long,trend,2,150,2026-08-14T12:15:14+05:30,2026-08-14T12:20:12+05:30,b3620733,ohlc4-distance-from-open-v1
2026-08-14 12:15:00+05:30,long,long,volume,2,150,2026-08-14T12:15:14+05:30,2026-08-14T12:20:12+05:30,b3620733,ohlc4-distance-from-open-v1
2026-08-14 12:15:00+05:30,long,long_vwap,open_interest,5,30,2026-08-14T12:19:14+05:30,2026-08-14T12:20:12+05:30,b3620733,ohlc4-distance-from-open-v1
2026-08-14 12:15:00+05:30,long,long_vwap,pullback,4,150,2026-08-14T12:15:14+05:30,2026-08-14T12:20:12+05:30,b3620733,ohlc4-distance-from-open-v1
2026-08-14 12:15:00+05:30,long,long_vwap,rejection,4,150,2026-08-14T12:15:14+05:30,2026-08-14T12:20:12+05:30,b3620733,ohlc4-distance-from-open-v1
2026-08-14 12:15:00+05:30,long,long_vwap,trend,4,150,2026-08-14T12:15:14+05:30,2026-08-14T12:20:12+05:30,b3620733,ohlc4-distance-from-open-v1
2026-08-14 12:15:00+05:30,long,long_vwap,volume,4,150,2026-08-14T12:15:14+05:30,2026-08-14T12:20:12+05:30,b3620733,ohlc4-distance-from-open-v1
2026-08-14 12:15:00+05:30,short,short,open_interest,2,30,2026-08-14T12:19:14+05:30,2026-08-14T12:20:12+05:30,b3620733,ohlc4-distance-from-open-v1
2026-08-14 12:15:00+05:30,short,short,pullback,3,104,2026-08-14T12:15:14+05:30,2026-08-14T12:20:12+05:30,b3620733,ohlc4-distance-from-open-v1
2026-08-14 12:15:00+05:30,short,short,rejection,3,104,2026-08-14T12:15:14+05:30,2026-08-14T12:20:12+05:30,b3620733,ohlc4-distance-from-open-v1
2026-08-14 12:15:00+05:30,short,short,volume,1,150,2026-08-14T12:15:14+05:30,2026-08-14T12:20:12+05:30,b3620733,ohlc4-distance-from-open-v1
2026-08-14 12:15:00+05:30,short,short_vwap,open_interest,3,30,2026-08-14T12:19:14+05:30,2026-08-14T12:20:12+05:30,b3620733,ohlc4-distance-from-open-v1
2026-08-14 12:15:00+05:30,short,short_vwap,pullback,2,150,2026-08-14T12:15:14+05:30,2026-08-14T12:20:12+05:30,b3620733,ohlc4-distance-from-open-v1
2026-08-14 12:15:00+05:30,short,short_vwap,rejection,3,96,2026-08-14T12:15:14+05:30,2026-08-14T12:20:12+05:30,b3620733,ohlc4-distance-from-open-v1
2026-08-14 12:15:00+05:30,short,short_vwap,volume,2,150,2026-08-14T12:15:14+05:30,2026-08-14T12:20:12+05:30,b3620733,ohlc4-distance-from-open-v1
2026-08-14 12:20:00+05:30,long,long,pullback,4,15,2026-08-14T12:20:14+05:30,2026-08-14T12:20:42+05:30,b3620733,ohlc4-distance-from-open-v1
2026-08-14 12:20:00+05:30,long,long,rejection,4,15,2026-08-14T12:20:14+05:30,2026-08-14T12:20:42+05:30,b3620733,ohlc4-distance-from-open-v1
2026-08-14 12:20:00+05:30,long,long,trend,2,150,2026-08-14T12:20:14+05:30,2026-08-14T12:25:12+05:30,b3620733,ohlc4-distance-from-open-v1
2026-08-14 12:20:00+05:30,long,long,volume,2,150,2026-08-14T12:20:14+05:30,2026-08-14T12:25:12+05:30,b3620733,ohlc4-distance-from-open-v1
2026-08-14 12:20:00+05:30,long,long_vwap,pullback,4,150,2026-08-14T12:20:14+05:30,2026-08-14T12:25:12+05:30,b3620733,ohlc4-distance-from-open-v1
2026-08-14 12:20:00+05:30,long,long_vwap,rejection,4,150,2026-08-14T12:20:14+05:30,2026-08-14T12:25:12+05:30,b3620733,ohlc4-distance-from-open-v1
2026-08-14 12:20:00+05:30,long,long_vwap,trend,4,150,2026-08-14T12:20:14+05:30,2026-08-14T12:25:12+05:30,b3620733,ohlc4-distance-from-open-v1
2026-08-14 12:20:00+05:30,long,long_vwap,volume,4,150,2026-08-14T12:20:14+05:30,2026-08-14T12:25:12+05:30,b3620733,ohlc4-distance-from-open-v1
2026-08-14 12:20:00+05:30,short,short,pullback,3,150,2026-08-14T12:20:14+05:30,2026-08-14T12:25:12+05:30,b3620733,ohlc4-distance-from-open-v1
2026-08-14 12:20:00+05:30,short,short,rejection,3,150,2026-08-14T12:20:14+05:30,2026-08-14T12:25:12+05:30,b3620733,ohlc4-distance-from-open-v1
2026-08-14 12:20:00+05:30,short,short,trend,4,135,2026-08-14T12:20:44+05:30,2026-08-14T12:25:12+05:30,b3620733,ohlc4-distance-from-open-v1
2026-08-14 12:20:00+05:30,short,short,volume,3,150,2026-08-14T12:20:14+05:30,2026-08-14T12:25:12+05:30,b3620733,ohlc4-distance-from-open-v1
2026-08-14 12:20:00+05:30,short,short_vwap,pullback,2,150,2026-08-14T12:20:14+05:30,2026-08-14T12:25:12+05:30,b3620733,ohlc4-distance-from-open-v1
2026-08-14 12:20:00+05:30,short,short_vwap,rejection,3,143,2026-08-14T12:20:14+05:30,2026-08-14T12:25:12+05:30,b3620733,ohlc4-distance-from-open-v1
2026-08-14 12:20:00+05:30,short,short_vwap,trend,4,135,2026-08-14T12:20:44+05:30,2026-08-14T12:25:12+05:30,b3620733,ohlc4-distance-from-open-v1
2026-08-14 12:20:00+05:30,short,short_vwap,volume,2,150,2026-08-14T12:20:14+05:30,2026-08-14T12:25:12+05:30,b3620733,ohlc4-distance-from-open-v1
2026-08-14 12:25:00+05:30,long,long,pullback,4,150,2026-08-14T12:25:14+05:30,2026-08-14T12:30:12+05:30,b3620733,ohlc4-distance-from-open-v1
2026-08-14 12:25:00+05:30,long,long,rejection,4,150,2026-08-14T12:25:14+05:30,2026-08-14T12:30:12+05:30,b3620733,ohlc4-distance-from-open-v1
2026-08-14 12:25:00+05:30,long,long,trend,4,150,2026-08-14T12:25:14+05:30,2026-08-14T12:30:12+05:30,b3620733,ohlc4-distance-from-open-v1
2026-08-14 12:25:00+05:30,long,long,volume,4,150,2026-08-14T12:25:14+05:30,2026-08-14T12:30:12+05:30,b3620733,ohlc4-distance-from-open-v1
2026-08-14 12:25:00+05:30,long,long_vwap,pullback,4,150,2026-08-14T12:25:14+05:30,2026-08-14T12:30:12+05:30,b3620733,ohlc4-distance-from-open-v1
2026-08-14 12:25:00+05:30,long,long_vwap,rejection,4,150,2026-08-14T12:25:14+05:30,2026-08-14T12:30:12+05:30,b3620733,ohlc4-distance-from-open-v1
2026-08-14 12:25:00+05:30,long,long_vwap,trend,4,150,2026-08-14T12:25:14+05:30,2026-08-14T12:30:12+05:30,b3620733,ohlc4-distance-from-open-v1
2026-08-14 12:25:00+05:30,long,long_vwap,volume,4,150,2026-08-14T12:25:14+05:30,2026-08-14T12:30:12+05:30,b3620733,ohlc4-distance-from-open-v1
2026-08-14 12:25:00+05:30,short,short,pullback,4,150,2026-08-14T12:25:14+05:30,2026-08-14T12:30:12+05:30,b3620733,ohlc4-distance-from-open-v1
2026-08-14 12:25:00+05:30,short,short,rejection,4,150,2026-08-14T12:25:14+05:30,2026-08-14T12:30:12+05:30,b3620733,ohlc4-distance-from-open-v1
2026-08-14 12:25:00+05:30,short,short,trend,4,150,2026-08-14T12:25:14+05:30,2026-08-14T12:30:12+05:30,b3620733,ohlc4-distance-from-open-v1
2026-08-14 12:25:00+05:30,short,short,volume,4,150,2026-08-14T12:25:14+05:30,2026-08-14T12:30:12+05:30,b3620733,ohlc4-distance-from-open-v1
2026-08-14 12:25:00+05:30,short,short_vwap,pullback,3,150,2026-08-14T12:25:14+05:30,2026-08-14T12:30:12+05:30,b3620733,ohlc4-distance-from-open-v1
2026-08-14 12:25:00+05:30,short,short_vwap,rejection,4,67,2026-08-14T12:25:14+05:30,2026-08-14T12:29:42+05:30,b3620733,ohlc4-distance-from-open-v1
2026-08-14 12:25:00+05:30,short,short_vwap,trend,3,150,2026-08-14T12:25:14+05:30,2026-08-14T12:30:12+05:30,b3620733,ohlc4-distance-from-open-v1
2026-08-14 12:25:00+05:30,short,short_vwap,volume,3,150,2026-08-14T12:25:14+05:30,2026-08-14T12:30:12+05:30,b3620733,ohlc4-distance-from-open-v1
2026-08-14 12:30:00+05:30,long,long,pullback,4,126,2026-08-14T12:30:14+05:30,2026-08-14T12:35:12+05:30,b3620733,ohlc4-distance-from-open-v1
2026-08-14 12:30:00+05:30,long,long,rejection,3,150,2026-08-14T12:30:14+05:30,2026-08-14T12:35:12+05:30,b3620733,ohlc4-distance-from-open-v1
2026-08-14 12:30:00+05:30,long,long,trend,3,150,2026-08-14T12:30:14+05:30,2026-08-14T12:35:12+05:30,b3620733,ohlc4-distance-from-open-v1
2026-08-14 12:30:00+05:30,long,long,volume,3,150,2026-08-14T12:30:14+05:30,2026-08-14T12:35:12+05:30,b3620733,ohlc4-distance-from-open-v1
2026-08-14 12:30:00+05:30,long,long_vwap,pullback,4,150,2026-08-14T12:30:14+05:30,2026-08-14T12:35:12+05:30,b3620733,ohlc4-distance-from-open-v1
2026-08-14 12:30:00+05:30,long,long_vwap,rejection,4,150,2026-08-14T12:30:14+05:30,2026-08-14T12:35:12+05:30,b3620733,ohlc4-distance-from-open-v1
2026-08-14 12:30:00+05:30,long,long_vwap,trend,4,150,2026-08-14T12:30:14+05:30,2026-08-14T12:35:12+05:30,b3620733,ohlc4-distance-from-open-v1
2026-08-14 12:30:00+05:30,long,long_vwap,volume,4,150,2026-08-14T12:30:14+05:30,2026-08-14T12:35:12+05:30,b3620733,ohlc4-distance-from-open-v1
2026-08-14 12:30:00+05:30,short,short,pullback,4,39,2026-08-14T12:30:14+05:30,2026-08-14T12:34:58+05:30,b3620733,ohlc4-distance-from-open-v1
2026-08-14 12:30:00+05:30,short,short,rejection,2,150,2026-08-14T12:30:14+05:30,2026-08-14T12:35:12+05:30,b3620733,ohlc4-distance-from-open-v1
2026-08-14 12:30:00+05:30,short,short,trend,3,120,2026-08-14T12:30:14+05:30,2026-08-14T12:35:12+05:30,b3620733,ohlc4-distance-from-open-v1
2026-08-14 12:30:00+05:30,short,short,volume,2,150,2026-08-14T12:30:14+05:30,2026-08-14T12:35:12+05:30,b3620733,ohlc4-distance-from-open-v1
2026-08-14 12:30:00+05:30,short,short_vwap,pullback,2,150,2026-08-14T12:30:14+05:30,2026-08-14T12:35:12+05:30,b3620733,ohlc4-distance-from-open-v1
2026-08-14 12:30:00+05:30,short,short_vwap,rejection,4,46,2026-08-14T12:30:14+05:30,2026-08-14T12:35:12+05:30,b3620733,ohlc4-distance-from-open-v1
2026-08-14 12:30:00+05:30,short,short_vwap,trend,3,120,2026-08-14T12:30:14+05:30,2026-08-14T12:35:12+05:30,b3620733,ohlc4-distance-from-open-v1
2026-08-14 12:30:00+05:30,short,short_vwap,volume,2,150,2026-08-14T12:30:14+05:30,2026-08-14T12:35:12+05:30,b3620733,ohlc4-distance-from-open-v1
2026-08-14 12:35:00+05:30,long,long,pullback,4,142,2026-08-14T12:35:14+05:30,2026-08-14T12:40:12+05:30,b3620733,ohlc4-distance-from-open-v1
2026-08-14 12:35:00+05:30,long,long,rejection,4,142,2026-08-14T12:35:14+05:30,2026-08-14T12:40:12+05:30,b3620733,ohlc4-distance-from-open-v1
2026-08-14 12:35:00+05:30,long,long,trend,2,150,2026-08-14T12:35:14+05:30,2026-08-14T12:40:12+05:30,b3620733,ohlc4-distance-from-open-v1
2026-08-14 12:35:00+05:30,long,long,volume,2,150,2026-08-14T12:35:14+05:30,2026-08-14T12:40:12+05:30,b3620733,ohlc4-distance-from-open-v1
2026-08-14 12:35:00+05:30,long,long_vwap,pullback,4,150,2026-08-14T12:35:14+05:30,2026-08-14T12:40:12+05:30,b3620733,ohlc4-distance-from-open-v1
2026-08-14 12:35:00+05:30,long,long_vwap,rejection,4,150,2026-08-14T12:35:14+05:30,2026-08-14T12:40:12+05:30,b3620733,ohlc4-distance-from-open-v1
2026-08-14 12:35:00+05:30,long,long_vwap,trend,4,150,2026-08-14T12:35:14+05:30,2026-08-14T12:40:12+05:30,b3620733,ohlc4-distance-from-open-v1
2026-08-14 12:35:00+05:30,long,long_vwap,volume,4,150,2026-08-14T12:35:14+05:30,2026-08-14T12:40:12+05:30,b3620733,ohlc4-distance-from-open-v1
2026-08-14 12:35:00+05:30,short,short,pullback,2,121,2026-08-14T12:35:14+05:30,2026-08-14T12:39:58+05:30,b3620733,ohlc4-distance-from-open-v1
2026-08-14 12:35:00+05:30,short,short,rejection,3,53,2026-08-14T12:35:14+05:30,2026-08-14T12:39:58+05:30,b3620733,ohlc4-distance-from-open-v1
2026-08-14 12:35:00+05:30,short,short,trend,4,15,2026-08-14T12:35:14+05:30,2026-08-14T12:35:42+05:30,b3620733,ohlc4-distance-from-open-v1
2026-08-14 12:35:00+05:30,short,short,volume,1,150,2026-08-14T12:35:14+05:30,2026-08-14T12:40:12+05:30,b3620733,ohlc4-distance-from-open-v1
2026-08-14 12:35:00+05:30,short,short_vwap,pullback,2,150,2026-08-14T12:35:14+05:30,2026-08-14T12:40:12+05:30,b3620733,ohlc4-distance-from-open-v1
2026-08-14 12:35:00+05:30,short,short_vwap,rejection,3,60,2026-08-14T12:35:14+05:30,2026-08-14T12:39:58+05:30,b3620733,ohlc4-distance-from-open-v1
2026-08-14 12:35:00+05:30,short,short_vwap,trend,4,15,2026-08-14T12:35:14+05:30,2026-08-14T12:35:42+05:30,b3620733,ohlc4-distance-from-open-v1
2026-08-14 12:35:00+05:30,short,short_vwap,volume,2,150,2026-08-14T12:35:14+05:30,2026-08-14T12:40:12+05:30,b3620733,ohlc4-distance-from-open-v1
2026-08-14 12:40:00+05:30,long,long,open_interest,5,90,2026-08-14T12:40:14+05:30,2026-08-14T12:43:12+05:30,b3620733,ohlc4-distance-from-open-v1
2026-08-14 12:40:00+05:30,long,long,pullback,4,150,2026-08-14T12:40:14+05:30,2026-08-14T12:45:12+05:30,b3620733,ohlc4-distance-from-open-v1
2026-08-14 12:40:00+05:30,long,long,rejection,4,150,2026-08-14T12:40:14+05:30,2026-08-14T12:45:12+05:30,b3620733,ohlc4-distance-from-open-v1
2026-08-14 12:40:00+05:30,long,long,trend,4,150,2026-08-14T12:40:14+05:30,2026-08-14T12:45:12+05:30,b3620733,ohlc4-distance-from-open-v1
2026-08-14 12:40:00+05:30,long,long,volume,4,150,2026-08-14T12:40:14+05:30,2026-08-14T12:45:12+05:30,b3620733,ohlc4-distance-from-open-v1
2026-08-14 12:40:00+05:30,long,long_vwap,open_interest,5,90,2026-08-14T12:40:14+05:30,2026-08-14T12:43:12+05:30,b3620733,ohlc4-distance-from-open-v1
2026-08-14 12:40:00+05:30,long,long_vwap,pullback,4,150,2026-08-14T12:40:14+05:30,2026-08-14T12:45:12+05:30,b3620733,ohlc4-distance-from-open-v1
2026-08-14 12:40:00+05:30,long,long_vwap,rejection,4,150,2026-08-14T12:40:14+05:30,2026-08-14T12:45:12+05:30,b3620733,ohlc4-distance-from-open-v1
2026-08-14 12:40:00+05:30,long,long_vwap,trend,4,150,2026-08-14T12:40:14+05:30,2026-08-14T12:45:12+05:30,b3620733,ohlc4-distance-from-open-v1
2026-08-14 12:40:00+05:30,long,long_vwap,volume,4,150,2026-08-14T12:40:14+05:30,2026-08-14T12:45:12+05:30,b3620733,ohlc4-distance-from-open-v1
2026-08-14 12:40:00+05:30,short,short,open_interest,2,90,2026-08-14T12:40:14+05:30,2026-08-14T12:43:12+05:30,b3620733,ohlc4-distance-from-open-v1
2026-08-14 12:40:00+05:30,short,short,pullback,3,53,2026-08-14T12:40:14+05:30,2026-08-14T12:41:58+05:30,b3620733,ohlc4-distance-from-open-v1
2026-08-14 12:40:00+05:30,short,short,rejection,4,31,2026-08-14T12:40:14+05:30,2026-08-14T12:41:58+05:30,b3620733,ohlc4-distance-from-open-v1
2026-08-14 12:40:00+05:30,short,short,volume,1,150,2026-08-14T12:40:14+05:30,2026-08-14T12:45:12+05:30,b3620733,ohlc4-distance-from-open-v1
2026-08-14 12:40:00+05:30,short,short_vwap,open_interest,3,90,2026-08-14T12:40:14+05:30,2026-08-14T12:43:12+05:30,b3620733,ohlc4-distance-from-open-v1
2026-08-14 12:40:00+05:30,short,short_vwap,pullback,2,150,2026-08-14T12:40:14+05:30,2026-08-14T12:45:12+05:30,b3620733,ohlc4-distance-from-open-v1
2026-08-14 12:40:00+05:30,short,short_vwap,rejection,4,24,2026-08-14T12:40:14+05:30,2026-08-14T12:41:58+05:30,b3620733,ohlc4-distance-from-open-v1
2026-08-14 12:40:00+05:30,short,short_vwap,volume,2,150,2026-08-14T12:40:14+05:30,2026-08-14T12:45:12+05:30,b3620733,ohlc4-distance-from-open-v1
2026-08-14 12:45:00+05:30,long,long,pullback,4,135,2026-08-14T12:45:14+05:30,2026-08-14T12:49:42+05:30,b3620733,ohlc4-distance-from-open-v1
2026-08-14 12:45:00+05:30,long,long,rejection,3,150,2026-08-14T12:45:14+05:30,2026-08-14T12:50:12+05:30,b3620733,ohlc4-distance-from-open-v1
2026-08-14 12:45:00+05:30,long,long,trend,3,150,2026-08-14T12:45:14+05:30,2026-08-14T12:50:12+05:30,b3620733,ohlc4-distance-from-open-v1
2026-08-14 12:45:00+05:30,long,long,volume,3,150,2026-08-14T12:45:14+05:30,2026-08-14T12:50:12+05:30,b3620733,ohlc4-distance-from-open-v1
2026-08-14 12:45:00+05:30,long,long_vwap,pullback,4,150,2026-08-14T12:45:14+05:30,2026-08-14T12:50:12+05:30,b3620733,ohlc4-distance-from-open-v1
2026-08-14 12:45:00+05:30,long,long_vwap,rejection,4,150,2026-08-14T12:45:14+05:30,2026-08-14T12:50:12+05:30,b3620733,ohlc4-distance-from-open-v1
2026-08-14 12:45:00+05:30,long,long_vwap,trend,4,150,2026-08-14T12:45:14+05:30,2026-08-14T12:50:12+05:30,b3620733,ohlc4-distance-from-open-v1
2026-08-14 12:45:00+05:30,long,long_vwap,volume,4,150,2026-08-14T12:45:14+05:30,2026-08-14T12:50:12+05:30,b3620733,ohlc4-distance-from-open-v1
2026-08-14 12:45:00+05:30,short,short,pullback,3,150,2026-08-14T12:45:14+05:30,2026-08-14T12:50:12+05:30,b3620733,ohlc4-distance-from-open-v1
2026-08-14 12:45:00+05:30,short,short,rejection,3,150,2026-08-14T12:45:14+05:30,2026-08-14T12:50:12+05:30,b3620733,ohlc4-distance-from-open-v1
2026-08-14 12:45:00+05:30,short,short,volume,3,150,2026-08-14T12:45:14+05:30,2026-08-14T12:50:12+05:30,b3620733,ohlc4-distance-from-open-v1
2026-08-14 12:45:00+05:30,short,short_vwap,pullback,3,150,2026-08-14T12:45:14+05:30,2026-08-14T12:50:12+05:30,b3620733,ohlc4-distance-from-open-v1
2026-08-14 12:45:00+05:30,short,short_vwap,rejection,3,150,2026-08-14T12:45:14+05:30,2026-08-14T12:50:12+05:30,b3620733,ohlc4-distance-from-open-v1
2026-08-14 12:45:00+05:30,short,short_vwap,volume,3,150,2026-08-14T12:45:14+05:30,2026-08-14T12:50:12+05:30,b3620733,ohlc4-distance-from-open-v1
2026-08-14 12:50:00+05:30,long,long,pullback,4,98,2026-08-14T12:50:14+05:30,2026-08-14T12:55:12+05:30,b3620733,ohlc4-distance-from-open-v1
2026-08-14 12:50:00+05:30,long,long,rejection,4,98,2026-08-14T12:50:14+05:30,2026-08-14T12:55:12+05:30,b3620733,ohlc4-distance-from-open-v1
2026-08-14 12:50:00+05:30,long,long,trend,2,150,2026-08-14T12:50:14+05:30,2026-08-14T12:55:12+05:30,b3620733,ohlc4-distance-from-open-v1
2026-08-14 12:50:00+05:30,long,long,volume,2,150,2026-08-14T12:50:14+05:30,2026-08-14T12:55:12+05:30,b3620733,ohlc4-distance-from-open-v1
2026-08-14 12:50:00+05:30,long,long_vwap,pullback,4,150,2026-08-14T12:50:14+05:30,2026-08-14T12:55:12+05:30,b3620733,ohlc4-distance-from-open-v1
2026-08-14 12:50:00+05:30,long,long_vwap,rejection,4,150,2026-08-14T12:50:14+05:30,2026-08-14T12:55:12+05:30,b3620733,ohlc4-distance-from-open-v1
2026-08-14 12:50:00+05:30,long,long_vwap,trend,4,150,2026-08-14T12:50:14+05:30,2026-08-14T12:55:12+05:30,b3620733,ohlc4-distance-from-open-v1
2026-08-14 12:50:00+05:30,long,long_vwap,volume,4,150,2026-08-14T12:50:14+05:30,2026-08-14T12:55:12+05:30,b3620733,ohlc4-distance-from-open-v1
2026-08-14 12:50:00+05:30,short,short,pullback,3,67,2026-08-14T12:50:14+05:30,2026-08-14T12:54:42+05:30,b3620733,ohlc4-distance-from-open-v1
2026-08-14 12:50:00+05:30,short,short,rejection,2,127,2026-08-14T12:50:14+05:30,2026-08-14T12:54:42+05:30,b3620733,ohlc4-distance-from-open-v1
2026-08-14 12:50:00+05:30,short,short,volume,1,150,2026-08-14T12:50:14+05:30,2026-08-14T12:55:12+05:30,b3620733,ohlc4-distance-from-open-v1
2026-08-14 12:50:00+05:30,short,short_vwap,pullback,2,150,2026-08-14T12:50:14+05:30,2026-08-14T12:55:12+05:30,b3620733,ohlc4-distance-from-open-v1
2026-08-14 12:50:00+05:30,short,short_vwap,rejection,3,104,2026-08-14T12:50:14+05:30,2026-08-14T12:55:12+05:30,b3620733,ohlc4-distance-from-open-v1
2026-08-14 12:50:00+05:30,short,short_vwap,volume,2,150,2026-08-14T12:50:14+05:30,2026-08-14T12:55:12+05:30,b3620733,ohlc4-distance-from-open-v1
2026-08-14 12:55:00+05:30,long,long,pullback,4,97,2026-08-14T12:55:14+05:30,2026-08-14T12:59:42+05:30,b3620733,ohlc4-distance-from-open-v1
2026-08-14 12:55:00+05:30,long,long,rejection,4,97,2026-08-14T12:55:14+05:30,2026-08-14T12:59:42+05:30,b3620733,ohlc4-distance-from-open-v1
2026-08-14 12:55:00+05:30,long,long,trend,2,150,2026-08-14T12:55:14+05:30,2026-08-14T13:00:12+05:30,b3620733,ohlc4-distance-from-open-v1
2026-08-14 12:55:00+05:30,long,long,volume,2,150,2026-08-14T12:55:14+05:30,2026-08-14T13:00:12+05:30,b3620733,ohlc4-distance-from-open-v1
2026-08-14 12:55:00+05:30,long,long_vwap,pullback,4,150,2026-08-14T12:55:14+05:30,2026-08-14T13:00:12+05:30,b3620733,ohlc4-distance-from-open-v1
2026-08-14 12:55:00+05:30,long,long_vwap,rejection,4,150,2026-08-14T12:55:14+05:30,2026-08-14T13:00:12+05:30,b3620733,ohlc4-distance-from-open-v1
2026-08-14 12:55:00+05:30,long,long_vwap,trend,4,150,2026-08-14T12:55:14+05:30,2026-08-14T13:00:12+05:30,b3620733,ohlc4-distance-from-open-v1
2026-08-14 12:55:00+05:30,long,long_vwap,volume,4,150,2026-08-14T12:55:14+05:30,2026-08-14T13:00:12+05:30,b3620733,ohlc4-distance-from-open-v1
2026-08-14 12:55:00+05:30,short,short,pullback,3,68,2026-08-14T12:55:14+05:30,2026-08-14T13:00:12+05:30,b3620733,ohlc4-distance-from-open-v1
2026-08-14 12:55:00+05:30,short,short,rejection,3,68,2026-08-14T12:55:14+05:30,2026-08-14T13:00:12+05:30,b3620733,ohlc4-distance-from-open-v1
2026-08-14 12:55:00+05:30,short,short,volume,1,150,2026-08-14T12:55:14+05:30,2026-08-14T13:00:12+05:30,b3620733,ohlc4-distance-from-open-v1
2026-08-14 12:55:00+05:30,short,short_vwap,pullback,2,150,2026-08-14T12:55:14+05:30,2026-08-14T13:00:12+05:30,b3620733,ohlc4-distance-from-open-v1
2026-08-14 12:55:00+05:30,short,short_vwap,rejection,3,61,2026-08-14T12:55:14+05:30,2026-08-14T13:00:12+05:30,b3620733,ohlc4-distance-from-open-v1
2026-08-14 12:55:00+05:30,short,short_vwap,volume,2,150,2026-08-14T12:55:14+05:30,2026-08-14T13:00:12+05:30,b3620733,ohlc4-distance-from-open-v1
2026-08-14 13:00:00+05:30,long,long,open_interest,4,150,2026-08-14T13:00:14+05:30,2026-08-14T13:05:12+05:30,b3620733,ohlc4-distance-from-open-v1
2026-08-14 13:00:00+05:30,long,long,pullback,5,112,2026-08-14T13:00:14+05:30,2026-08-14T13:05:12+05:30,b3620733,ohlc4-distance-from-open-v1
2026-08-14 13:00:00+05:30,long,long,rejection,4,150,2026-08-14T13:00:14+05:30,2026-08-14T13:05:12+05:30,b3620733,ohlc4-distance-from-open-v1
2026-08-14 13:00:00+05:30,long,long,trend,4,150,2026-08-14T13:00:14+05:30,2026-08-14T13:05:12+05:30,b3620733,ohlc4-distance-from-open-v1
2026-08-14 13:00:00+05:30,long,long,volume,4,150,2026-08-14T13:00:14+05:30,2026-08-14T13:05:12+05:30,b3620733,ohlc4-distance-from-open-v1
2026-08-14 13:00:00+05:30,long,long_vwap,open_interest,5,150,2026-08-14T13:00:14+05:30,2026-08-14T13:05:12+05:30,b3620733,ohlc4-distance-from-open-v1
2026-08-14 13:00:00+05:30,long,long_vwap,pullback,5,150,2026-08-14T13:00:14+05:30,2026-08-14T13:05:12+05:30,b3620733,ohlc4-distance-from-open-v1
2026-08-14 13:00:00+05:30,long,long_vwap,rejection,5,150,2026-08-14T13:00:14+05:30,2026-08-14T13:05:12+05:30,b3620733,ohlc4-distance-from-open-v1
2026-08-14 13:00:00+05:30,long,long_vwap,trend,5,150,2026-08-14T13:00:14+05:30,2026-08-14T13:05:12+05:30,b3620733,ohlc4-distance-from-open-v1
2026-08-14 13:00:00+05:30,long,long_vwap,volume,5,150,2026-08-14T13:00:14+05:30,2026-08-14T13:05:12+05:30,b3620733,ohlc4-distance-from-open-v1
2026-08-14 13:00:00+05:30,short,short,open_interest,4,150,2026-08-14T13:00:14+05:30,2026-08-14T13:05:12+05:30,b3620733,ohlc4-distance-from-open-v1
2026-08-14 13:00:00+05:30,short,short,pullback,4,53,2026-08-14T13:00:14+05:30,2026-08-14T13:04:58+05:30,b3620733,ohlc4-distance-from-open-v1
2026-08-14 13:00:00+05:30,short,short,rejection,4,150,2026-08-14T13:00:14+05:30,2026-08-14T13:05:12+05:30,b3620733,ohlc4-distance-from-open-v1
2026-08-14 13:00:00+05:30,short,short,trend,4,142,2026-08-14T13:00:30+05:30,2026-08-14T13:05:12+05:30,b3620733,ohlc4-distance-from-open-v1
2026-08-14 13:00:00+05:30,short,short,volume,4,150,2026-08-14T13:00:14+05:30,2026-08-14T13:05:12+05:30,b3620733,ohlc4-distance-from-open-v1
2026-08-14 13:00:00+05:30,short,short_vwap,open_interest,4,150,2026-08-14T13:00:14+05:30,2026-08-14T13:05:12+05:30,b3620733,ohlc4-distance-from-open-v1
2026-08-14 13:00:00+05:30,short,short_vwap,pullback,4,150,2026-08-14T13:00:14+05:30,2026-08-14T13:05:12+05:30,b3620733,ohlc4-distance-from-open-v1
2026-08-14 13:00:00+05:30,short,short_vwap,rejection,4,90,2026-08-14T13:00:14+05:30,2026-08-14T13:05:12+05:30,b3620733,ohlc4-distance-from-open-v1
2026-08-14 13:00:00+05:30,short,short_vwap,trend,4,142,2026-08-14T13:00:30+05:30,2026-08-14T13:05:12+05:30,b3620733,ohlc4-distance-from-open-v1
2026-08-14 13:00:00+05:30,short,short_vwap,volume,4,150,2026-08-14T13:00:14+05:30,2026-08-14T13:05:12+05:30,b3620733,ohlc4-distance-from-open-v1
2026-08-14 13:05:00+05:30,long,long,pullback,4,120,2026-08-14T13:05:14+05:30,2026-08-14T13:10:12+05:30,b3620733,ohlc4-distance-from-open-v1
2026-08-14 13:05:00+05:30,long,long,rejection,3,150,2026-08-14T13:05:14+05:30,2026-08-14T13:10:12+05:30,b3620733,ohlc4-distance-from-open-v1
2026-08-14 13:05:00+05:30,long,long,trend,3,150,2026-08-14T13:05:14+05:30,2026-08-14T13:10:12+05:30,b3620733,ohlc4-distance-from-open-v1
2026-08-14 13:05:00+05:30,long,long,volume,3,150,2026-08-14T13:05:14+05:30,2026-08-14T13:10:12+05:30,b3620733,ohlc4-distance-from-open-v1
2026-08-14 13:05:00+05:30,long,long_vwap,pullback,4,150,2026-08-14T13:05:14+05:30,2026-08-14T13:10:12+05:30,b3620733,ohlc4-distance-from-open-v1
2026-08-14 13:05:00+05:30,long,long_vwap,rejection,4,150,2026-08-14T13:05:14+05:30,2026-08-14T13:10:12+05:30,b3620733,ohlc4-distance-from-open-v1
2026-08-14 13:05:00+05:30,long,long_vwap,trend,4,150,2026-08-14T13:05:14+05:30,2026-08-14T13:10:12+05:30,b3620733,ohlc4-distance-from-open-v1
2026-08-14 13:05:00+05:30,long,long_vwap,volume,4,150,2026-08-14T13:05:14+05:30,2026-08-14T13:10:12+05:30,b3620733,ohlc4-distance-from-open-v1
2026-08-14 13:05:00+05:30,short,short,pullback,4,75,2026-08-14T13:05:14+05:30,2026-08-14T13:07:42+05:30,b3620733,ohlc4-distance-from-open-v1
2026-08-14 13:05:00+05:30,short,short,rejection,3,126,2026-08-14T13:05:14+05:30,2026-08-14T13:10:12+05:30,b3620733,ohlc4-distance-from-open-v1
2026-08-14 13:05:00+05:30,short,short,trend,2,150,2026-08-14T13:05:14+05:30,2026-08-14T13:10:12+05:30,b3620733,ohlc4-distance-from-open-v1
2026-08-14 13:05:00+05:30,short,short,volume,2,150,2026-08-14T13:05:14+05:30,2026-08-14T13:10:12+05:30,b3620733,ohlc4-distance-from-open-v1
2026-08-14 13:05:00+05:30,short,short_vwap,pullback,3,150,2026-08-14T13:05:14+05:30,2026-08-14T13:10:12+05:30,b3620733,ohlc4-distance-from-open-v1
2026-08-14 13:05:00+05:30,short,short_vwap,rejection,4,126,2026-08-14T13:05:14+05:30,2026-08-14T13:10:12+05:30,b3620733,ohlc4-distance-from-open-v1
2026-08-14 13:05:00+05:30,short,short_vwap,trend,3,150,2026-08-14T13:05:14+05:30,2026-08-14T13:10:12+05:30,b3620733,ohlc4-distance-from-open-v1
2026-08-14 13:05:00+05:30,short,short_vwap,volume,3,150,2026-08-14T13:05:14+05:30,2026-08-14T13:10:12+05:30,b3620733,ohlc4-distance-from-open-v1
2026-08-14 13:10:00+05:30,long,long,pullback,4,15,2026-08-14T13:10:14+05:30,2026-08-14T13:10:42+05:30,b3620733,ohlc4-distance-from-open-v1
2026-08-14 13:10:00+05:30,long,long,rejection,4,15,2026-08-14T13:10:14+05:30,2026-08-14T13:10:42+05:30,b3620733,ohlc4-distance-from-open-v1
2026-08-14 13:10:00+05:30,long,long,trend,2,150,2026-08-14T13:10:14+05:30,2026-08-14T13:15:12+05:30,b3620733,ohlc4-distance-from-open-v1
2026-08-14 13:10:00+05:30,long,long,volume,2,150,2026-08-14T13:10:14+05:30,2026-08-14T13:15:12+05:30,b3620733,ohlc4-distance-from-open-v1
2026-08-14 13:10:00+05:30,long,long_vwap,pullback,4,150,2026-08-14T13:10:14+05:30,2026-08-14T13:15:12+05:30,b3620733,ohlc4-distance-from-open-v1
2026-08-14 13:10:00+05:30,long,long_vwap,rejection,4,150,2026-08-14T13:10:14+05:30,2026-08-14T13:15:12+05:30,b3620733,ohlc4-distance-from-open-v1
2026-08-14 13:10:00+05:30,long,long_vwap,trend,4,150,2026-08-14T13:10:14+05:30,2026-08-14T13:15:12+05:30,b3620733,ohlc4-distance-from-open-v1
2026-08-14 13:10:00+05:30,long,long_vwap,volume,4,150,2026-08-14T13:10:14+05:30,2026-08-14T13:15:12+05:30,b3620733,ohlc4-distance-from-open-v1
2026-08-14 13:10:00+05:30,short,short,pullback,4,150,2026-08-14T13:10:14+05:30,2026-08-14T13:15:12+05:30,b3620733,ohlc4-distance-from-open-v1
2026-08-14 13:10:00+05:30,short,short,rejection,4,150,2026-08-14T13:10:14+05:30,2026-08-14T13:15:12+05:30,b3620733,ohlc4-distance-from-open-v1
2026-08-14 13:10:00+05:30,short,short,trend,4,150,2026-08-14T13:10:14+05:30,2026-08-14T13:15:12+05:30,b3620733,ohlc4-distance-from-open-v1
2026-08-14 13:10:00+05:30,short,short,volume,4,150,2026-08-14T13:10:14+05:30,2026-08-14T13:15:12+05:30,b3620733,ohlc4-distance-from-open-v1
2026-08-14 13:10:00+05:30,short,short_vwap,pullback,3,150,2026-08-14T13:10:14+05:30,2026-08-14T13:15:12+05:30,b3620733,ohlc4-distance-from-open-v1
2026-08-14 13:10:00+05:30,short,short_vwap,rejection,4,143,2026-08-14T13:10:14+05:30,2026-08-14T13:15:12+05:30,b3620733,ohlc4-distance-from-open-v1
2026-08-14 13:10:00+05:30,short,short_vwap,trend,3,150,2026-08-14T13:10:14+05:30,2026-08-14T13:15:12+05:30,b3620733,ohlc4-distance-from-open-v1
2026-08-14 13:10:00+05:30,short,short_vwap,volume,3,150,2026-08-14T13:10:14+05:30,2026-08-14T13:15:12+05:30,b3620733,ohlc4-distance-from-open-v1
2026-08-14 13:15:00+05:30,long,long,pullback,4,45,2026-08-14T13:15:14+05:30,2026-08-14T13:16:42+05:30,b3620733,ohlc4-distance-from-open-v1
2026-08-14 13:15:00+05:30,long,long,rejection,3,104,2026-08-14T13:15:14+05:30,2026-08-14T13:20:12+05:30,b3620733,ohlc4-distance-from-open-v1
2026-08-14 13:15:00+05:30,long,long,trend,2,150,2026-08-14T13:15:14+05:30,2026-08-14T13:20:12+05:30,b3620733,ohlc4-distance-from-open-v1
2026-08-14 13:15:00+05:30,long,long,volume,2,150,2026-08-14T13:15:14+05:30,2026-08-14T13:20:12+05:30,b3620733,ohlc4-distance-from-open-v1
2026-08-14 13:15:00+05:30,long,long_vwap,pullback,4,150,2026-08-14T13:15:14+05:30,2026-08-14T13:20:12+05:30,b3620733,ohlc4-distance-from-open-v1
2026-08-14 13:15:00+05:30,long,long_vwap,rejection,4,150,2026-08-14T13:15:14+05:30,2026-08-14T13:20:12+05:30,b3620733,ohlc4-distance-from-open-v1
2026-08-14 13:15:00+05:30,long,long_vwap,trend,4,150,2026-08-14T13:15:14+05:30,2026-08-14T13:20:12+05:30,b3620733,ohlc4-distance-from-open-v1
2026-08-14 13:15:00+05:30,long,long_vwap,volume,4,150,2026-08-14T13:15:14+05:30,2026-08-14T13:20:12+05:30,b3620733,ohlc4-distance-from-open-v1
2026-08-14 13:15:00+05:30,short,short,pullback,4,143,2026-08-14T13:15:14+05:30,2026-08-14T13:20:12+05:30,b3620733,ohlc4-distance-from-open-v1
2026-08-14 13:15:00+05:30,short,short,rejection,4,143,2026-08-14T13:15:14+05:30,2026-08-14T13:20:12+05:30,b3620733,ohlc4-distance-from-open-v1
2026-08-14 13:15:00+05:30,short,short,trend,2,150,2026-08-14T13:15:14+05:30,2026-08-14T13:20:12+05:30,b3620733,ohlc4-distance-from-open-v1
2026-08-14 13:15:00+05:30,short,short,volume,2,150,2026-08-14T13:15:14+05:30,2026-08-14T13:20:12+05:30,b3620733,ohlc4-distance-from-open-v1
2026-08-14 13:15:00+05:30,short,short_vwap,pullback,3,150,2026-08-14T13:15:14+05:30,2026-08-14T13:20:12+05:30,b3620733,ohlc4-distance-from-open-v1
2026-08-14 13:15:00+05:30,short,short_vwap,rejection,4,83,2026-08-14T13:15:14+05:30,2026-08-14T13:20:12+05:30,b3620733,ohlc4-distance-from-open-v1
2026-08-14 13:15:00+05:30,short,short_vwap,trend,3,150,2026-08-14T13:15:14+05:30,2026-08-14T13:20:12+05:30,b3620733,ohlc4-distance-from-open-v1
2026-08-14 13:15:00+05:30,short,short_vwap,volume,3,150,2026-08-14T13:15:14+05:30,2026-08-14T13:20:12+05:30,b3620733,ohlc4-distance-from-open-v1
2026-08-14 13:20:00+05:30,long,long,open_interest,3,150,2026-08-14T13:20:14+05:30,2026-08-14T13:25:12+05:30,b3620733,ohlc4-distance-from-open-v1
2026-08-14 13:20:00+05:30,long,long,pullback,4,112,2026-08-14T13:20:14+05:30,2026-08-14T13:24:42+05:30,b3620733,ohlc4-distance-from-open-v1
2026-08-14 13:20:00+05:30,long,long,rejection,4,127,2026-08-14T13:20:14+05:30,2026-08-14T13:25:12+05:30,b3620733,ohlc4-distance-from-open-v1
2026-08-14 13:20:00+05:30,long,long,trend,3,150,2026-08-14T13:20:14+05:30,2026-08-14T13:25:12+05:30,b3620733,ohlc4-distance-from-open-v1
2026-08-14 13:20:00+05:30,long,long,volume,3,150,2026-08-14T13:20:14+05:30,2026-08-14T13:25:12+05:30,b3620733,ohlc4-distance-from-open-v1
2026-08-14 13:20:00+05:30,long,long_vwap,open_interest,5,150,2026-08-14T13:20:14+05:30,2026-08-14T13:25:12+05:30,b3620733,ohlc4-distance-from-open-v1
2026-08-14 13:20:00+05:30,long,long_vwap,pullback,5,150,2026-08-14T13:20:14+05:30,2026-08-14T13:25:12+05:30,b3620733,ohlc4-distance-from-open-v1
2026-08-14 13:20:00+05:30,long,long_vwap,rejection,5,150,2026-08-14T13:20:14+05:30,2026-08-14T13:25:12+05:30,b3620733,ohlc4-distance-from-open-v1
2026-08-14 13:20:00+05:30,long,long_vwap,trend,5,150,2026-08-14T13:20:14+05:30,2026-08-14T13:25:12+05:30,b3620733,ohlc4-distance-from-open-v1
2026-08-14 13:20:00+05:30,long,long_vwap,volume,5,150,2026-08-14T13:20:14+05:30,2026-08-14T13:25:12+05:30,b3620733,ohlc4-distance-from-open-v1
2026-08-14 13:20:00+05:30,short,short,open_interest,3,150,2026-08-14T13:20:14+05:30,2026-08-14T13:25:12+05:30,b3620733,ohlc4-distance-from-open-v1
2026-08-14 13:20:00+05:30,short,short,pullback,5,136,2026-08-14T13:20:14+05:30,2026-08-14T13:25:12+05:30,b3620733,ohlc4-distance-from-open-v1
2026-08-14 13:20:00+05:30,short,short,rejection,5,136,2026-08-14T13:20:14+05:30,2026-08-14T13:25:12+05:30,b3620733,ohlc4-distance-from-open-v1
2026-08-14 13:20:00+05:30,short,short,trend,3,150,2026-08-14T13:20:14+05:30,2026-08-14T13:25:12+05:30,b3620733,ohlc4-distance-from-open-v1
2026-08-14 13:20:00+05:30,short,short,volume,3,150,2026-08-14T13:20:14+05:30,2026-08-14T13:25:12+05:30,b3620733,ohlc4-distance-from-open-v1
2026-08-14 13:20:00+05:30,short,short_vwap,open_interest,4,150,2026-08-14T13:20:14+05:30,2026-08-14T13:25:12+05:30,b3620733,ohlc4-distance-from-open-v1
2026-08-14 13:20:00+05:30,short,short_vwap,pullback,4,150,2026-08-14T13:20:14+05:30,2026-08-14T13:25:12+05:30,b3620733,ohlc4-distance-from-open-v1
2026-08-14 13:20:00+05:30,short,short_vwap,rejection,5,83,2026-08-14T13:20:14+05:30,2026-08-14T13:24:58+05:30,b3620733,ohlc4-distance-from-open-v1
2026-08-14 13:20:00+05:30,short,short_vwap,trend,4,150,2026-08-14T13:20:14+05:30,2026-08-14T13:25:12+05:30,b3620733,ohlc4-distance-from-open-v1
2026-08-14 13:20:00+05:30,short,short_vwap,volume,4,150,2026-08-14T13:20:14+05:30,2026-08-14T13:25:12+05:30,b3620733,ohlc4-distance-from-open-v1
2026-08-14 13:25:00+05:30,long,long,open_interest,5,30,2026-08-14T13:29:14+05:30,2026-08-14T13:30:12+05:30,b3620733,ohlc4-distance-from-open-v1
2026-08-14 13:25:00+05:30,long,long,pullback,4,136,2026-08-14T13:25:14+05:30,2026-08-14T13:30:12+05:30,b3620733,ohlc4-distance-from-open-v1
2026-08-14 13:25:00+05:30,long,long,rejection,3,143,2026-08-14T13:25:14+05:30,2026-08-14T13:30:12+05:30,b3620733,ohlc4-distance-from-open-v1
2026-08-14 13:25:00+05:30,long,long,trend,2,150,2026-08-14T13:25:14+05:30,2026-08-14T13:30:12+05:30,b3620733,ohlc4-distance-from-open-v1
2026-08-14 13:25:00+05:30,long,long,volume,2,150,2026-08-14T13:25:14+05:30,2026-08-14T13:30:12+05:30,b3620733,ohlc4-distance-from-open-v1
2026-08-14 13:25:00+05:30,long,long_vwap,open_interest,5,30,2026-08-14T13:29:14+05:30,2026-08-14T13:30:12+05:30,b3620733,ohlc4-distance-from-open-v1
2026-08-14 13:25:00+05:30,long,long_vwap,pullback,4,150,2026-08-14T13:25:14+05:30,2026-08-14T13:30:12+05:30,b3620733,ohlc4-distance-from-open-v1
2026-08-14 13:25:00+05:30,long,long_vwap,rejection,4,150,2026-08-14T13:25:14+05:30,2026-08-14T13:30:12+05:30,b3620733,ohlc4-distance-from-open-v1
2026-08-14 13:25:00+05:30,long,long_vwap,trend,4,150,2026-08-14T13:25:14+05:30,2026-08-14T13:30:12+05:30,b3620733,ohlc4-distance-from-open-v1
2026-08-14 13:25:00+05:30,long,long_vwap,volume,4,150,2026-08-14T13:25:14+05:30,2026-08-14T13:30:12+05:30,b3620733,ohlc4-distance-from-open-v1
2026-08-14 13:25:00+05:30,short,short,open_interest,2,30,2026-08-14T13:29:14+05:30,2026-08-14T13:30:12+05:30,b3620733,ohlc4-distance-from-open-v1
2026-08-14 13:25:00+05:30,short,short,pullback,3,22,2026-08-14T13:25:14+05:30,2026-08-14T13:26:12+05:30,b3620733,ohlc4-distance-from-open-v1
2026-08-14 13:25:00+05:30,short,short,rejection,3,22,2026-08-14T13:25:14+05:30,2026-08-14T13:26:12+05:30,b3620733,ohlc4-distance-from-open-v1
2026-08-14 13:25:00+05:30,short,short,trend,4,15,2026-08-14T13:25:14+05:30,2026-08-14T13:25:42+05:30,b3620733,ohlc4-distance-from-open-v1
2026-08-14 13:25:00+05:30,short,short,volume,1,150,2026-08-14T13:25:14+05:30,2026-08-14T13:30:12+05:30,b3620733,ohlc4-distance-from-open-v1
2026-08-14 13:25:00+05:30,short,short_vwap,open_interest,4,30,2026-08-14T13:29:14+05:30,2026-08-14T13:30:12+05:30,b3620733,ohlc4-distance-from-open-v1
2026-08-14 13:25:00+05:30,short,short_vwap,pullback,2,150,2026-08-14T13:25:14+05:30,2026-08-14T13:30:12+05:30,b3620733,ohlc4-distance-from-open-v1
2026-08-14 13:25:00+05:30,short,short_vwap,rejection,3,75,2026-08-14T13:25:14+05:30,2026-08-14T13:30:12+05:30,b3620733,ohlc4-distance-from-open-v1
2026-08-14 13:25:00+05:30,short,short_vwap,trend,4,15,2026-08-14T13:25:14+05:30,2026-08-14T13:25:42+05:30,b3620733,ohlc4-distance-from-open-v1
2026-08-14 13:25:00+05:30,short,short_vwap,volume,2,150,2026-08-14T13:25:14+05:30,2026-08-14T13:30:12+05:30,b3620733,ohlc4-distance-from-open-v1
2026-08-14 13:30:00+05:30,long,long,pullback,3,150,2026-08-14T13:30:14+05:30,2026-08-14T13:35:12+05:30,b3620733,ohlc4-distance-from-open-v1
2026-08-14 13:30:00+05:30,long,long,rejection,3,150,2026-08-14T13:30:14+05:30,2026-08-14T13:35:12+05:30,b3620733,ohlc4-distance-from-open-v1
2026-08-14 13:30:00+05:30,long,long,trend,3,150,2026-08-14T13:30:14+05:30,2026-08-14T13:35:12+05:30,b3620733,ohlc4-distance-from-open-v1
2026-08-14 13:30:00+05:30,long,long,volume,4,69,2026-08-14T13:30:14+05:30,2026-08-14T13:32:42+05:30,b3620733,ohlc4-distance-from-open-v1
2026-08-14 13:30:00+05:30,long,long_vwap,pullback,3,150,2026-08-14T13:30:14+05:30,2026-08-14T13:35:12+05:30,b3620733,ohlc4-distance-from-open-v1
2026-08-14 13:30:00+05:30,long,long_vwap,rejection,3,150,2026-08-14T13:30:14+05:30,2026-08-14T13:35:12+05:30,b3620733,ohlc4-distance-from-open-v1
2026-08-14 13:30:00+05:30,long,long_vwap,trend,3,150,2026-08-14T13:30:14+05:30,2026-08-14T13:35:12+05:30,b3620733,ohlc4-distance-from-open-v1
2026-08-14 13:30:00+05:30,long,long_vwap,volume,4,69,2026-08-14T13:30:14+05:30,2026-08-14T13:32:42+05:30,b3620733,ohlc4-distance-from-open-v1
2026-08-14 13:30:00+05:30,short,short,pullback,3,23,2026-08-14T13:30:14+05:30,2026-08-14T13:31:58+05:30,b3620733,ohlc4-distance-from-open-v1
2026-08-14 13:30:00+05:30,short,short,rejection,1,150,2026-08-14T13:30:14+05:30,2026-08-14T13:35:12+05:30,b3620733,ohlc4-distance-from-open-v1
2026-08-14 13:30:00+05:30,short,short,volume,2,69,2026-08-14T13:30:14+05:30,2026-08-14T13:32:42+05:30,b3620733,ohlc4-distance-from-open-v1
2026-08-14 13:30:00+05:30,short,short_vwap,pullback,1,150,2026-08-14T13:30:14+05:30,2026-08-14T13:35:12+05:30,b3620733,ohlc4-distance-from-open-v1
2026-08-14 13:30:00+05:30,short,short_vwap,rejection,3,23,2026-08-14T13:30:14+05:30,2026-08-14T13:31:58+05:30,b3620733,ohlc4-distance-from-open-v1
2026-08-14 13:30:00+05:30,short,short_vwap,volume,2,69,2026-08-14T13:30:14+05:30,2026-08-14T13:32:42+05:30,b3620733,ohlc4-distance-from-open-v1
2026-08-14 13:35:00+05:30,long,long,open_interest,4,30,2026-08-14T13:39:14+05:30,2026-08-14T13:40:12+05:30,b3620733,ohlc4-distance-from-open-v1
2026-08-14 13:35:00+05:30,long,long,pullback,3,150,2026-08-14T13:35:14+05:30,2026-08-14T13:40:12+05:30,b3620733,ohlc4-distance-from-open-v1
2026-08-14 13:35:00+05:30,long,long,rejection,3,150,2026-08-14T13:35:14+05:30,2026-08-14T13:40:12+05:30,b3620733,ohlc4-distance-from-open-v1
2026-08-14 13:35:00+05:30,long,long,trend,3,150,2026-08-14T13:35:14+05:30,2026-08-14T13:40:12+05:30,b3620733,ohlc4-distance-from-open-v1
2026-08-14 13:35:00+05:30,long,long,volume,4,15,2026-08-14T13:35:14+05:30,2026-08-14T13:35:42+05:30,b3620733,ohlc4-distance-from-open-v1
2026-08-14 13:35:00+05:30,long,long_vwap,open_interest,4,30,2026-08-14T13:39:14+05:30,2026-08-14T13:40:12+05:30,b3620733,ohlc4-distance-from-open-v1
2026-08-14 13:35:00+05:30,long,long_vwap,pullback,3,150,2026-08-14T13:35:14+05:30,2026-08-14T13:40:12+05:30,b3620733,ohlc4-distance-from-open-v1
2026-08-14 13:35:00+05:30,long,long_vwap,rejection,3,150,2026-08-14T13:35:14+05:30,2026-08-14T13:40:12+05:30,b3620733,ohlc4-distance-from-open-v1
2026-08-14 13:35:00+05:30,long,long_vwap,trend,3,150,2026-08-14T13:35:14+05:30,2026-08-14T13:40:12+05:30,b3620733,ohlc4-distance-from-open-v1
2026-08-14 13:35:00+05:30,long,long_vwap,volume,4,15,2026-08-14T13:35:14+05:30,2026-08-14T13:35:42+05:30,b3620733,ohlc4-distance-from-open-v1
2026-08-14 13:35:00+05:30,short,short,level,3,8,2026-08-14T13:36:44+05:30,2026-08-14T13:36:58+05:30,b3620733,ohlc4-distance-from-open-v1
2026-08-14 13:35:00+05:30,short,short,open_interest,3,30,2026-08-14T13:39:14+05:30,2026-08-14T13:40:12+05:30,b3620733,ohlc4-distance-from-open-v1
2026-08-14 13:35:00+05:30,short,short,pullback,2,150,2026-08-14T13:35:14+05:30,2026-08-14T13:40:12+05:30,b3620733,ohlc4-distance-from-open-v1
2026-08-14 13:35:00+05:30,short,short,rejection,2,150,2026-08-14T13:35:14+05:30,2026-08-14T13:40:12+05:30,b3620733,ohlc4-distance-from-open-v1
2026-08-14 13:35:00+05:30,short,short,volume,3,15,2026-08-14T13:35:14+05:30,2026-08-14T13:35:42+05:30,b3620733,ohlc4-distance-from-open-v1
2026-08-14 13:35:00+05:30,short,short_vwap,level,2,8,2026-08-14T13:36:44+05:30,2026-08-14T13:36:58+05:30,b3620733,ohlc4-distance-from-open-v1
2026-08-14 13:35:00+05:30,short,short_vwap,open_interest,3,30,2026-08-14T13:39:14+05:30,2026-08-14T13:40:12+05:30,b3620733,ohlc4-distance-from-open-v1
2026-08-14 13:35:00+05:30,short,short_vwap,pullback,1,150,2026-08-14T13:35:14+05:30,2026-08-14T13:40:12+05:30,b3620733,ohlc4-distance-from-open-v1
2026-08-14 13:35:00+05:30,short,short_vwap,rejection,2,60,2026-08-14T13:35:14+05:30,2026-08-14T13:40:12+05:30,b3620733,ohlc4-distance-from-open-v1
2026-08-14 13:35:00+05:30,short,short_vwap,volume,3,15,2026-08-14T13:35:14+05:30,2026-08-14T13:35:42+05:30,b3620733,ohlc4-distance-from-open-v1
2026-08-14 13:40:00+05:30,long,long,pullback,4,97,2026-08-14T13:40:14+05:30,2026-08-14T13:43:42+05:30,b3620733,ohlc4-distance-from-open-v1
2026-08-14 13:40:00+05:30,long,long,rejection,4,97,2026-08-14T13:40:14+05:30,2026-08-14T13:43:42+05:30,b3620733,ohlc4-distance-from-open-v1
2026-08-14 13:40:00+05:30,long,long,trend,2,150,2026-08-14T13:40:14+05:30,2026-08-14T13:45:12+05:30,b3620733,ohlc4-distance-from-open-v1
2026-08-14 13:40:00+05:30,long,long,volume,2,150,2026-08-14T13:40:14+05:30,2026-08-14T13:45:12+05:30,b3620733,ohlc4-distance-from-open-v1
2026-08-14 13:40:00+05:30,long,long_vwap,pullback,4,150,2026-08-14T13:40:14+05:30,2026-08-14T13:45:12+05:30,b3620733,ohlc4-distance-from-open-v1
2026-08-14 13:40:00+05:30,long,long_vwap,rejection,4,150,2026-08-14T13:40:14+05:30,2026-08-14T13:45:12+05:30,b3620733,ohlc4-distance-from-open-v1
2026-08-14 13:40:00+05:30,long,long_vwap,trend,4,150,2026-08-14T13:40:14+05:30,2026-08-14T13:45:12+05:30,b3620733,ohlc4-distance-from-open-v1
2026-08-14 13:40:00+05:30,long,long_vwap,volume,4,150,2026-08-14T13:40:14+05:30,2026-08-14T13:45:12+05:30,b3620733,ohlc4-distance-from-open-v1
2026-08-14 13:40:00+05:30,short,short,pullback,3,113,2026-08-14T13:40:14+05:30,2026-08-14T13:45:12+05:30,b3620733,ohlc4-distance-from-open-v1
2026-08-14 13:40:00+05:30,short,short,rejection,2,135,2026-08-14T13:40:14+05:30,2026-08-14T13:45:12+05:30,b3620733,ohlc4-distance-from-open-v1
2026-08-14 13:40:00+05:30,short,short,volume,1,150,2026-08-14T13:40:14+05:30,2026-08-14T13:45:12+05:30,b3620733,ohlc4-distance-from-open-v1
2026-08-14 13:40:00+05:30,short,short_vwap,pullback,2,150,2026-08-14T13:40:14+05:30,2026-08-14T13:45:12+05:30,b3620733,ohlc4-distance-from-open-v1
2026-08-14 13:40:00+05:30,short,short_vwap,rejection,3,135,2026-08-14T13:40:14+05:30,2026-08-14T13:45:12+05:30,b3620733,ohlc4-distance-from-open-v1
2026-08-14 13:40:00+05:30,short,short_vwap,volume,2,150,2026-08-14T13:40:14+05:30,2026-08-14T13:45:12+05:30,b3620733,ohlc4-distance-from-open-v1
2026-08-14 13:45:00+05:30,long,long,level,3,7,2026-08-14T13:47:30+05:30,2026-08-14T13:47:42+05:30,b3620733,ohlc4-distance-from-open-v1
2026-08-14 13:45:00+05:30,long,long,open_interest,2,150,2026-08-14T13:45:14+05:30,2026-08-14T13:50:12+05:30,b3620733,ohlc4-distance-from-open-v1
2026-08-14 13:45:00+05:30,long,long,pullback,4,15,2026-08-14T13:45:14+05:30,2026-08-14T13:45:42+05:30,b3620733,ohlc4-distance-from-open-v1
2026-08-14 13:45:00+05:30,long,long,rejection,2,150,2026-08-14T13:45:14+05:30,2026-08-14T13:50:12+05:30,b3620733,ohlc4-distance-from-open-v1
2026-08-14 13:45:00+05:30,long,long,trend,3,90,2026-08-14T13:45:14+05:30,2026-08-14T13:50:12+05:30,b3620733,ohlc4-distance-from-open-v1
2026-08-14 13:45:00+05:30,long,long,volume,5,8,2026-08-14T13:45:14+05:30,2026-08-14T13:45:28+05:30,b3620733,ohlc4-distance-from-open-v1
2026-08-14 13:45:00+05:30,long,long_vwap,level,2,7,2026-08-14T13:47:30+05:30,2026-08-14T13:47:42+05:30,b3620733,ohlc4-distance-from-open-v1
2026-08-14 13:45:00+05:30,long,long_vwap,open_interest,1,150,2026-08-14T13:45:14+05:30,2026-08-14T13:50:12+05:30,b3620733,ohlc4-distance-from-open-v1
2026-08-14 13:45:00+05:30,long,long_vwap,pullback,4,15,2026-08-14T13:45:14+05:30,2026-08-14T13:45:42+05:30,b3620733,ohlc4-distance-from-open-v1
2026-08-14 13:45:00+05:30,long,long_vwap,rejection,4,15,2026-08-14T13:45:14+05:30,2026-08-14T13:45:42+05:30,b3620733,ohlc4-distance-from-open-v1
2026-08-14 13:45:00+05:30,long,long_vwap,trend,2,90,2026-08-14T13:45:14+05:30,2026-08-14T13:50:12+05:30,b3620733,ohlc4-distance-from-open-v1
2026-08-14 13:45:00+05:30,long,long_vwap,volume,5,8,2026-08-14T13:45:14+05:30,2026-08-14T13:45:28+05:30,b3620733,ohlc4-distance-from-open-v1
2026-08-14 13:45:00+05:30,short,short,open_interest,3,150,2026-08-14T13:45:14+05:30,2026-08-14T13:50:12+05:30,b3620733,ohlc4-distance-from-open-v1
2026-08-14 13:45:00+05:30,short,short,pullback,3,150,2026-08-14T13:45:14+05:30,2026-08-14T13:50:12+05:30,b3620733,ohlc4-distance-from-open-v1
2026-08-14 13:45:00+05:30,short,short,rejection,3,150,2026-08-14T13:45:14+05:30,2026-08-14T13:50:12+05:30,b3620733,ohlc4-distance-from-open-v1
2026-08-14 13:45:00+05:30,short,short,trend,4,135,2026-08-14T13:45:44+05:30,2026-08-14T13:50:12+05:30,b3620733,ohlc4-distance-from-open-v1
2026-08-14 13:45:00+05:30,short,short,volume,4,8,2026-08-14T13:45:14+05:30,2026-08-14T13:45:28+05:30,b3620733,ohlc4-distance-from-open-v1
2026-08-14 13:45:00+05:30,short,short_vwap,open_interest,3,150,2026-08-14T13:45:14+05:30,2026-08-14T13:50:12+05:30,b3620733,ohlc4-distance-from-open-v1
2026-08-14 13:45:00+05:30,short,short_vwap,pullback,3,150,2026-08-14T13:45:14+05:30,2026-08-14T13:50:12+05:30,b3620733,ohlc4-distance-from-open-v1
2026-08-14 13:45:00+05:30,short,short_vwap,rejection,3,150,2026-08-14T13:45:14+05:30,2026-08-14T13:50:12+05:30,b3620733,ohlc4-distance-from-open-v1
2026-08-14 13:45:00+05:30,short,short_vwap,trend,4,135,2026-08-14T13:45:44+05:30,2026-08-14T13:50:12+05:30,b3620733,ohlc4-distance-from-open-v1
2026-08-14 13:45:00+05:30,short,short_vwap,volume,4,8,2026-08-14T13:45:14+05:30,2026-08-14T13:45:28+05:30,b3620733,ohlc4-distance-from-open-v1
2026-08-14 13:50:00+05:30,long,long,pullback,1,150,2026-08-14T13:50:14+05:30,2026-08-14T13:55:12+05:30,b3620733,ohlc4-distance-from-open-v1
2026-08-14 13:50:00+05:30,long,long,rejection,3,97,2026-08-14T13:50:14+05:30,2026-08-14T13:54:42+05:30,b3620733,ohlc4-distance-from-open-v1
2026-08-14 13:50:00+05:30,long,long,trend,2,105,2026-08-14T13:51:44+05:30,2026-08-14T13:55:12+05:30,b3620733,ohlc4-distance-from-open-v1
2026-08-14 13:50:00+05:30,long,long,volume,2,23,2026-08-14T13:50:14+05:30,2026-08-14T13:50:58+05:30,b3620733,ohlc4-distance-from-open-v1
2026-08-14 13:50:00+05:30,long,long_vwap,pullback,1,45,2026-08-14T13:50:14+05:30,2026-08-14T13:51:42+05:30,b3620733,ohlc4-distance-from-open-v1
2026-08-14 13:50:00+05:30,long,long_vwap,rejection,2,97,2026-08-14T13:50:14+05:30,2026-08-14T13:54:42+05:30,b3620733,ohlc4-distance-from-open-v1
2026-08-14 13:50:00+05:30,long,long_vwap,trend,1,105,2026-08-14T13:51:44+05:30,2026-08-14T13:55:12+05:30,b3620733,ohlc4-distance-from-open-v1
2026-08-14 13:50:00+05:30,long,long_vwap,volume,2,23,2026-08-14T13:50:14+05:30,2026-08-14T13:50:58+05:30,b3620733,ohlc4-distance-from-open-v1
2026-08-14 13:50:00+05:30,short,short,pullback,3,150,2026-08-14T13:50:14+05:30,2026-08-14T13:55:12+05:30,b3620733,ohlc4-distance-from-open-v1
2026-08-14 13:50:00+05:30,short,short,rejection,3,150,2026-08-14T13:50:14+05:30,2026-08-14T13:55:12+05:30,b3620733,ohlc4-distance-from-open-v1
2026-08-14 13:50:00+05:30,short,short,trend,3,150,2026-08-14T13:50:14+05:30,2026-08-14T13:55:12+05:30,b3620733,ohlc4-distance-from-open-v1
2026-08-14 13:50:00+05:30,short,short,volume,4,23,2026-08-14T13:50:14+05:30,2026-08-14T13:50:58+05:30,b3620733,ohlc4-distance-from-open-v1
2026-08-14 13:50:00+05:30,short,short_vwap,pullback,3,150,2026-08-14T13:50:14+05:30,2026-08-14T13:55:12+05:30,b3620733,ohlc4-distance-from-open-v1
2026-08-14 13:50:00+05:30,short,short_vwap,rejection,3,150,2026-08-14T13:50:14+05:30,2026-08-14T13:55:12+05:30,b3620733,ohlc4-distance-from-open-v1
2026-08-14 13:50:00+05:30,short,short_vwap,trend,3,150,2026-08-14T13:50:14+05:30,2026-08-14T13:55:12+05:30,b3620733,ohlc4-distance-from-open-v1
2026-08-14 13:50:00+05:30,short,short_vwap,volume,4,23,2026-08-14T13:50:14+05:30,2026-08-14T13:50:58+05:30,b3620733,ohlc4-distance-from-open-v1
2026-08-14 13:55:00+05:30,long,long,level,2,45,2026-08-14T13:58:14+05:30,2026-08-14T13:59:42+05:30,b3620733,ohlc4-distance-from-open-v1
2026-08-14 13:55:00+05:30,long,long,open_interest,2,30,2026-08-14T13:59:14+05:30,2026-08-14T14:00:12+05:30,b3620733,ohlc4-distance-from-open-v1
2026-08-14 13:55:00+05:30,long,long,pullback,1,150,2026-08-14T13:55:14+05:30,2026-08-14T14:00:12+05:30,b3620733,ohlc4-distance-from-open-v1
2026-08-14 13:55:00+05:30,long,long,rejection,2,75,2026-08-14T13:55:14+05:30,2026-08-14T13:57:42+05:30,b3620733,ohlc4-distance-from-open-v1
2026-08-14 13:55:00+05:30,long,long,volume,3,15,2026-08-14T13:55:14+05:30,2026-08-14T13:55:42+05:30,b3620733,ohlc4-distance-from-open-v1
2026-08-14 13:55:00+05:30,long,long_vwap,level,2,45,2026-08-14T13:58:14+05:30,2026-08-14T13:59:42+05:30,b3620733,ohlc4-distance-from-open-v1
2026-08-14 13:55:00+05:30,long,long_vwap,open_interest,2,30,2026-08-14T13:59:14+05:30,2026-08-14T14:00:12+05:30,b3620733,ohlc4-distance-from-open-v1
2026-08-14 13:55:00+05:30,long,long_vwap,pullback,1,150,2026-08-14T13:55:14+05:30,2026-08-14T14:00:12+05:30,b3620733,ohlc4-distance-from-open-v1
2026-08-14 13:55:00+05:30,long,long_vwap,rejection,2,45,2026-08-14T13:55:14+05:30,2026-08-14T13:57:42+05:30,b3620733,ohlc4-distance-from-open-v1
2026-08-14 13:55:00+05:30,long,long_vwap,volume,3,15,2026-08-14T13:55:14+05:30,2026-08-14T13:55:42+05:30,b3620733,ohlc4-distance-from-open-v1
2026-08-14 13:55:00+05:30,short,short,open_interest,4,30,2026-08-14T13:59:14+05:30,2026-08-14T14:00:12+05:30,b3620733,ohlc4-distance-from-open-v1
2026-08-14 13:55:00+05:30,short,short,pullback,3,150,2026-08-14T13:55:14+05:30,2026-08-14T14:00:12+05:30,b3620733,ohlc4-distance-from-open-v1
2026-08-14 13:55:00+05:30,short,short,rejection,3,150,2026-08-14T13:55:14+05:30,2026-08-14T14:00:12+05:30,b3620733,ohlc4-distance-from-open-v1
2026-08-14 13:55:00+05:30,short,short,trend,3,150,2026-08-14T13:55:14+05:30,2026-08-14T14:00:12+05:30,b3620733,ohlc4-distance-from-open-v1
2026-08-14 13:55:00+05:30,short,short,volume,4,15,2026-08-14T13:55:14+05:30,2026-08-14T13:55:42+05:30,b3620733,ohlc4-distance-from-open-v1
2026-08-14 13:55:00+05:30,short,short_vwap,open_interest,4,30,2026-08-14T13:59:14+05:30,2026-08-14T14:00:12+05:30,b3620733,ohlc4-distance-from-open-v1
2026-08-14 13:55:00+05:30,short,short_vwap,pullback,3,150,2026-08-14T13:55:14+05:30,2026-08-14T14:00:12+05:30,b3620733,ohlc4-distance-from-open-v1
2026-08-14 13:55:00+05:30,short,short_vwap,rejection,3,150,2026-08-14T13:55:14+05:30,2026-08-14T14:00:12+05:30,b3620733,ohlc4-distance-from-open-v1
2026-08-14 13:55:00+05:30,short,short_vwap,trend,3,150,2026-08-14T13:55:14+05:30,2026-08-14T14:00:12+05:30,b3620733,ohlc4-distance-from-open-v1
2026-08-14 13:55:00+05:30,short,short_vwap,volume,4,15,2026-08-14T13:55:14+05:30,2026-08-14T13:55:42+05:30,b3620733,ohlc4-distance-from-open-v1
2026-08-14 14:00:00+05:30,long,long,pullback,1,150,2026-08-14T14:00:14+05:30,2026-08-14T14:05:12+05:30,b3620733,ohlc4-distance-from-open-v1
2026-08-14 14:00:00+05:30,long,long,rejection,2,15,2026-08-14T14:00:14+05:30,2026-08-14T14:00:42+05:30,b3620733,ohlc4-distance-from-open-v1
2026-08-14 14:00:00+05:30,long,long,trend,2,15,2026-08-14T14:04:44+05:30,2026-08-14T14:05:12+05:30,b3620733,ohlc4-distance-from-open-v1
2026-08-14 14:00:00+05:30,long,long,volume,3,8,2026-08-14T14:00:14+05:30,2026-08-14T14:00:28+05:30,b3620733,ohlc4-distance-from-open-v1
2026-08-14 14:00:00+05:30,long,long_vwap,pullback,1,150,2026-08-14T14:00:14+05:30,2026-08-14T14:05:12+05:30,b3620733,ohlc4-distance-from-open-v1
2026-08-14 14:00:00+05:30,long,long_vwap,rejection,2,23,2026-08-14T14:00:14+05:30,2026-08-14T14:04:58+05:30,b3620733,ohlc4-distance-from-open-v1
2026-08-14 14:00:00+05:30,long,long_vwap,trend,2,15,2026-08-14T14:04:44+05:30,2026-08-14T14:05:12+05:30,b3620733,ohlc4-distance-from-open-v1
2026-08-14 14:00:00+05:30,long,long_vwap,volume,3,8,2026-08-14T14:00:14+05:30,2026-08-14T14:00:28+05:30,b3620733,ohlc4-distance-from-open-v1
2026-08-14 14:00:00+05:30,short,short,pullback,3,150,2026-08-14T14:00:14+05:30,2026-08-14T14:05:12+05:30,b3620733,ohlc4-distance-from-open-v1
2026-08-14 14:00:00+05:30,short,short,rejection,3,150,2026-08-14T14:00:14+05:30,2026-08-14T14:05:12+05:30,b3620733,ohlc4-distance-from-open-v1
2026-08-14 14:00:00+05:30,short,short,trend,3,150,2026-08-14T14:00:14+05:30,2026-08-14T14:05:12+05:30,b3620733,ohlc4-distance-from-open-v1
2026-08-14 14:00:00+05:30,short,short,volume,4,8,2026-08-14T14:00:14+05:30,2026-08-14T14:00:28+05:30,b3620733,ohlc4-distance-from-open-v1
2026-08-14 14:00:00+05:30,short,short_vwap,pullback,3,150,2026-08-14T14:00:14+05:30,2026-08-14T14:05:12+05:30,b3620733,ohlc4-distance-from-open-v1
2026-08-14 14:00:00+05:30,short,short_vwap,rejection,3,150,2026-08-14T14:00:14+05:30,2026-08-14T14:05:12+05:30,b3620733,ohlc4-distance-from-open-v1
2026-08-14 14:00:00+05:30,short,short_vwap,trend,3,150,2026-08-14T14:00:14+05:30,2026-08-14T14:05:12+05:30,b3620733,ohlc4-distance-from-open-v1
2026-08-14 14:00:00+05:30,short,short_vwap,volume,4,8,2026-08-14T14:00:14+05:30,2026-08-14T14:00:28+05:30,b3620733,ohlc4-distance-from-open-v1
2026-08-14 14:05:00+05:30,long,long,pullback,1,150,2026-08-14T14:05:14+05:30,2026-08-14T14:10:12+05:30,b3620733,ohlc4-distance-from-open-v1
2026-08-14 14:05:00+05:30,long,long,rejection,2,75,2026-08-14T14:05:14+05:30,2026-08-14T14:09:58+05:30,b3620733,ohlc4-distance-from-open-v1
2026-08-14 14:05:00+05:30,long,long,volume,3,8,2026-08-14T14:05:14+05:30,2026-08-14T14:05:28+05:30,b3620733,ohlc4-distance-from-open-v1
2026-08-14 14:05:00+05:30,long,long_vwap,pullback,1,150,2026-08-14T14:05:14+05:30,2026-08-14T14:10:12+05:30,b3620733,ohlc4-distance-from-open-v1
2026-08-14 14:05:00+05:30,long,long_vwap,rejection,2,75,2026-08-14T14:05:14+05:30,2026-08-14T14:09:58+05:30,b3620733,ohlc4-distance-from-open-v1
2026-08-14 14:05:00+05:30,long,long_vwap,volume,3,8,2026-08-14T14:05:14+05:30,2026-08-14T14:05:28+05:30,b3620733,ohlc4-distance-from-open-v1
2026-08-14 14:05:00+05:30,short,short,pullback,3,150,2026-08-14T14:05:14+05:30,2026-08-14T14:10:12+05:30,b3620733,ohlc4-distance-from-open-v1
2026-08-14 14:05:00+05:30,short,short,rejection,3,150,2026-08-14T14:05:14+05:30,2026-08-14T14:10:12+05:30,b3620733,ohlc4-distance-from-open-v1
2026-08-14 14:05:00+05:30,short,short,trend,3,150,2026-08-14T14:05:14+05:30,2026-08-14T14:10:12+05:30,b3620733,ohlc4-distance-from-open-v1
2026-08-14 14:05:00+05:30,short,short,volume,4,8,2026-08-14T14:05:14+05:30,2026-08-14T14:05:28+05:30,b3620733,ohlc4-distance-from-open-v1
2026-08-14 14:05:00+05:30,short,short_vwap,pullback,3,150,2026-08-14T14:05:14+05:30,2026-08-14T14:10:12+05:30,b3620733,ohlc4-distance-from-open-v1
2026-08-14 14:05:00+05:30,short,short_vwap,rejection,3,150,2026-08-14T14:05:14+05:30,2026-08-14T14:10:12+05:30,b3620733,ohlc4-distance-from-open-v1
2026-08-14 14:05:00+05:30,short,short_vwap,trend,3,150,2026-08-14T14:05:14+05:30,2026-08-14T14:10:12+05:30,b3620733,ohlc4-distance-from-open-v1
2026-08-14 14:05:00+05:30,short,short_vwap,volume,4,8,2026-08-14T14:05:14+05:30,2026-08-14T14:05:28+05:30,b3620733,ohlc4-distance-from-open-v1
2026-08-14 14:10:00+05:30,long,long,pullback,1,150,2026-08-14T14:10:14+05:30,2026-08-14T14:15:12+05:30,b3620733,ohlc4-distance-from-open-v1
2026-08-14 14:10:00+05:30,long,long,rejection,2,121,2026-08-14T14:10:14+05:30,2026-08-14T14:15:12+05:30,b3620733,ohlc4-distance-from-open-v1
2026-08-14 14:10:00+05:30,long,long,trend,4,52,2026-08-14T14:13:30+05:30,2026-08-14T14:15:12+05:30,b3620733,ohlc4-distance-from-open-v1
2026-08-14 14:10:00+05:30,long,long,volume,2,136,2026-08-14T14:10:14+05:30,2026-08-14T14:15:12+05:30,b3620733,ohlc4-distance-from-open-v1
2026-08-14 14:10:00+05:30,long,long_vwap,pullback,1,150,2026-08-14T14:10:14+05:30,2026-08-14T14:15:12+05:30,b3620733,ohlc4-distance-from-open-v1
2026-08-14 14:10:00+05:30,long,long_vwap,rejection,2,114,2026-08-14T14:10:14+05:30,2026-08-14T14:15:12+05:30,b3620733,ohlc4-distance-from-open-v1
2026-08-14 14:10:00+05:30,long,long_vwap,trend,4,52,2026-08-14T14:13:30+05:30,2026-08-14T14:15:12+05:30,b3620733,ohlc4-distance-from-open-v1
2026-08-14 14:10:00+05:30,long,long_vwap,volume,2,136,2026-08-14T14:10:14+05:30,2026-08-14T14:15:12+05:30,b3620733,ohlc4-distance-from-open-v1
2026-08-14 14:10:00+05:30,short,short,pullback,3,150,2026-08-14T14:10:14+05:30,2026-08-14T14:15:12+05:30,b3620733,ohlc4-distance-from-open-v1
2026-08-14 14:10:00+05:30,short,short,rejection,3,150,2026-08-14T14:10:14+05:30,2026-08-14T14:15:12+05:30,b3620733,ohlc4-distance-from-open-v1
2026-08-14 14:10:00+05:30,short,short,trend,3,150,2026-08-14T14:10:14+05:30,2026-08-14T14:15:12+05:30,b3620733,ohlc4-distance-from-open-v1
2026-08-14 14:10:00+05:30,short,short,volume,4,136,2026-08-14T14:10:14+05:30,2026-08-14T14:15:12+05:30,b3620733,ohlc4-distance-from-open-v1
2026-08-14 14:10:00+05:30,short,short_vwap,pullback,3,150,2026-08-14T14:10:14+05:30,2026-08-14T14:15:12+05:30,b3620733,ohlc4-distance-from-open-v1
2026-08-14 14:10:00+05:30,short,short_vwap,rejection,3,150,2026-08-14T14:10:14+05:30,2026-08-14T14:15:12+05:30,b3620733,ohlc4-distance-from-open-v1
2026-08-14 14:10:00+05:30,short,short_vwap,trend,3,150,2026-08-14T14:10:14+05:30,2026-08-14T14:15:12+05:30,b3620733,ohlc4-distance-from-open-v1
2026-08-14 14:10:00+05:30,short,short_vwap,volume,4,136,2026-08-14T14:10:14+05:30,2026-08-14T14:15:12+05:30,b3620733,ohlc4-distance-from-open-v1
2026-08-14 14:15:00+05:30,long,long,open_interest,4,30,2026-08-14T14:19:14+05:30,2026-08-14T14:20:12+05:30,b3620733,ohlc4-distance-from-open-v1
2026-08-14 14:15:00+05:30,long,long,pullback,3,150,2026-08-14T14:15:14+05:30,2026-08-14T14:20:12+05:30,b3620733,ohlc4-distance-from-open-v1
2026-08-14 14:15:00+05:30,long,long,rejection,3,150,2026-08-14T14:15:14+05:30,2026-08-14T14:20:12+05:30,b3620733,ohlc4-distance-from-open-v1
2026-08-14 14:15:00+05:30,long,long,volume,3,150,2026-08-14T14:15:14+05:30,2026-08-14T14:20:12+05:30,b3620733,ohlc4-distance-from-open-v1
2026-08-14 14:15:00+05:30,long,long_vwap,open_interest,4,30,2026-08-14T14:19:14+05:30,2026-08-14T14:20:12+05:30,b3620733,ohlc4-distance-from-open-v1
2026-08-14 14:15:00+05:30,long,long_vwap,pullback,2,150,2026-08-14T14:15:14+05:30,2026-08-14T14:20:12+05:30,b3620733,ohlc4-distance-from-open-v1
2026-08-14 14:15:00+05:30,long,long_vwap,rejection,3,83,2026-08-14T14:15:14+05:30,2026-08-14T14:20:12+05:30,b3620733,ohlc4-distance-from-open-v1
2026-08-14 14:15:00+05:30,long,long_vwap,volume,2,150,2026-08-14T14:15:14+05:30,2026-08-14T14:20:12+05:30,b3620733,ohlc4-distance-from-open-v1
2026-08-14 14:15:00+05:30,short,short,open_interest,5,30,2026-08-14T14:19:14+05:30,2026-08-14T14:20:12+05:30,b3620733,ohlc4-distance-from-open-v1
2026-08-14 14:15:00+05:30,short,short,pullback,4,150,2026-08-14T14:15:14+05:30,2026-08-14T14:20:12+05:30,b3620733,ohlc4-distance-from-open-v1
2026-08-14 14:15:00+05:30,short,short,rejection,4,150,2026-08-14T14:15:14+05:30,2026-08-14T14:20:12+05:30,b3620733,ohlc4-distance-from-open-v1
2026-08-14 14:15:00+05:30,short,short,trend,4,150,2026-08-14T14:15:14+05:30,2026-08-14T14:20:12+05:30,b3620733,ohlc4-distance-from-open-v1
2026-08-14 14:15:00+05:30,short,short,volume,4,150,2026-08-14T14:15:14+05:30,2026-08-14T14:20:12+05:30,b3620733,ohlc4-distance-from-open-v1
2026-08-14 14:15:00+05:30,short,short_vwap,open_interest,5,30,2026-08-14T14:19:14+05:30,2026-08-14T14:20:12+05:30,b3620733,ohlc4-distance-from-open-v1
2026-08-14 14:15:00+05:30,short,short_vwap,pullback,4,150,2026-08-14T14:15:14+05:30,2026-08-14T14:20:12+05:30,b3620733,ohlc4-distance-from-open-v1
2026-08-14 14:15:00+05:30,short,short_vwap,rejection,4,150,2026-08-14T14:15:14+05:30,2026-08-14T14:20:12+05:30,b3620733,ohlc4-distance-from-open-v1
2026-08-14 14:15:00+05:30,short,short_vwap,trend,4,150,2026-08-14T14:15:14+05:30,2026-08-14T14:20:12+05:30,b3620733,ohlc4-distance-from-open-v1
2026-08-14 14:15:00+05:30,short,short_vwap,volume,4,150,2026-08-14T14:15:14+05:30,2026-08-14T14:20:12+05:30,b3620733,ohlc4-distance-from-open-v1
2026-08-14 14:20:00+05:30,long,long,level,4,45,2026-08-14T14:20:44+05:30,2026-08-14T14:22:28+05:30,b3620733,ohlc4-distance-from-open-v1
2026-08-14 14:20:00+05:30,long,long,pullback,3,142,2026-08-14T14:20:14+05:30,2026-08-14T14:25:12+05:30,b3620733,ohlc4-distance-from-open-v1
2026-08-14 14:20:00+05:30,long,long,rejection,3,134,2026-08-14T14:20:14+05:30,2026-08-14T14:25:12+05:30,b3620733,ohlc4-distance-from-open-v1
2026-08-14 14:20:00+05:30,long,long,trend,3,97,2026-08-14T14:21:30+05:30,2026-08-14T14:24:42+05:30,b3620733,ohlc4-distance-from-open-v1
2026-08-14 14:20:00+05:30,long,long,volume,1,150,2026-08-14T14:20:14+05:30,2026-08-14T14:25:12+05:30,b3620733,ohlc4-distance-from-open-v1
2026-08-14 14:20:00+05:30,long,long_vwap,level,4,45,2026-08-14T14:20:44+05:30,2026-08-14T14:22:28+05:30,b3620733,ohlc4-distance-from-open-v1
2026-08-14 14:20:00+05:30,long,long_vwap,pullback,2,150,2026-08-14T14:20:14+05:30,2026-08-14T14:25:12+05:30,b3620733,ohlc4-distance-from-open-v1
2026-08-14 14:20:00+05:30,long,long_vwap,rejection,3,127,2026-08-14T14:20:14+05:30,2026-08-14T14:25:12+05:30,b3620733,ohlc4-distance-from-open-v1
2026-08-14 14:20:00+05:30,long,long_vwap,trend,3,97,2026-08-14T14:21:30+05:30,2026-08-14T14:24:42+05:30,b3620733,ohlc4-distance-from-open-v1
2026-08-14 14:20:00+05:30,long,long_vwap,volume,2,150,2026-08-14T14:20:14+05:30,2026-08-14T14:25:12+05:30,b3620733,ohlc4-distance-from-open-v1
2026-08-14 14:20:00+05:30,short,short,pullback,4,150,2026-08-14T14:20:14+05:30,2026-08-14T14:25:12+05:30,b3620733,ohlc4-distance-from-open-v1
2026-08-14 14:20:00+05:30,short,short,rejection,4,150,2026-08-14T14:20:14+05:30,2026-08-14T14:25:12+05:30,b3620733,ohlc4-distance-from-open-v1
2026-08-14 14:20:00+05:30,short,short,trend,4,150,2026-08-14T14:20:14+05:30,2026-08-14T14:25:12+05:30,b3620733,ohlc4-distance-from-open-v1
2026-08-14 14:20:00+05:30,short,short,volume,4,150,2026-08-14T14:20:14+05:30,2026-08-14T14:25:12+05:30,b3620733,ohlc4-distance-from-open-v1
2026-08-14 14:20:00+05:30,short,short_vwap,pullback,4,150,2026-08-14T14:20:14+05:30,2026-08-14T14:25:12+05:30,b3620733,ohlc4-distance-from-open-v1
2026-08-14 14:20:00+05:30,short,short_vwap,rejection,4,150,2026-08-14T14:20:14+05:30,2026-08-14T14:25:12+05:30,b3620733,ohlc4-distance-from-open-v1
2026-08-14 14:20:00+05:30,short,short_vwap,trend,4,150,2026-08-14T14:20:14+05:30,2026-08-14T14:25:12+05:30,b3620733,ohlc4-distance-from-open-v1
2026-08-14 14:20:00+05:30,short,short_vwap,volume,4,150,2026-08-14T14:20:14+05:30,2026-08-14T14:25:12+05:30,b3620733,ohlc4-distance-from-open-v1
2026-08-14 14:25:00+05:30,long,long,level,4,82,2026-08-14T14:25:44+05:30,2026-08-14T14:29:42+05:30,b3620733,ohlc4-distance-from-open-v1
2026-08-14 14:25:00+05:30,long,long,pullback,3,150,2026-08-14T14:25:14+05:30,2026-08-14T14:30:12+05:30,b3620733,ohlc4-distance-from-open-v1
2026-08-14 14:25:00+05:30,long,long,rejection,3,150,2026-08-14T14:25:14+05:30,2026-08-14T14:30:12+05:30,b3620733,ohlc4-distance-from-open-v1
2026-08-14 14:25:00+05:30,long,long,volume,3,150,2026-08-14T14:25:14+05:30,2026-08-14T14:30:12+05:30,b3620733,ohlc4-distance-from-open-v1
2026-08-14 14:25:00+05:30,long,long_vwap,level,4,82,2026-08-14T14:25:44+05:30,2026-08-14T14:29:42+05:30,b3620733,ohlc4-distance-from-open-v1
2026-08-14 14:25:00+05:30,long,long_vwap,pullback,3,150,2026-08-14T14:25:14+05:30,2026-08-14T14:30:12+05:30,b3620733,ohlc4-distance-from-open-v1
2026-08-14 14:25:00+05:30,long,long_vwap,rejection,3,150,2026-08-14T14:25:14+05:30,2026-08-14T14:30:12+05:30,b3620733,ohlc4-distance-from-open-v1
2026-08-14 14:25:00+05:30,long,long_vwap,volume,3,150,2026-08-14T14:25:14+05:30,2026-08-14T14:30:12+05:30,b3620733,ohlc4-distance-from-open-v1
2026-08-14 14:25:00+05:30,short,short,pullback,4,150,2026-08-14T14:25:14+05:30,2026-08-14T14:30:12+05:30,b3620733,ohlc4-distance-from-open-v1
2026-08-14 14:25:00+05:30,short,short,rejection,4,150,2026-08-14T14:25:14+05:30,2026-08-14T14:30:12+05:30,b3620733,ohlc4-distance-from-open-v1
2026-08-14 14:25:00+05:30,short,short,trend,4,150,2026-08-14T14:25:14+05:30,2026-08-14T14:30:12+05:30,b3620733,ohlc4-distance-from-open-v1
2026-08-14 14:25:00+05:30,short,short,volume,4,150,2026-08-14T14:25:14+05:30,2026-08-14T14:30:12+05:30,b3620733,ohlc4-distance-from-open-v1
2026-08-14 14:25:00+05:30,short,short_vwap,pullback,4,150,2026-08-14T14:25:14+05:30,2026-08-14T14:30:12+05:30,b3620733,ohlc4-distance-from-open-v1
2026-08-14 14:25:00+05:30,short,short_vwap,rejection,4,150,2026-08-14T14:25:14+05:30,2026-08-14T14:30:12+05:30,b3620733,ohlc4-distance-from-open-v1
2026-08-14 14:25:00+05:30,short,short_vwap,trend,4,150,2026-08-14T14:25:14+05:30,2026-08-14T14:30:12+05:30,b3620733,ohlc4-distance-from-open-v1
2026-08-14 14:25:00+05:30,short,short_vwap,volume,4,150,2026-08-14T14:25:14+05:30,2026-08-14T14:30:12+05:30,b3620733,ohlc4-distance-from-open-v1
2026-08-14 14:30:00+05:30,long,long,level,1,45,2026-08-14T14:31:44+05:30,2026-08-14T14:35:12+05:30,b3620733,ohlc4-distance-from-open-v1
2026-08-14 14:30:00+05:30,long,long,open_interest,2,30,2026-08-14T14:34:14+05:30,2026-08-14T14:35:12+05:30,b3620733,ohlc4-distance-from-open-v1
2026-08-14 14:30:00+05:30,long,long,pullback,3,23,2026-08-14T14:30:14+05:30,2026-08-14T14:30:58+05:30,b3620733,ohlc4-distance-from-open-v1
2026-08-14 14:30:00+05:30,long,long,rejection,1,45,2026-08-14T14:30:14+05:30,2026-08-14T14:31:42+05:30,b3620733,ohlc4-distance-from-open-v1
2026-08-14 14:30:00+05:30,long,long,volume,1,122,2026-08-14T14:30:14+05:30,2026-08-14T14:35:12+05:30,b3620733,ohlc4-distance-from-open-v1
2026-08-14 14:30:00+05:30,long,long_vwap,level,2,45,2026-08-14T14:31:44+05:30,2026-08-14T14:35:12+05:30,b3620733,ohlc4-distance-from-open-v1
2026-08-14 14:30:00+05:30,long,long_vwap,open_interest,3,30,2026-08-14T14:34:14+05:30,2026-08-14T14:35:12+05:30,b3620733,ohlc4-distance-from-open-v1
2026-08-14 14:30:00+05:30,long,long_vwap,pullback,2,150,2026-08-14T14:30:14+05:30,2026-08-14T14:35:12+05:30,b3620733,ohlc4-distance-from-open-v1
2026-08-14 14:30:00+05:30,long,long_vwap,rejection,2,53,2026-08-14T14:30:14+05:30,2026-08-14T14:35:12+05:30,b3620733,ohlc4-distance-from-open-v1
2026-08-14 14:30:00+05:30,long,long_vwap,volume,2,122,2026-08-14T14:30:14+05:30,2026-08-14T14:35:12+05:30,b3620733,ohlc4-distance-from-open-v1
2026-08-14 14:30:00+05:30,short,short,open_interest,5,30,2026-08-14T14:34:14+05:30,2026-08-14T14:35:12+05:30,b3620733,ohlc4-distance-from-open-v1
2026-08-14 14:30:00+05:30,short,short,pullback,3,142,2026-08-14T14:30:14+05:30,2026-08-14T14:35:12+05:30,b3620733,ohlc4-distance-from-open-v1
2026-08-14 14:30:00+05:30,short,short,rejection,3,142,2026-08-14T14:30:14+05:30,2026-08-14T14:35:12+05:30,b3620733,ohlc4-distance-from-open-v1
2026-08-14 14:30:00+05:30,short,short,trend,2,150,2026-08-14T14:30:14+05:30,2026-08-14T14:35:12+05:30,b3620733,ohlc4-distance-from-open-v1
2026-08-14 14:30:00+05:30,short,short,volume,2,122,2026-08-14T14:30:14+05:30,2026-08-14T14:35:12+05:30,b3620733,ohlc4-distance-from-open-v1
2026-08-14 14:30:00+05:30,short,short_vwap,open_interest,5,30,2026-08-14T14:34:14+05:30,2026-08-14T14:35:12+05:30,b3620733,ohlc4-distance-from-open-v1
2026-08-14 14:30:00+05:30,short,short_vwap,pullback,3,150,2026-08-14T14:30:14+05:30,2026-08-14T14:35:12+05:30,b3620733,ohlc4-distance-from-open-v1
2026-08-14 14:30:00+05:30,short,short_vwap,rejection,3,150,2026-08-14T14:30:14+05:30,2026-08-14T14:35:12+05:30,b3620733,ohlc4-distance-from-open-v1
2026-08-14 14:30:00+05:30,short,short_vwap,trend,3,150,2026-08-14T14:30:14+05:30,2026-08-14T14:35:12+05:30,b3620733,ohlc4-distance-from-open-v1
2026-08-14 14:30:00+05:30,short,short_vwap,volume,4,122,2026-08-14T14:30:14+05:30,2026-08-14T14:35:12+05:30,b3620733,ohlc4-distance-from-open-v1
2026-08-14 14:35:00+05:30,long,long,level,3,104,2026-08-14T14:35:14+05:30,2026-08-14T14:40:12+05:30,b3620733,ohlc4-distance-from-open-v1
2026-08-14 14:35:00+05:30,long,long,open_interest,2,30,2026-08-14T14:39:14+05:30,2026-08-14T14:40:12+05:30,b3620733,ohlc4-distance-from-open-v1
2026-08-14 14:35:00+05:30,long,long,pullback,3,97,2026-08-14T14:35:14+05:30,2026-08-14T14:38:42+05:30,b3620733,ohlc4-distance-from-open-v1
2026-08-14 14:35:00+05:30,long,long,rejection,4,89,2026-08-14T14:35:14+05:30,2026-08-14T14:40:12+05:30,b3620733,ohlc4-distance-from-open-v1
2026-08-14 14:35:00+05:30,long,long,trend,4,60,2026-08-14T14:37:44+05:30,2026-08-14T14:39:42+05:30,b3620733,ohlc4-distance-from-open-v1
2026-08-14 14:35:00+05:30,long,long,volume,1,150,2026-08-14T14:35:14+05:30,2026-08-14T14:40:12+05:30,b3620733,ohlc4-distance-from-open-v1
2026-08-14 14:35:00+05:30,long,long_vwap,level,3,104,2026-08-14T14:35:14+05:30,2026-08-14T14:40:12+05:30,b3620733,ohlc4-distance-from-open-v1
2026-08-14 14:35:00+05:30,long,long_vwap,open_interest,3,30,2026-08-14T14:39:14+05:30,2026-08-14T14:40:12+05:30,b3620733,ohlc4-distance-from-open-v1
2026-08-14 14:35:00+05:30,long,long_vwap,pullback,2,150,2026-08-14T14:35:14+05:30,2026-08-14T14:40:12+05:30,b3620733,ohlc4-distance-from-open-v1
2026-08-14 14:35:00+05:30,long,long_vwap,rejection,4,111,2026-08-14T14:35:14+05:30,2026-08-14T14:40:12+05:30,b3620733,ohlc4-distance-from-open-v1
2026-08-14 14:35:00+05:30,long,long_vwap,trend,4,60,2026-08-14T14:37:44+05:30,2026-08-14T14:39:42+05:30,b3620733,ohlc4-distance-from-open-v1
2026-08-14 14:35:00+05:30,long,long_vwap,volume,2,150,2026-08-14T14:35:14+05:30,2026-08-14T14:40:12+05:30,b3620733,ohlc4-distance-from-open-v1
2026-08-14 14:35:00+05:30,short,short,open_interest,5,30,2026-08-14T14:39:14+05:30,2026-08-14T14:40:12+05:30,b3620733,ohlc4-distance-from-open-v1
2026-08-14 14:35:00+05:30,short,short,pullback,4,143,2026-08-14T14:35:14+05:30,2026-08-14T14:40:12+05:30,b3620733,ohlc4-distance-from-open-v1
2026-08-14 14:35:00+05:30,short,short,rejection,4,143,2026-08-14T14:35:14+05:30,2026-08-14T14:40:12+05:30,b3620733,ohlc4-distance-from-open-v1
2026-08-14 14:35:00+05:30,short,short,trend,2,150,2026-08-14T14:35:14+05:30,2026-08-14T14:40:12+05:30,b3620733,ohlc4-distance-from-open-v1
2026-08-14 14:35:00+05:30,short,short,volume,2,150,2026-08-14T14:35:14+05:30,2026-08-14T14:40:12+05:30,b3620733,ohlc4-distance-from-open-v1
2026-08-14 14:35:00+05:30,short,short_vwap,open_interest,5,30,2026-08-14T14:39:14+05:30,2026-08-14T14:40:12+05:30,b3620733,ohlc4-distance-from-open-v1
2026-08-14 14:35:00+05:30,short,short_vwap,pullback,4,150,2026-08-14T14:35:14+05:30,2026-08-14T14:40:12+05:30,b3620733,ohlc4-distance-from-open-v1
2026-08-14 14:35:00+05:30,short,short_vwap,rejection,4,150,2026-08-14T14:35:14+05:30,2026-08-14T14:40:12+05:30,b3620733,ohlc4-distance-from-open-v1
2026-08-14 14:35:00+05:30,short,short_vwap,trend,4,150,2026-08-14T14:35:14+05:30,2026-08-14T14:40:12+05:30,b3620733,ohlc4-distance-from-open-v1
2026-08-14 14:35:00+05:30,short,short_vwap,volume,4,150,2026-08-14T14:35:14+05:30,2026-08-14T14:40:12+05:30,b3620733,ohlc4-distance-from-open-v1
2026-08-14 14:40:00+05:30,long,long,level,1,68,2026-08-14T14:40:14+05:30,2026-08-14T14:42:42+05:30,b3620733,ohlc4-distance-from-open-v1
2026-08-14 14:40:00+05:30,long,long,open_interest,4,30,2026-08-14T14:44:14+05:30,2026-08-14T14:45:12+05:30,b3620733,ohlc4-distance-from-open-v1
2026-08-14 14:40:00+05:30,long,long,pullback,2,61,2026-08-14T14:40:14+05:30,2026-08-14T14:45:12+05:30,b3620733,ohlc4-distance-from-open-v1
2026-08-14 14:40:00+05:30,long,long,rejection,3,60,2026-08-14T14:40:14+05:30,2026-08-14T14:45:12+05:30,b3620733,ohlc4-distance-from-open-v1
2026-08-14 14:40:00+05:30,long,long,trend,4,45,2026-08-14T14:43:44+05:30,2026-08-14T14:45:12+05:30,b3620733,ohlc4-distance-from-open-v1
2026-08-14 14:40:00+05:30,long,long,volume,1,107,2026-08-14T14:40:14+05:30,2026-08-14T14:45:12+05:30,b3620733,ohlc4-distance-from-open-v1
2026-08-14 14:40:00+05:30,long,long_vwap,level,2,68,2026-08-14T14:40:14+05:30,2026-08-14T14:42:42+05:30,b3620733,ohlc4-distance-from-open-v1
2026-08-14 14:40:00+05:30,long,long_vwap,open_interest,5,30,2026-08-14T14:44:14+05:30,2026-08-14T14:45:12+05:30,b3620733,ohlc4-distance-from-open-v1
2026-08-14 14:40:00+05:30,long,long_vwap,pullback,2,150,2026-08-14T14:40:14+05:30,2026-08-14T14:45:12+05:30,b3620733,ohlc4-distance-from-open-v1
2026-08-14 14:40:00+05:30,long,long_vwap,rejection,3,60,2026-08-14T14:40:14+05:30,2026-08-14T14:45:12+05:30,b3620733,ohlc4-distance-from-open-v1
2026-08-14 14:40:00+05:30,long,long_vwap,trend,4,45,2026-08-14T14:43:44+05:30,2026-08-14T14:45:12+05:30,b3620733,ohlc4-distance-from-open-v1
2026-08-14 14:40:00+05:30,long,long_vwap,volume,2,107,2026-08-14T14:40:14+05:30,2026-08-14T14:45:12+05:30,b3620733,ohlc4-distance-from-open-v1
2026-08-14 14:40:00+05:30,short,short,open_interest,3,30,2026-08-14T14:44:14+05:30,2026-08-14T14:45:12+05:30,b3620733,ohlc4-distance-from-open-v1
2026-08-14 14:40:00+05:30,short,short,pullback,3,135,2026-08-14T14:40:14+05:30,2026-08-14T14:44:42+05:30,b3620733,ohlc4-distance-from-open-v1
2026-08-14 14:40:00+05:30,short,short,rejection,3,135,2026-08-14T14:40:14+05:30,2026-08-14T14:44:42+05:30,b3620733,ohlc4-distance-from-open-v1
2026-08-14 14:40:00+05:30,short,short,trend,3,150,2026-08-14T14:40:14+05:30,2026-08-14T14:45:12+05:30,b3620733,ohlc4-distance-from-open-v1
2026-08-14 14:40:00+05:30,short,short,volume,3,107,2026-08-14T14:40:14+05:30,2026-08-14T14:45:12+05:30,b3620733,ohlc4-distance-from-open-v1
2026-08-14 14:40:00+05:30,short,short_vwap,open_interest,5,30,2026-08-14T14:44:14+05:30,2026-08-14T14:45:12+05:30,b3620733,ohlc4-distance-from-open-v1
2026-08-14 14:40:00+05:30,short,short_vwap,pullback,3,150,2026-08-14T14:40:14+05:30,2026-08-14T14:45:12+05:30,b3620733,ohlc4-distance-from-open-v1
2026-08-14 14:40:00+05:30,short,short_vwap,rejection,3,150,2026-08-14T14:40:14+05:30,2026-08-14T14:45:12+05:30,b3620733,ohlc4-distance-from-open-v1
2026-08-14 14:40:00+05:30,short,short_vwap,trend,3,150,2026-08-14T14:40:14+05:30,2026-08-14T14:45:12+05:30,b3620733,ohlc4-distance-from-open-v1
2026-08-14 14:40:00+05:30,short,short_vwap,volume,4,107,2026-08-14T14:40:14+05:30,2026-08-14T14:45:12+05:30,b3620733,ohlc4-distance-from-open-v1
2026-08-14 14:45:00+05:30,long,long,level,3,24,2026-08-14T14:45:44+05:30,2026-08-14T14:48:58+05:30,b3620733,ohlc4-distance-from-open-v1
2026-08-14 14:45:00+05:30,long,long,pullback,4,126,2026-08-14T14:45:14+05:30,2026-08-14T14:50:12+05:30,b3620733,ohlc4-distance-from-open-v1
2026-08-14 14:45:00+05:30,long,long,rejection,4,126,2026-08-14T14:45:14+05:30,2026-08-14T14:50:12+05:30,b3620733,ohlc4-distance-from-open-v1
2026-08-14 14:45:00+05:30,long,long,trend,3,150,2026-08-14T14:45:14+05:30,2026-08-14T14:50:12+05:30,b3620733,ohlc4-distance-from-open-v1
2026-08-14 14:45:00+05:30,long,long,volume,3,150,2026-08-14T14:45:14+05:30,2026-08-14T14:50:12+05:30,b3620733,ohlc4-distance-from-open-v1
2026-08-14 14:45:00+05:30,long,long_vwap,level,4,24,2026-08-14T14:45:44+05:30,2026-08-14T14:48:58+05:30,b3620733,ohlc4-distance-from-open-v1
2026-08-14 14:45:00+05:30,long,long_vwap,pullback,4,150,2026-08-14T14:45:14+05:30,2026-08-14T14:50:12+05:30,b3620733,ohlc4-distance-from-open-v1
2026-08-14 14:45:00+05:30,long,long_vwap,rejection,4,126,2026-08-14T14:45:14+05:30,2026-08-14T14:50:12+05:30,b3620733,ohlc4-distance-from-open-v1
2026-08-14 14:45:00+05:30,long,long_vwap,trend,4,150,2026-08-14T14:45:14+05:30,2026-08-14T14:50:12+05:30,b3620733,ohlc4-distance-from-open-v1
2026-08-14 14:45:00+05:30,long,long_vwap,volume,4,150,2026-08-14T14:45:14+05:30,2026-08-14T14:50:12+05:30,b3620733,ohlc4-distance-from-open-v1
2026-08-14 14:45:00+05:30,short,short,pullback,4,39,2026-08-14T14:45:14+05:30,2026-08-14T14:48:58+05:30,b3620733,ohlc4-distance-from-open-v1
2026-08-14 14:45:00+05:30,short,short,rejection,4,39,2026-08-14T14:45:14+05:30,2026-08-14T14:48:58+05:30,b3620733,ohlc4-distance-from-open-v1
2026-08-14 14:45:00+05:30,short,short,trend,2,150,2026-08-14T14:45:14+05:30,2026-08-14T14:50:12+05:30,b3620733,ohlc4-distance-from-open-v1
2026-08-14 14:45:00+05:30,short,short,volume,2,150,2026-08-14T14:45:14+05:30,2026-08-14T14:50:12+05:30,b3620733,ohlc4-distance-from-open-v1
2026-08-14 14:45:00+05:30,short,short_vwap,pullback,4,150,2026-08-14T14:45:14+05:30,2026-08-14T14:50:12+05:30,b3620733,ohlc4-distance-from-open-v1
2026-08-14 14:45:00+05:30,short,short_vwap,rejection,4,150,2026-08-14T14:45:14+05:30,2026-08-14T14:50:12+05:30,b3620733,ohlc4-distance-from-open-v1
2026-08-14 14:45:00+05:30,short,short_vwap,trend,4,150,2026-08-14T14:45:14+05:30,2026-08-14T14:50:12+05:30,b3620733,ohlc4-distance-from-open-v1
2026-08-14 14:45:00+05:30,short,short_vwap,volume,4,150,2026-08-14T14:45:14+05:30,2026-08-14T14:50:12+05:30,b3620733,ohlc4-distance-from-open-v1
2026-08-14 14:50:00+05:30,long,long,level,3,53,2026-08-14T14:51:44+05:30,2026-08-14T14:54:42+05:30,b3620733,ohlc4-distance-from-open-v1
2026-08-14 14:50:00+05:30,long,long,pullback,4,45,2026-08-14T14:50:14+05:30,2026-08-14T14:51:42+05:30,b3620733,ohlc4-distance-from-open-v1
2026-08-14 14:50:00+05:30,long,long,rejection,2,150,2026-08-14T14:50:14+05:30,2026-08-14T14:55:12+05:30,b3620733,ohlc4-distance-from-open-v1
2026-08-14 14:50:00+05:30,long,long,trend,4,53,2026-08-14T14:50:14+05:30,2026-08-14T14:51:58+05:30,b3620733,ohlc4-distance-from-open-v1
2026-08-14 14:50:00+05:30,long,long,volume,2,150,2026-08-14T14:50:14+05:30,2026-08-14T14:55:12+05:30,b3620733,ohlc4-distance-from-open-v1
2026-08-14 14:50:00+05:30,long,long_vwap,level,3,53,2026-08-14T14:51:44+05:30,2026-08-14T14:54:42+05:30,b3620733,ohlc4-distance-from-open-v1
2026-08-14 14:50:00+05:30,long,long_vwap,pullback,2,150,2026-08-14T14:50:14+05:30,2026-08-14T14:55:12+05:30,b3620733,ohlc4-distance-from-open-v1
2026-08-14 14:50:00+05:30,long,long_vwap,rejection,4,37,2026-08-14T14:50:14+05:30,2026-08-14T14:51:42+05:30,b3620733,ohlc4-distance-from-open-v1
2026-08-14 14:50:00+05:30,long,long_vwap,trend,3,53,2026-08-14T14:50:14+05:30,2026-08-14T14:51:58+05:30,b3620733,ohlc4-distance-from-open-v1
2026-08-14 14:50:00+05:30,long,long_vwap,volume,2,150,2026-08-14T14:50:14+05:30,2026-08-14T14:55:12+05:30,b3620733,ohlc4-distance-from-open-v1
2026-08-14 14:50:00+05:30,short,short,pullback,4,150,2026-08-14T14:50:14+05:30,2026-08-14T14:55:12+05:30,b3620733,ohlc4-distance-from-open-v1
2026-08-14 14:50:00+05:30,short,short,rejection,4,150,2026-08-14T14:50:14+05:30,2026-08-14T14:55:12+05:30,b3620733,ohlc4-distance-from-open-v1
2026-08-14 14:50:00+05:30,short,short,trend,4,150,2026-08-14T14:50:14+05:30,2026-08-14T14:55:12+05:30,b3620733,ohlc4-distance-from-open-v1
2026-08-14 14:50:00+05:30,short,short,volume,4,150,2026-08-14T14:50:14+05:30,2026-08-14T14:55:12+05:30,b3620733,ohlc4-distance-from-open-v1
2026-08-14 14:50:00+05:30,short,short_vwap,pullback,4,150,2026-08-14T14:50:14+05:30,2026-08-14T14:55:12+05:30,b3620733,ohlc4-distance-from-open-v1
2026-08-14 14:50:00+05:30,short,short_vwap,rejection,4,150,2026-08-14T14:50:14+05:30,2026-08-14T14:55:12+05:30,b3620733,ohlc4-distance-from-open-v1
2026-08-14 14:50:00+05:30,short,short_vwap,trend,4,150,2026-08-14T14:50:14+05:30,2026-08-14T14:55:12+05:30,b3620733,ohlc4-distance-from-open-v1
2026-08-14 14:50:00+05:30,short,short_vwap,volume,4,150,2026-08-14T14:50:14+05:30,2026-08-14T14:55:12+05:30,b3620733,ohlc4-distance-from-open-v1
2026-08-14 14:55:00+05:30,long,long,level,3,67,2026-08-14T14:55:44+05:30,2026-08-14T14:58:42+05:30,b3620733,ohlc4-distance-from-open-v1
2026-08-14 14:55:00+05:30,long,long,pullback,3,53,2026-08-14T14:55:14+05:30,2026-08-14T14:56:58+05:30,b3620733,ohlc4-distance-from-open-v1
2026-08-14 14:55:00+05:30,long,long,rejection,2,142,2026-08-14T14:55:14+05:30,2026-08-14T15:00:12+05:30,b3620733,ohlc4-distance-from-open-v1
2026-08-14 14:55:00+05:30,long,long,volume,1,150,2026-08-14T14:55:14+05:30,2026-08-14T15:00:12+05:30,b3620733,ohlc4-distance-from-open-v1
2026-08-14 14:55:00+05:30,long,long_vwap,level,4,67,2026-08-14T14:55:44+05:30,2026-08-14T14:58:42+05:30,b3620733,ohlc4-distance-from-open-v1
2026-08-14 14:55:00+05:30,long,long_vwap,pullback,2,150,2026-08-14T14:55:14+05:30,2026-08-14T15:00:12+05:30,b3620733,ohlc4-distance-from-open-v1
2026-08-14 14:55:00+05:30,long,long_vwap,rejection,3,142,2026-08-14T14:55:14+05:30,2026-08-14T15:00:12+05:30,b3620733,ohlc4-distance-from-open-v1
2026-08-14 14:55:00+05:30,long,long_vwap,volume,2,150,2026-08-14T14:55:14+05:30,2026-08-14T15:00:12+05:30,b3620733,ohlc4-distance-from-open-v1
2026-08-14 14:55:00+05:30,short,short,pullback,4,142,2026-08-14T14:55:14+05:30,2026-08-14T15:00:12+05:30,b3620733,ohlc4-distance-from-open-v1
2026-08-14 14:55:00+05:30,short,short,rejection,3,150,2026-08-14T14:55:14+05:30,2026-08-14T15:00:12+05:30,b3620733,ohlc4-distance-from-open-v1
2026-08-14 14:55:00+05:30,short,short,trend,3,150,2026-08-14T14:55:14+05:30,2026-08-14T15:00:12+05:30,b3620733,ohlc4-distance-from-open-v1
2026-08-14 14:55:00+05:30,short,short,volume,3,150,2026-08-14T14:55:14+05:30,2026-08-14T15:00:12+05:30,b3620733,ohlc4-distance-from-open-v1
2026-08-14 14:55:00+05:30,short,short_vwap,pullback,4,150,2026-08-14T14:55:14+05:30,2026-08-14T15:00:12+05:30,b3620733,ohlc4-distance-from-open-v1
2026-08-14 14:55:00+05:30,short,short_vwap,rejection,4,150,2026-08-14T14:55:14+05:30,2026-08-14T15:00:12+05:30,b3620733,ohlc4-distance-from-open-v1
2026-08-14 14:55:00+05:30,short,short_vwap,trend,4,150,2026-08-14T14:55:14+05:30,2026-08-14T15:00:12+05:30,b3620733,ohlc4-distance-from-open-v1
2026-08-14 14:55:00+05:30,short,short_vwap,volume,4,150,2026-08-14T14:55:14+05:30,2026-08-14T15:00:12+05:30,b3620733,ohlc4-distance-from-open-v1
2026-08-14 15:00:00+05:30,long,long,level,2,23,2026-08-14T15:01:44+05:30,2026-08-14T15:05:12+05:30,b3620733,ohlc4-distance-from-open-v1
2026-08-14 15:00:00+05:30,long,long,open_interest,3,30,2026-08-14T15:04:14+05:30,2026-08-14T15:05:12+05:30,b3620733,ohlc4-distance-from-open-v1
2026-08-14 15:00:00+05:30,long,long,pullback,3,119,2026-08-14T15:00:14+05:30,2026-08-14T15:04:42+05:30,b3620733,ohlc4-distance-from-open-v1
2026-08-14 15:00:00+05:30,long,long,rejection,3,119,2026-08-14T15:00:14+05:30,2026-08-14T15:04:42+05:30,b3620733,ohlc4-distance-from-open-v1
2026-08-14 15:00:00+05:30,long,long,trend,3,75,2026-08-14T15:02:44+05:30,2026-08-14T15:05:12+05:30,b3620733,ohlc4-distance-from-open-v1
2026-08-14 15:00:00+05:30,long,long,volume,1,83,2026-08-14T15:00:14+05:30,2026-08-14T15:02:58+05:30,b3620733,ohlc4-distance-from-open-v1
2026-08-14 15:00:00+05:30,long,long_vwap,level,3,23,2026-08-14T15:01:44+05:30,2026-08-14T15:05:12+05:30,b3620733,ohlc4-distance-from-open-v1
2026-08-14 15:00:00+05:30,long,long_vwap,open_interest,4,30,2026-08-14T15:04:14+05:30,2026-08-14T15:05:12+05:30,b3620733,ohlc4-distance-from-open-v1
2026-08-14 15:00:00+05:30,long,long_vwap,pullback,2,150,2026-08-14T15:00:14+05:30,2026-08-14T15:05:12+05:30,b3620733,ohlc4-distance-from-open-v1
2026-08-14 15:00:00+05:30,long,long_vwap,rejection,3,119,2026-08-14T15:00:14+05:30,2026-08-14T15:04:42+05:30,b3620733,ohlc4-distance-from-open-v1
2026-08-14 15:00:00+05:30,long,long_vwap,trend,3,75,2026-08-14T15:02:44+05:30,2026-08-14T15:05:12+05:30,b3620733,ohlc4-distance-from-open-v1
2026-08-14 15:00:00+05:30,long,long_vwap,volume,2,83,2026-08-14T15:00:14+05:30,2026-08-14T15:02:58+05:30,b3620733,ohlc4-distance-from-open-v1
2026-08-14 15:00:00+05:30,short,short,open_interest,2,30,2026-08-14T15:04:14+05:30,2026-08-14T15:05:12+05:30,b3620733,ohlc4-distance-from-open-v1
2026-08-14 15:00:00+05:30,short,short,pullback,4,39,2026-08-14T15:00:14+05:30,2026-08-14T15:05:12+05:30,b3620733,ohlc4-distance-from-open-v1
2026-08-14 15:00:00+05:30,short,short,rejection,3,46,2026-08-14T15:00:14+05:30,2026-08-14T15:05:12+05:30,b3620733,ohlc4-distance-from-open-v1
2026-08-14 15:00:00+05:30,short,short,trend,1,150,2026-08-14T15:00:14+05:30,2026-08-14T15:05:12+05:30,b3620733,ohlc4-distance-from-open-v1
2026-08-14 15:00:00+05:30,short,short,volume,2,83,2026-08-14T15:00:14+05:30,2026-08-14T15:02:58+05:30,b3620733,ohlc4-distance-from-open-v1
2026-08-14 15:00:00+05:30,short,short_vwap,open_interest,4,30,2026-08-14T15:04:14+05:30,2026-08-14T15:05:12+05:30,b3620733,ohlc4-distance-from-open-v1
2026-08-14 15:00:00+05:30,short,short_vwap,pullback,3,150,2026-08-14T15:00:14+05:30,2026-08-14T15:05:12+05:30,b3620733,ohlc4-distance-from-open-v1
2026-08-14 15:00:00+05:30,short,short_vwap,rejection,3,150,2026-08-14T15:00:14+05:30,2026-08-14T15:05:12+05:30,b3620733,ohlc4-distance-from-open-v1
2026-08-14 15:00:00+05:30,short,short_vwap,trend,3,150,2026-08-14T15:00:14+05:30,2026-08-14T15:05:12+05:30,b3620733,ohlc4-distance-from-open-v1
2026-08-14 15:00:00+05:30,short,short_vwap,volume,4,83,2026-08-14T15:00:14+05:30,2026-08-14T15:02:58+05:30,b3620733,ohlc4-distance-from-open-v1
2026-08-14 15:05:00+05:30,long,long,level,5,15,2026-08-14T15:05:14+05:30,2026-08-14T15:05:42+05:30,b3620733,ohlc4-distance-from-open-v1
2026-08-14 15:05:00+05:30,long,long,open_interest,4,30,2026-08-14T15:09:14+05:30,2026-08-14T15:10:12+05:30,b3620733,ohlc4-distance-from-open-v1
2026-08-14 15:05:00+05:30,long,long,pullback,2,150,2026-08-14T15:05:14+05:30,2026-08-14T15:10:12+05:30,b3620733,ohlc4-distance-from-open-v1
2026-08-14 15:05:00+05:30,long,long,rejection,2,150,2026-08-14T15:05:14+05:30,2026-08-14T15:10:12+05:30,b3620733,ohlc4-distance-from-open-v1
2026-08-14 15:05:00+05:30,long,long,trend,3,75,2026-08-14T15:05:14+05:30,2026-08-14T15:07:42+05:30,b3620733,ohlc4-distance-from-open-v1
2026-08-14 15:05:00+05:30,long,long,volume,3,95,2026-08-14T15:05:14+05:30,2026-08-14T15:10:12+05:30,b3620733,ohlc4-distance-from-open-v1
2026-08-14 15:05:00+05:30,long,long_vwap,level,4,15,2026-08-14T15:05:14+05:30,2026-08-14T15:05:42+05:30,b3620733,ohlc4-distance-from-open-v1
2026-08-14 15:05:00+05:30,long,long_vwap,open_interest,3,30,2026-08-14T15:09:14+05:30,2026-08-14T15:10:12+05:30,b3620733,ohlc4-distance-from-open-v1
2026-08-14 15:05:00+05:30,long,long_vwap,pullback,2,135,2026-08-14T15:05:14+05:30,2026-08-14T15:09:42+05:30,b3620733,ohlc4-distance-from-open-v1
2026-08-14 15:05:00+05:30,long,long_vwap,rejection,2,143,2026-08-14T15:05:14+05:30,2026-08-14T15:10:12+05:30,b3620733,ohlc4-distance-from-open-v1
2026-08-14 15:05:00+05:30,long,long_vwap,trend,3,75,2026-08-14T15:05:14+05:30,2026-08-14T15:07:42+05:30,b3620733,ohlc4-distance-from-open-v1
2026-08-14 15:05:00+05:30,long,long_vwap,volume,3,95,2026-08-14T15:05:14+05:30,2026-08-14T15:10:12+05:30,b3620733,ohlc4-distance-from-open-v1
2026-08-14 15:05:00+05:30,short,short,open_interest,3,30,2026-08-14T15:09:14+05:30,2026-08-14T15:10:12+05:30,b3620733,ohlc4-distance-from-open-v1
2026-08-14 15:05:00+05:30,short,short,pullback,4,15,2026-08-14T15:05:14+05:30,2026-08-14T15:05:42+05:30,b3620733,ohlc4-distance-from-open-v1
2026-08-14 15:05:00+05:30,short,short,rejection,4,15,2026-08-14T15:05:14+05:30,2026-08-14T15:05:42+05:30,b3620733,ohlc4-distance-from-open-v1
2026-08-14 15:05:00+05:30,short,short,trend,1,150,2026-08-14T15:05:14+05:30,2026-08-14T15:10:12+05:30,b3620733,ohlc4-distance-from-open-v1
2026-08-14 15:05:00+05:30,short,short,volume,2,95,2026-08-14T15:05:14+05:30,2026-08-14T15:10:12+05:30,b3620733,ohlc4-distance-from-open-v1
2026-08-14 15:05:00+05:30,short,short_vwap,open_interest,5,30,2026-08-14T15:09:14+05:30,2026-08-14T15:10:12+05:30,b3620733,ohlc4-distance-from-open-v1
2026-08-14 15:05:00+05:30,short,short_vwap,pullback,3,150,2026-08-14T15:05:14+05:30,2026-08-14T15:10:12+05:30,b3620733,ohlc4-distance-from-open-v1
2026-08-14 15:05:00+05:30,short,short_vwap,rejection,3,150,2026-08-14T15:05:14+05:30,2026-08-14T15:10:12+05:30,b3620733,ohlc4-distance-from-open-v1
2026-08-14 15:05:00+05:30,short,short_vwap,trend,3,150,2026-08-14T15:05:14+05:30,2026-08-14T15:10:12+05:30,b3620733,ohlc4-distance-from-open-v1
2026-08-14 15:05:00+05:30,short,short_vwap,volume,4,95,2026-08-14T15:05:14+05:30,2026-08-14T15:10:12+05:30,b3620733,ohlc4-distance-from-open-v1
2026-08-14 15:10:00+05:30,long,long,open_interest,4,30,2026-08-14T15:14:14+05:30,2026-08-14T15:15:12+05:30,b3620733,ohlc4-distance-from-open-v1
2026-08-14 15:10:00+05:30,long,long,pullback,2,143,2026-08-14T15:10:14+05:30,2026-08-14T15:15:12+05:30,b3620733,ohlc4-distance-from-open-v1
2026-08-14 15:10:00+05:30,long,long,rejection,2,143,2026-08-14T15:10:14+05:30,2026-08-14T15:15:12+05:30,b3620733,ohlc4-distance-from-open-v1
2026-08-14 15:10:00+05:30,long,long,trend,3,135,2026-08-14T15:10:14+05:30,2026-08-14T15:15:12+05:30,b3620733,ohlc4-distance-from-open-v1
2026-08-14 15:10:00+05:30,long,long,volume,4,8,2026-08-14T15:10:14+05:30,2026-08-14T15:10:28+05:30,b3620733,ohlc4-distance-from-open-v1
2026-08-14 15:10:00+05:30,long,long_vwap,open_interest,2,30,2026-08-14T15:14:14+05:30,2026-08-14T15:15:12+05:30,b3620733,ohlc4-distance-from-open-v1
2026-08-14 15:10:00+05:30,long,long_vwap,rejection,2,83,2026-08-14T15:10:14+05:30,2026-08-14T15:14:42+05:30,b3620733,ohlc4-distance-from-open-v1
2026-08-14 15:10:00+05:30,long,long_vwap,trend,1,135,2026-08-14T15:10:14+05:30,2026-08-14T15:15:12+05:30,b3620733,ohlc4-distance-from-open-v1
2026-08-14 15:10:00+05:30,long,long_vwap,volume,3,8,2026-08-14T15:10:14+05:30,2026-08-14T15:10:28+05:30,b3620733,ohlc4-distance-from-open-v1
2026-08-14 15:10:00+05:30,short,short,open_interest,2,30,2026-08-14T15:14:14+05:30,2026-08-14T15:15:12+05:30,b3620733,ohlc4-distance-from-open-v1
2026-08-14 15:10:00+05:30,short,short,pullback,3,45,2026-08-14T15:10:14+05:30,2026-08-14T15:11:42+05:30,b3620733,ohlc4-distance-from-open-v1
2026-08-14 15:10:00+05:30,short,short,rejection,2,113,2026-08-14T15:10:14+05:30,2026-08-14T15:15:12+05:30,b3620733,ohlc4-distance-from-open-v1
2026-08-14 15:10:00+05:30,short,short,trend,1,150,2026-08-14T15:10:14+05:30,2026-08-14T15:15:12+05:30,b3620733,ohlc4-distance-from-open-v1
2026-08-14 15:10:00+05:30,short,short,volume,4,8,2026-08-14T15:10:14+05:30,2026-08-14T15:10:28+05:30,b3620733,ohlc4-distance-from-open-v1
2026-08-14 15:10:00+05:30,short,short_vwap,open_interest,4,30,2026-08-14T15:14:14+05:30,2026-08-14T15:15:12+05:30,b3620733,ohlc4-distance-from-open-v1
2026-08-14 15:10:00+05:30,short,short_vwap,pullback,3,150,2026-08-14T15:10:14+05:30,2026-08-14T15:15:12+05:30,b3620733,ohlc4-distance-from-open-v1
2026-08-14 15:10:00+05:30,short,short_vwap,rejection,3,150,2026-08-14T15:10:14+05:30,2026-08-14T15:15:12+05:30,b3620733,ohlc4-distance-from-open-v1
2026-08-14 15:10:00+05:30,short,short_vwap,trend,3,150,2026-08-14T15:10:14+05:30,2026-08-14T15:15:12+05:30,b3620733,ohlc4-distance-from-open-v1
2026-08-14 15:10:00+05:30,short,short_vwap,volume,4,8,2026-08-14T15:10:14+05:30,2026-08-14T15:10:28+05:30,b3620733,ohlc4-distance-from-open-v1
2026-08-14 15:15:00+05:30,long,long,open_interest,4,30,2026-08-14T15:19:14+05:30,2026-08-14T15:20:12+05:30,b3620733,ohlc4-distance-from-open-v1
2026-08-14 15:15:00+05:30,long,long,pullback,3,150,2026-08-14T15:15:14+05:30,2026-08-14T15:20:12+05:30,b3620733,ohlc4-distance-from-open-v1
2026-08-14 15:15:00+05:30,long,long,rejection,3,150,2026-08-14T15:15:14+05:30,2026-08-14T15:20:12+05:30,b3620733,ohlc4-distance-from-open-v1
2026-08-14 15:15:00+05:30,long,long,trend,3,150,2026-08-14T15:15:14+05:30,2026-08-14T15:20:12+05:30,b3620733,ohlc4-distance-from-open-v1
2026-08-14 15:15:00+05:30,long,long,volume,4,24,2026-08-14T15:15:14+05:30,2026-08-14T15:20:12+05:30,b3620733,ohlc4-distance-from-open-v1
2026-08-14 15:15:00+05:30,long,long_vwap,open_interest,3,30,2026-08-14T15:19:14+05:30,2026-08-14T15:20:12+05:30,b3620733,ohlc4-distance-from-open-v1
2026-08-14 15:15:00+05:30,long,long_vwap,pullback,4,15,2026-08-14T15:15:14+05:30,2026-08-14T15:15:42+05:30,b3620733,ohlc4-distance-from-open-v1
2026-08-14 15:15:00+05:30,long,long_vwap,rejection,2,150,2026-08-14T15:15:14+05:30,2026-08-14T15:20:12+05:30,b3620733,ohlc4-distance-from-open-v1
2026-08-14 15:15:00+05:30,long,long_vwap,trend,2,150,2026-08-14T15:15:14+05:30,2026-08-14T15:20:12+05:30,b3620733,ohlc4-distance-from-open-v1
2026-08-14 15:15:00+05:30,long,long_vwap,volume,4,24,2026-08-14T15:15:14+05:30,2026-08-14T15:20:12+05:30,b3620733,ohlc4-distance-from-open-v1
2026-08-14 15:15:00+05:30,short,short,open_interest,4,30,2026-08-14T15:19:14+05:30,2026-08-14T15:20:12+05:30,b3620733,ohlc4-distance-from-open-v1
2026-08-14 15:15:00+05:30,short,short,pullback,3,150,2026-08-14T15:15:14+05:30,2026-08-14T15:20:12+05:30,b3620733,ohlc4-distance-from-open-v1
2026-08-14 15:15:00+05:30,short,short,rejection,3,150,2026-08-14T15:15:14+05:30,2026-08-14T15:20:12+05:30,b3620733,ohlc4-distance-from-open-v1
2026-08-14 15:15:00+05:30,short,short,trend,3,150,2026-08-14T15:15:14+05:30,2026-08-14T15:20:12+05:30,b3620733,ohlc4-distance-from-open-v1
2026-08-14 15:15:00+05:30,short,short,volume,4,24,2026-08-14T15:15:14+05:30,2026-08-14T15:20:12+05:30,b3620733,ohlc4-distance-from-open-v1
2026-08-14 15:15:00+05:30,short,short_vwap,open_interest,4,30,2026-08-14T15:19:14+05:30,2026-08-14T15:20:12+05:30,b3620733,ohlc4-distance-from-open-v1
2026-08-14 15:15:00+05:30,short,short_vwap,pullback,3,150,2026-08-14T15:15:14+05:30,2026-08-14T15:20:12+05:30,b3620733,ohlc4-distance-from-open-v1
2026-08-14 15:15:00+05:30,short,short_vwap,rejection,3,150,2026-08-14T15:15:14+05:30,2026-08-14T15:20:12+05:30,b3620733,ohlc4-distance-from-open-v1
2026-08-14 15:15:00+05:30,short,short_vwap,trend,3,150,2026-08-14T15:15:14+05:30,2026-08-14T15:20:12+05:30,b3620733,ohlc4-distance-from-open-v1
2026-08-14 15:15:00+05:30,short,short_vwap,volume,4,24,2026-08-14T15:15:14+05:30,2026-08-14T15:20:12+05:30,b3620733,ohlc4-distance-from-open-v1
2026-08-14 15:20:00+05:30,long,long,pullback,4,150,2026-08-14T15:20:14+05:30,2026-08-14T15:25:12+05:30,b3620733,ohlc4-distance-from-open-v1
2026-08-14 15:20:00+05:30,long,long,rejection,4,150,2026-08-14T15:20:14+05:30,2026-08-14T15:25:12+05:30,b3620733,ohlc4-distance-from-open-v1
2026-08-14 15:20:00+05:30,long,long,trend,4,150,2026-08-14T15:20:14+05:30,2026-08-14T15:25:12+05:30,b3620733,ohlc4-distance-from-open-v1
2026-08-14 15:20:00+05:30,long,long,volume,4,150,2026-08-14T15:20:14+05:30,2026-08-14T15:25:12+05:30,b3620733,ohlc4-distance-from-open-v1
2026-08-14 15:20:00+05:30,long,long_vwap,pullback,4,59,2026-08-14T15:21:44+05:30,2026-08-14T15:24:42+05:30,b3620733,ohlc4-distance-from-open-v1
2026-08-14 15:20:00+05:30,long,long_vwap,rejection,3,134,2026-08-14T15:20:14+05:30,2026-08-14T15:25:12+05:30,b3620733,ohlc4-distance-from-open-v1
2026-08-14 15:20:00+05:30,long,long_vwap,trend,2,150,2026-08-14T15:20:14+05:30,2026-08-14T15:25:12+05:30,b3620733,ohlc4-distance-from-open-v1
2026-08-14 15:20:00+05:30,long,long_vwap,volume,2,150,2026-08-14T15:20:14+05:30,2026-08-14T15:25:12+05:30,b3620733,ohlc4-distance-from-open-v1
2026-08-14 15:20:00+05:30,short,short,pullback,3,150,2026-08-14T15:20:14+05:30,2026-08-14T15:25:12+05:30,b3620733,ohlc4-distance-from-open-v1
2026-08-14 15:20:00+05:30,short,short,rejection,4,91,2026-08-14T15:20:14+05:30,2026-08-14T15:23:58+05:30,b3620733,ohlc4-distance-from-open-v1
2026-08-14 15:20:00+05:30,short,short,trend,3,150,2026-08-14T15:20:14+05:30,2026-08-14T15:25:12+05:30,b3620733,ohlc4-distance-from-open-v1
2026-08-14 15:20:00+05:30,short,short,volume,3,150,2026-08-14T15:20:14+05:30,2026-08-14T15:25:12+05:30,b3620733,ohlc4-distance-from-open-v1
2026-08-14 15:20:00+05:30,short,short_vwap,pullback,4,91,2026-08-14T15:20:14+05:30,2026-08-14T15:25:12+05:30,b3620733,ohlc4-distance-from-open-v1
2026-08-14 15:20:00+05:30,short,short_vwap,rejection,4,91,2026-08-14T15:20:14+05:30,2026-08-14T15:25:12+05:30,b3620733,ohlc4-distance-from-open-v1
2026-08-14 15:20:00+05:30,short,short_vwap,trend,2,150,2026-08-14T15:20:14+05:30,2026-08-14T15:25:12+05:30,b3620733,ohlc4-distance-from-open-v1
2026-08-14 15:20:00+05:30,short,short_vwap,volume,2,150,2026-08-14T15:20:14+05:30,2026-08-14T15:25:12+05:30,b3620733,ohlc4-distance-from-open-v1
2026-08-14 15:25:00+05:30,long,long,open_interest,4,24,2026-08-14T15:29:14+05:30,2026-08-14T15:30:00+05:30,b3620733,ohlc4-distance-from-open-v1
2026-08-14 15:25:00+05:30,long,long,pullback,3,144,2026-08-14T15:25:14+05:30,2026-08-14T15:30:00+05:30,b3620733,ohlc4-distance-from-open-v1
2026-08-14 15:25:00+05:30,long,long,rejection,3,144,2026-08-14T15:25:14+05:30,2026-08-14T15:30:00+05:30,b3620733,ohlc4-distance-from-open-v1
2026-08-14 15:25:00+05:30,long,long,trend,3,144,2026-08-14T15:25:14+05:30,2026-08-14T15:30:00+05:30,b3620733,ohlc4-distance-from-open-v1
2026-08-14 15:25:00+05:30,long,long,volume,4,72,2026-08-14T15:25:14+05:30,2026-08-14T15:29:12+05:30,b3620733,ohlc4-distance-from-open-v1
2026-08-14 15:25:00+05:30,long,long_vwap,open_interest,4,24,2026-08-14T15:29:14+05:30,2026-08-14T15:30:00+05:30,b3620733,ohlc4-distance-from-open-v1
2026-08-14 15:25:00+05:30,long,long_vwap,pullback,3,105,2026-08-14T15:25:30+05:30,2026-08-14T15:30:00+05:30,b3620733,ohlc4-distance-from-open-v1
2026-08-14 15:25:00+05:30,long,long_vwap,rejection,3,113,2026-08-14T15:25:14+05:30,2026-08-14T15:30:00+05:30,b3620733,ohlc4-distance-from-open-v1
2026-08-14 15:25:00+05:30,long,long_vwap,trend,1,144,2026-08-14T15:25:14+05:30,2026-08-14T15:30:00+05:30,b3620733,ohlc4-distance-from-open-v1
2026-08-14 15:25:00+05:30,long,long_vwap,volume,2,72,2026-08-14T15:25:14+05:30,2026-08-14T15:29:12+05:30,b3620733,ohlc4-distance-from-open-v1
2026-08-14 15:25:00+05:30,short,short,open_interest,3,24,2026-08-14T15:29:14+05:30,2026-08-14T15:30:00+05:30,b3620733,ohlc4-distance-from-open-v1
2026-08-14 15:25:00+05:30,short,short,pullback,2,144,2026-08-14T15:25:14+05:30,2026-08-14T15:30:00+05:30,b3620733,ohlc4-distance-from-open-v1
2026-08-14 15:25:00+05:30,short,short,rejection,3,46,2026-08-14T15:25:14+05:30,2026-08-14T15:27:58+05:30,b3620733,ohlc4-distance-from-open-v1
2026-08-14 15:25:00+05:30,short,short,trend,2,144,2026-08-14T15:25:14+05:30,2026-08-14T15:30:00+05:30,b3620733,ohlc4-distance-from-open-v1
2026-08-14 15:25:00+05:30,short,short,volume,3,72,2026-08-14T15:25:14+05:30,2026-08-14T15:29:12+05:30,b3620733,ohlc4-distance-from-open-v1
2026-08-14 15:25:00+05:30,short,short_vwap,open_interest,2,24,2026-08-14T15:29:14+05:30,2026-08-14T15:30:00+05:30,b3620733,ohlc4-distance-from-open-v1
2026-08-14 15:25:00+05:30,short,short_vwap,pullback,3,39,2026-08-14T15:25:14+05:30,2026-08-14T15:27:58+05:30,b3620733,ohlc4-distance-from-open-v1
2026-08-14 15:25:00+05:30,short,short_vwap,rejection,3,39,2026-08-14T15:25:14+05:30,2026-08-14T15:27:58+05:30,b3620733,ohlc4-distance-from-open-v1
2026-08-14 15:25:00+05:30,short,short_vwap,trend,1,144,2026-08-14T15:25:14+05:30,2026-08-14T15:30:00+05:30,b3620733,ohlc4-distance-from-open-v1
2026-08-14 15:25:00+05:30,short,short_vwap,volume,2,72,2026-08-14T15:25:14+05:30,2026-08-14T15:29:12+05:30,b3620733,ohlc4-distance-from-open-v1
,long,long,open_interest,5,7,2026-08-14T09:15:00+05:30,2026-08-14T09:15:12+05:30,b3620733,ohlc4-distance-from-open-v1
,long,long,pullback,5,7,2026-08-14T09:15:00+05:30,2026-08-14T09:15:12+05:30,b3620733,ohlc4-distance-from-open-v1
,long,long,rejection,5,7,2026-08-14T09:15:00+05:30,2026-08-14T09:15:12+05:30,b3620733,ohlc4-distance-from-open-v1
,long,long,trend,5,7,2026-08-14T09:15:00+05:30,2026-08-14T09:15:12+05:30,b3620733,ohlc4-distance-from-open-v1
,long,long,volume,5,7,2026-08-14T09:15:00+05:30,2026-08-14T09:15:12+05:30,b3620733,ohlc4-distance-from-open-v1
,long,long_vwap,open_interest,5,7,2026-08-14T09:15:00+05:30,2026-08-14T09:15:12+05:30,b3620733,ohlc4-distance-from-open-v1
,long,long_vwap,pullback,5,7,2026-08-14T09:15:00+05:30,2026-08-14T09:15:12+05:30,b3620733,ohlc4-distance-from-open-v1
,long,long_vwap,rejection,5,7,2026-08-14T09:15:00+05:30,2026-08-14T09:15:12+05:30,b3620733,ohlc4-distance-from-open-v1
,long,long_vwap,trend,5,7,2026-08-14T09:15:00+05:30,2026-08-14T09:15:12+05:30,b3620733,ohlc4-distance-from-open-v1
,long,long_vwap,volume,5,7,2026-08-14T09:15:00+05:30,2026-08-14T09:15:12+05:30,b3620733,ohlc4-distance-from-open-v1
,short,short,open_interest,5,7,2026-08-14T09:15:00+05:30,2026-08-14T09:15:12+05:30,b3620733,ohlc4-distance-from-open-v1
,short,short,pullback,5,7,2026-08-14T09:15:00+05:30,2026-08-14T09:15:12+05:30,b3620733,ohlc4-distance-from-open-v1
,short,short,rejection,5,7,2026-08-14T09:15:00+05:30,2026-08-14T09:15:12+05:30,b3620733,ohlc4-distance-from-open-v1
,short,short,trend,5,7,2026-08-14T09:15:00+05:30,2026-08-14T09:15:12+05:30,b3620733,ohlc4-distance-from-open-v1
,short,short,volume,5,7,2026-08-14T09:15:00+05:30,2026-08-14T09:15:12+05:30,b3620733,ohlc4-distance-from-open-v1
,short,short_vwap,open_interest,5,7,2026-08-14T09:15:00+05:30,2026-08-14T09:15:12+05:30,b3620733,ohlc4-distance-from-open-v1
,short,short_vwap,pullback,5,7,2026-08-14T09:15:00+05:30,2026-08-14T09:15:12+05:30,b3620733,ohlc4-distance-from-open-v1
,short,short_vwap,rejection,5,7,2026-08-14T09:15:00+05:30,2026-08-14T09:15:12+05:30,b3620733,ohlc4-distance-from-open-v1
,short,short_vwap,trend,5,7,2026-08-14T09:15:00+05:30,2026-08-14T09:15:12+05:30,b3620733,ohlc4-distance-from-open-v1
,short,short_vwap,volume,5,7,2026-08-14T09:15:00+05:30,2026-08-14T09:15:12+05:30,b3620733,ohlc4-distance-from-open-v1
